MMSI,# Timestamp,Latitude,Longitude,Navigational status,SOG,COG,Ship type,Width,Length,ts
3638,05/09/2026 12:00:08,55.332265,10.964858,Unknown value,0.0,0.0,Undefined,70.0,30.0,2026-09-05 12:00:08
2190047,05/09/2026 12:00:01,55.697262,12.613707,Unknown value,,,Undefined,,,2026-09-05 12:00:01
2190048,05/09/2026 12:00:03,56.079108,12.129472,Unknown value,,,Undefined,,,2026-09-05 12:00:03
2190049,05/09/2026 12:00:04,55.735817,10.918782,Unknown value,,,Undefined,,,2026-09-05 12:00:04
2190051,05/09/2026 12:00:05,55.052153,11.988528,Unknown value,,,Undefined,,,2026-09-05 12:00:05
2190052,05/09/2026 12:00:02,54.872383,11.196942,Unknown value,,,Undefined,,,2026-09-05 12:00:02
2190068,05/09/2026 12:00:00,56.447255,10.945875,Unknown value,,,Undefined,,,2026-09-05 12:00:00
2190075,05/09/2026 12:00:05,55.027082,10.614563,Unknown value,,,Undefined,,,2026-09-05 12:00:05
2655140,05/09/2026 12:00:00,56.053638,12.70764,Unknown value,,,Undefined,,,2026-09-05 12:00:00
205196000,05/09/2026 12:01:37,54.58597,11.366895,At anchor,0.0,270.4,Other,34.0,83.0,2026-09-05 12:01:37
205210000,05/09/2026 12:00:04,54.621463,11.342585,Restricted maneuverability,0.0,342.8,Other,35.0,94.0,2026-09-05 12:00:04
205214000,05/09/2026 12:02:44,54.638922,11.376343,Moored,0.0,218.2,Other,48.0,130.0,2026-09-05 12:02:44
205354370,05/09/2026 12:01:14,55.307478,10.793328,Unknown value,0.0,,Sailing,4.0,13.0,2026-09-05 12:01:14
205393000,05/09/2026 12:02:47,54.627443,11.340238,At anchor,0.0,196.5,Cargo,22.0,98.0,2026-09-05 12:02:47
205499000,05/09/2026 12:00:29,54.635708,11.38592,Unknown value,0.0,,Dredging,40.0,60.0,2026-09-05 12:00:29
205520000,05/09/2026 12:00:27,54.601462,11.366678,At anchor,0.0,0.5,Other,28.0,127.0,2026-09-05 12:00:27
205602270,05/09/2026 12:00:29,55.81664,10.639632,Unknown value,0.0,,Sailing,4.0,10.0,2026-09-05 12:00:29
209114000,05/09/2026 12:01:05,55.225592,11.754152,Moored,0.0,,Cargo,12.0,89.0,2026-09-05 12:01:05
209239000,05/09/2026 12:00:01,54.537178,10.314692,At anchor,0.4,5.0,Cargo,13.0,87.0,2026-09-05 12:00:01
209325000,05/09/2026 12:02:40,55.473862,10.537985,Moored,0.0,265.7,Cargo,13.0,88.0,2026-09-05 12:02:40
209356000,05/09/2026 12:01:35,55.466705,10.528205,Moored,0.0,,Tanker,50.0,299.0,2026-09-05 12:01:35
209536000,05/09/2026 12:00:08,55.903547,10.476833,Under way using engine,6.8,190.2,Cargo,13.0,90.0,2026-09-05 12:00:08
209659000,05/09/2026 12:00:04,54.525902,12.274843,Under way using engine,14.3,23.0,Cargo,27.0,170.0,2026-09-05 12:00:04
209671000,05/09/2026 12:00:20,55.862768,12.827582,Moored,0.0,318.3,Cargo,13.0,89.0,2026-09-05 12:00:20
209681000,05/09/2026 12:03:46,54.52778,10.27017,At anchor,0.4,184.6,Cargo,13.0,90.0,2026-09-05 12:03:46
209764000,05/09/2026 12:00:03,54.523288,12.200548,Under way using engine,16.9,200.4,Passenger,24.0,150.0,2026-09-05 12:00:03
210028000,05/09/2026 12:00:10,54.799383,10.87103,Under way using engine,12.1,358.0,Cargo,27.0,170.0,2026-09-05 12:00:10
210362000,05/09/2026 12:00:03,54.7848,12.701833,Under way using engine,13.5,246.9,Tanker,32.0,182.0,2026-09-05 12:00:03
210388000,05/09/2026 12:00:54,55.489533,12.38182,At anchor,0.0,268.0,Cargo,16.0,133.0,2026-09-05 12:00:54
210399000,05/09/2026 12:00:10,55.007567,12.712693,Under way using engine,13.1,24.3,Passenger,26.0,176.0,2026-09-05 12:00:10
210552000,05/09/2026 12:01:19,55.47514,10.538377,Moored,0.0,189.8,Cargo,13.0,88.0,2026-09-05 12:01:19
211111620,05/09/2026 12:01:46,54.66087,10.019778,Unknown value,0.0,,Pleasure,5.0,15.0,2026-09-05 12:01:46
211116490,05/09/2026 12:00:09,55.67441,12.593838,Unknown value,0.0,,Sailing,4.0,12.0,2026-09-05 12:00:09
211116660,05/09/2026 12:01:42,54.63646,11.387643,Moored,0.0,12.8,Tug,9.0,24.0,2026-09-05 12:01:42
211126300,05/09/2026 12:00:22,54.903322,10.067877,Unknown value,7.1,152.6,Pleasure,4.0,12.0,2026-09-05 12:00:22
211129690,05/09/2026 12:01:23,55.687972,12.618663,Unknown value,0.0,,Pleasure,3.0,9.0,2026-09-05 12:01:23
211133640,05/09/2026 12:00:26,55.071543,10.2177,Unknown value,0.0,,Sailing,6.0,10.0,2026-09-05 12:00:26
211135850,05/09/2026 12:00:01,55.309283,10.792433,Unknown value,0.0,,Pleasure,4.0,12.0,2026-09-05 12:00:01
211141660,05/09/2026 12:01:46,55.094707,10.238927,Unknown value,0.0,,Pleasure,3.0,10.0,2026-09-05 12:01:46
211142460,05/09/2026 12:00:07,54.700295,10.051305,Unknown value,4.5,354.5,Sailing,4.0,14.0,2026-09-05 12:00:07
211143600,05/09/2026 12:00:35,56.138282,10.217782,Unknown value,0.0,,Sailing,3.0,11.0,2026-09-05 12:00:35
211144030,05/09/2026 12:00:15,55.718008,10.31254,Unknown value,7.3,216.6,Pleasure,3.0,13.0,2026-09-05 12:00:15
211145890,05/09/2026 12:00:03,55.816583,10.639862,Unknown value,0.0,,Sailing,4.0,13.0,2026-09-05 12:00:03
211150060,05/09/2026 12:00:52,54.580887,11.922168,Unknown value,0.0,,Sailing,4.0,10.0,2026-09-05 12:00:52
211150070,05/09/2026 12:00:41,55.60447,10.609432,Unknown value,0.0,,Sailing,,8.0,2026-09-05 12:00:41
211156690,05/09/2026 12:00:06,54.890758,10.414697,Unknown value,0.2,,Sailing,3.0,9.0,2026-09-05 12:00:06
211160160,05/09/2026 12:00:30,55.707588,10.219635,Unknown value,7.1,229.4,Sailing,3.0,10.0,2026-09-05 12:00:30
211160540,05/09/2026 12:00:40,55.594145,12.67862,Unknown value,0.0,,Sailing,4.0,11.0,2026-09-05 12:00:40
211162530,05/09/2026 12:01:46,55.138777,10.78629,Unknown value,0.0,,Sailing,3.0,10.0,2026-09-05 12:01:46
211165890,05/09/2026 12:01:22,55.135515,10.902057,Unknown value,0.0,,Pleasure,4.0,14.0,2026-09-05 12:01:22
211174360,05/09/2026 12:00:59,55.7305,10.312242,Unknown value,6.3,227.3,Sailing,4.0,14.0,2026-09-05 12:00:59
211175720,05/09/2026 12:00:18,54.826693,10.49411,Unknown value,6.6,58.6,Sailing,3.0,11.0,2026-09-05 12:00:18
211178850,05/09/2026 12:02:42,54.659572,10.01988,Unknown value,0.0,,Sailing,3.0,9.0,2026-09-05 12:02:42
211183570,05/09/2026 12:02:59,55.097793,10.231657,Unknown value,0.0,,Sailing,3.0,12.0,2026-09-05 12:02:59
211187550,05/09/2026 12:00:22,55.735837,10.439325,Unknown value,4.8,211.1,Sailing,3.0,10.0,2026-09-05 12:00:22
211188000,05/09/2026 12:00:03,54.506333,11.2311,Under way using engine,8.5,34.5,Passenger,24.0,142.0,2026-09-05 12:00:03
211190370,05/09/2026 12:00:09,54.959483,10.913348,Unknown value,5.1,242.2,Pleasure,4.0,14.0,2026-09-05 12:00:09
211196320,05/09/2026 12:05:25,55.686317,10.238245,Unknown value,7.8,346.5,Pleasure,,,2026-09-05 12:05:25
211203890,05/09/2026 12:00:39,55.701667,10.29896,Unknown value,6.8,218.5,Sailing,4.0,12.0,2026-09-05 12:00:39
211204960,05/09/2026 12:00:02,56.194603,10.786745,Under way sailing,5.8,20.5,Sailing,5.0,26.0,2026-09-05 12:00:02
211215570,05/09/2026 12:00:46,55.060702,10.61522,Unknown value,0.0,203.7,Pleasure,2.0,9.0,2026-09-05 12:00:46
211216700,05/09/2026 12:00:09,55.690388,10.166973,Unknown value,7.7,318.4,Pleasure,5.0,23.0,2026-09-05 12:00:09
211222030,05/09/2026 12:00:02,55.040905,10.661328,Unknown value,0.0,147.7,Pleasure,4.0,13.0,2026-09-05 12:00:02
211226110,05/09/2026 12:00:07,54.673997,10.054533,Unknown value,5.0,183.5,Pleasure,4.0,12.0,2026-09-05 12:00:07
211226120,05/09/2026 12:00:03,55.089793,10.235425,Under way using engine,1.4,167.7,Sailing,6.0,36.0,2026-09-05 12:00:03
211226180,05/09/2026 12:02:43,54.580827,11.921805,Unknown value,0.1,129.3,Pleasure,4.0,11.0,2026-09-05 12:02:43
211226360,05/09/2026 12:00:10,55.716347,10.019172,Unknown value,0.1,63.1,Pleasure,4.0,12.0,2026-09-05 12:00:10
211232730,05/09/2026 12:02:30,54.659612,10.020952,Unknown value,0.1,,Sailing,4.0,13.0,2026-09-05 12:02:30
211233010,05/09/2026 12:00:10,55.702752,10.308457,Unknown value,6.9,219.2,Sailing,4.0,13.0,2026-09-05 12:00:10
211233300,05/09/2026 12:00:03,55.043563,12.556058,Under way sailing,9.1,354.4,Sailing,5.0,17.0,2026-09-05 12:00:03
211233620,05/09/2026 12:00:18,54.726775,10.449232,Unknown value,6.8,34.6,Sailing,3.0,10.0,2026-09-05 12:00:18
211234480,05/09/2026 12:00:05,54.55032,11.373978,Under way using engine,7.0,292.9,Cargo,18.0,101.0,2026-09-05 12:00:05
211243350,05/09/2026 12:00:34,55.453162,10.66646,Unknown value,0.0,,Pleasure,4.0,12.0,2026-09-05 12:00:34
211245130,05/09/2026 12:00:24,55.948713,10.454388,Moored,0.0,,Sailing,6.0,30.0,2026-09-05 12:00:24
211256940,05/09/2026 12:00:07,55.092005,10.239423,Moored,1.4,253.2,Sailing,6.0,38.0,2026-09-05 12:00:07
211266920,05/09/2026 12:02:50,55.004158,11.916925,Unknown value,0.0,,Sailing,4.0,12.0,2026-09-05 12:02:50
211269680,05/09/2026 12:01:39,54.9523,12.466748,Moored,0.0,37.0,HSC,6.0,21.0,2026-09-05 12:01:39
211269690,05/09/2026 12:00:56,54.952063,12.466767,Moored,0.0,266.8,HSC,7.0,19.0,2026-09-05 12:00:56
211272570,05/09/2026 12:00:04,54.60675,11.297367,Under way using engine,15.8,201.6,Passenger,26.0,142.0,2026-09-05 12:00:04
211273170,05/09/2026 12:04:49,55.30937,10.792617,Unknown value,0.0,178.5,Pleasure,2.0,6.0,2026-09-05 12:04:49
211282700,05/09/2026 12:00:02,54.501708,11.230137,Under way using engine,0.1,10.1,SAR,4.0,10.0,2026-09-05 12:00:02
211295480,05/09/2026 12:00:10,55.692867,10.319317,Unknown value,5.7,301.0,Pleasure,4.0,10.0,2026-09-05 12:00:10
211302010,05/09/2026 12:00:14,55.680577,10.143547,Unknown value,10.5,227.6,Sailing,4.0,12.0,2026-09-05 12:00:14
211309070,05/09/2026 12:01:40,55.253018,12.376508,Unknown value,0.1,,Sailing,3.0,11.0,2026-09-05 12:01:40
211316690,05/09/2026 12:01:44,54.942197,10.260992,Unknown value,0.0,,Pleasure,3.0,9.0,2026-09-05 12:01:44
211318860,05/09/2026 12:00:08,55.73911,10.343758,Unknown value,7.2,221.4,Pleasure,4.0,10.0,2026-09-05 12:00:08
211323830,05/09/2026 12:00:34,55.03472,10.645437,Unknown value,0.0,,Sailing,4.0,11.0,2026-09-05 12:00:34
211326980,05/09/2026 12:00:27,55.671988,10.131585,Unknown value,8.3,240.6,Sailing,,15.0,2026-09-05 12:00:27
211327450,05/09/2026 12:02:10,55.327968,11.129937,Unknown value,0.0,,Pleasure,4.0,14.0,2026-09-05 12:02:10
211347990,05/09/2026 12:00:04,55.32542,10.881783,Unknown value,3.1,316.9,Pleasure,4.0,12.0,2026-09-05 12:00:04
211353800,05/09/2026 12:01:57,54.984595,12.279128,Unknown value,0.0,,Sailing,3.0,11.0,2026-09-05 12:01:57
211383650,05/09/2026 12:00:48,55.410407,12.933998,Moored,0.0,293.2,Sailing,6.0,34.0,2026-09-05 12:00:48
211393690,05/09/2026 12:00:49,54.854928,10.522368,Unknown value,0.0,,Pleasure,4.0,14.0,2026-09-05 12:00:49
211408900,05/09/2026 12:02:37,55.253243,12.376335,Unknown value,0.0,263.9,Pleasure,5.0,11.0,2026-09-05 12:02:37
211409790,05/09/2026 12:02:41,55.726673,12.584398,Unknown value,0.0,,Sailing,,,2026-09-05 12:02:41
211411370,05/09/2026 12:00:48,54.953513,12.463673,Unknown value,0.3,,Sailing,4.0,13.0,2026-09-05 12:00:48
211418020,05/09/2026 12:00:06,56.165307,10.220807,Unknown value,0.0,,Sailing,4.0,11.0,2026-09-05 12:00:06
211419820,05/09/2026 12:00:29,55.45236,10.667645,Unknown value,0.0,195.3,Sailing,3.0,10.0,2026-09-05 12:00:29
211430690,05/09/2026 12:02:38,54.659827,10.01952,Unknown value,0.0,,Sailing,4.0,12.0,2026-09-05 12:02:38
211431880,05/09/2026 12:00:15,55.749943,10.354903,Unknown value,6.8,233.3,Pleasure,4.0,12.0,2026-09-05 12:00:15
211460600,05/09/2026 12:02:56,55.45324,10.66742,Unknown value,0.0,351.2,Sailing,4.0,12.0,2026-09-05 12:02:56
211476360,05/09/2026 12:01:27,54.94256,10.260578,Unknown value,0.0,,Sailing,4.0,12.0,2026-09-05 12:01:27
211481710,05/09/2026 12:01:34,54.9421,10.258358,Unknown value,0.0,72.3,Pleasure,1.0,13.0,2026-09-05 12:01:34
211483570,05/09/2026 12:00:19,55.307823,10.789828,Unknown value,0.0,6.3,Sailing,4.0,12.0,2026-09-05 12:00:19
211486290,05/09/2026 12:00:47,55.416593,12.828495,Unknown value,0.0,349.7,Sailing,4.0,13.0,2026-09-05 12:00:47
211512930,05/09/2026 12:00:04,54.958443,11.853637,Unknown value,0.1,117.7,Passenger,6.0,29.0,2026-09-05 12:00:04
211528150,05/09/2026 12:04:40,55.716042,10.013753,Unknown value,0.0,0.0,Pleasure,4.0,10.0,2026-09-05 12:04:40
211531500,05/09/2026 12:01:45,54.848227,10.5244,Unknown value,0.0,183.5,Sailing,4.0,11.0,2026-09-05 12:01:45
211542610,05/09/2026 12:00:48,54.942202,10.256238,Moored,0.0,189.6,Fishing,7.0,28.0,2026-09-05 12:00:48
211543260,05/09/2026 12:01:17,55.309715,10.792153,Unknown value,0.1,,Sailing,4.0,12.0,2026-09-05 12:01:17
211553910,05/09/2026 12:01:29,54.889513,10.417922,Unknown value,0.1,77.3,Sailing,3.0,11.0,2026-09-05 12:01:29
211563180,05/09/2026 12:00:08,54.673533,10.032117,Unknown value,0.0,177.8,Sailing,3.0,10.0,2026-09-05 12:00:08
211563500,05/09/2026 12:01:31,54.952527,12.464925,Unknown value,0.0,259.2,Sailing,4.0,12.0,2026-09-05 12:01:31
211569740,05/09/2026 12:02:30,56.165213,10.22078,Unknown value,0.0,,Pleasure,4.0,11.0,2026-09-05 12:02:30
211594900,05/09/2026 12:01:45,55.416835,12.82856,Unknown value,0.0,251.8,Sailing,4.0,11.0,2026-09-05 12:01:45
211599020,05/09/2026 12:02:17,55.307792,10.78976,Unknown value,0.2,,Sailing,3.0,10.0,2026-09-05 12:02:17
211615340,05/09/2026 12:00:37,55.308527,10.790808,Unknown value,0.0,,Sailing,6.0,9.0,2026-09-05 12:00:37
211629340,05/09/2026 12:00:23,55.716825,10.397917,Unknown value,3.9,211.8,Pleasure,4.0,12.0,2026-09-05 12:00:23
211630770,05/09/2026 12:01:33,55.00309,11.918817,Unknown value,0.0,,Sailing,3.0,9.0,2026-09-05 12:01:33
211641190,05/09/2026 12:01:49,54.676865,10.000225,Under way using engine,8.3,93.7,Undefined,8.0,44.0,2026-09-05 12:01:49
211643400,05/09/2026 12:00:05,54.893362,10.410393,Unknown value,0.3,275.3,Pleasure,3.0,10.0,2026-09-05 12:00:05
211655060,05/09/2026 12:00:20,54.822943,12.13778,Unknown value,0.2,,Pleasure,3.0,10.0,2026-09-05 12:00:20
211657410,05/09/2026 12:02:03,55.681883,12.5965,Unknown value,0.1,0.0,Sailing,5.0,14.0,2026-09-05 12:02:03
211658150,05/09/2026 12:02:47,54.932582,10.832332,Unknown value,0.0,346.5,Sailing,2.0,10.0,2026-09-05 12:02:47
211664360,05/09/2026 12:00:30,55.391278,10.925815,Unknown value,8.0,136.9,Sailing,4.0,13.0,2026-09-05 12:00:30
211670520,05/09/2026 12:00:03,55.073953,10.068417,Unknown value,8.1,114.2,Pleasure,4.0,12.0,2026-09-05 12:00:03
211677700,05/09/2026 12:00:19,54.834033,10.513462,Unknown value,7.4,53.0,Sailing,4.0,12.0,2026-09-05 12:00:19
211686000,05/09/2026 12:04:25,55.461358,12.202648,Moored,0.0,176.6,Cargo,10.0,75.0,2026-09-05 12:04:25
211687650,05/09/2026 12:00:20,54.581622,10.30376,Unknown value,6.7,207.1,Pleasure,,8.0,2026-09-05 12:00:20
211688280,05/09/2026 12:00:02,55.665273,10.30023,Unknown value,7.7,208.4,Sailing,5.0,17.0,2026-09-05 12:00:02
211699020,05/09/2026 12:00:13,56.190922,10.668198,Unknown value,0.0,,Sailing,5.0,17.0,2026-09-05 12:00:13
211700070,05/09/2026 12:00:58,54.659282,10.02084,Unknown value,0.0,169.9,Sailing,4.0,14.0,2026-09-05 12:00:58
211701340,05/09/2026 12:02:01,54.952767,12.465638,Moored,0.1,,Sailing,6.0,29.0,2026-09-05 12:02:01
211707170,05/09/2026 12:01:23,55.594102,12.678207,Unknown value,0.0,114.0,Sailing,4.0,10.0,2026-09-05 12:01:23
211722530,05/09/2026 12:01:53,55.416377,12.828995,Unknown value,0.0,11.6,Sailing,4.0,12.0,2026-09-05 12:01:53
211732640,05/09/2026 12:00:00,55.070517,10.111848,Unknown value,7.9,90.7,Sailing,7.0,13.0,2026-09-05 12:00:00
211733530,05/09/2026 12:02:21,55.094677,10.23904,Unknown value,0.0,157.5,Sailing,4.0,11.0,2026-09-05 12:02:21
211739560,05/09/2026 12:00:39,54.812913,10.45374,Unknown value,8.0,41.0,Pleasure,4.0,12.0,2026-09-05 12:00:39
211752110,05/09/2026 12:02:51,56.31649,12.762337,Unknown value,0.0,,Sailing,3.0,9.0,2026-09-05 12:02:51
211764900,05/09/2026 12:00:23,54.893193,10.41073,Unknown value,0.1,3.3,Pleasure,3.0,10.0,2026-09-05 12:00:23
211774710,05/09/2026 12:02:10,56.276097,10.495793,Unknown value,0.0,,Pleasure,4.0,10.0,2026-09-05 12:02:10
211783270,05/09/2026 12:00:38,54.581805,10.025335,Under way using engine,0.0,190.6,SAR,3.0,10.0,2026-09-05 12:00:38
211786950,05/09/2026 12:00:11,55.21055,11.19775,Unknown value,0.0,,Sailing,3.0,11.0,2026-09-05 12:00:11
211793930,05/09/2026 12:02:03,55.062147,10.615155,Unknown value,0.1,,Sailing,3.0,14.0,2026-09-05 12:02:03
211795950,05/09/2026 12:01:02,55.061388,10.61575,Unknown value,0.0,194.8,Sailing,4.0,11.0,2026-09-05 12:01:02
211797820,05/09/2026 12:00:57,54.965573,10.437107,Moored,0.0,,Pleasure,4.0,14.0,2026-09-05 12:00:57
211810060,05/09/2026 12:00:59,54.952533,12.466535,Moored,0.0,359.9,HSC,8.0,22.0,2026-09-05 12:00:59
211832830,05/09/2026 12:02:07,55.060737,10.615195,Unknown value,0.0,,Sailing,4.0,10.0,2026-09-05 12:02:07
211839040,05/09/2026 12:00:12,55.224642,11.7544,Moored,0.0,311.0,Cargo,11.0,85.0,2026-09-05 12:00:12
211840930,05/09/2026 12:01:12,55.679593,10.269612,Unknown value,8.3,227.0,Sailing,4.0,14.0,2026-09-05 12:01:12
211843850,05/09/2026 12:00:40,55.773243,12.816853,Unknown value,4.9,323.5,Pleasure,,,2026-09-05 12:00:40
211845840,05/09/2026 12:00:19,55.676655,10.305963,Unknown value,7.0,215.4,Sailing,4.0,11.0,2026-09-05 12:00:19
211851940,05/09/2026 12:00:22,55.715713,10.32887,Unknown value,7.8,316.6,Sailing,4.0,12.0,2026-09-05 12:00:22
211853140,05/09/2026 12:00:44,55.30974,10.792143,Unknown value,0.0,,Sailing,4.0,12.0,2026-09-05 12:00:44
211860780,05/09/2026 12:00:50,55.696297,12.59624,Unknown value,0.1,,Sailing,,,2026-09-05 12:00:50
211863830,05/09/2026 12:00:13,54.93242,10.044345,Unknown value,0.2,257.1,Pleasure,3.0,10.0,2026-09-05 12:00:13
211872940,05/09/2026 12:00:05,55.683228,10.289895,Unknown value,6.6,232.1,Pleasure,4.0,11.0,2026-09-05 12:00:05
211875190,05/09/2026 12:01:45,55.67575,12.595763,Unknown value,0.0,296.5,Sailing,4.0,11.0,2026-09-05 12:01:45
211879960,05/09/2026 12:00:05,55.679263,10.167985,Unknown value,6.9,249.9,Pleasure,4.0,15.0,2026-09-05 12:00:05
211880360,05/09/2026 12:00:08,55.730647,10.362282,Unknown value,5.9,230.3,Sailing,4.0,12.0,2026-09-05 12:00:08
212160000,05/09/2026 12:02:49,54.637548,11.373948,Moored,0.0,84.9,Tug,10.0,24.0,2026-09-05 12:02:49
212797000,05/09/2026 12:02:06,55.677275,12.646927,Moored,0.0,186.5,Cargo,13.0,100.0,2026-09-05 12:02:06
212811000,05/09/2026 12:04:35,55.29807,10.812188,Moored,0.0,302.1,Cargo,16.0,100.0,2026-09-05 12:04:35
212821000,05/09/2026 12:02:27,55.598653,10.515623,At anchor,0.1,96.4,Cargo,13.0,85.0,2026-09-05 12:02:27
212853000,05/09/2026 12:02:39,54.54732,10.314858,At anchor,0.5,202.1,Cargo,13.0,88.0,2026-09-05 12:02:39
212900000,05/09/2026 12:03:34,55.593043,10.50738,At anchor,0.8,6.4,Reserved,13.0,88.0,2026-09-05 12:03:34
215767000,05/09/2026 12:00:01,54.552567,10.51075,Under way using engine,10.0,247.5,Passenger,26.0,199.0,2026-09-05 12:00:01
218004760,05/09/2026 12:00:54,55.816272,10.641487,Unknown value,0.0,,Sailing,4.0,15.0,2026-09-05 12:00:54
218009520,05/09/2026 12:03:47,54.58183,10.023992,Unknown value,0.1,,Pleasure,3.0,10.0,2026-09-05 12:03:47
218014450,05/09/2026 12:00:31,55.05128,10.157727,Unknown value,0.0,,Pleasure,4.0,11.0,2026-09-05 12:00:31
218014840,05/09/2026 12:00:46,56.404168,10.92559,Unknown value,0.0,,Sailing,4.0,12.0,2026-09-05 12:00:46
218015310,05/09/2026 12:00:23,54.978365,10.305397,Unknown value,5.8,222.1,Pleasure,,,2026-09-05 12:00:23
218020270,05/09/2026 12:00:10,55.056083,10.637965,Unknown value,5.8,159.5,Sailing,,,2026-09-05 12:00:10
218020360,05/09/2026 12:01:27,55.684283,10.13881,Unknown value,9.0,231.6,Sailing,,13.0,2026-09-05 12:01:27
218025960,05/09/2026 12:00:43,55.056238,11.516628,Unknown value,6.6,212.6,Pleasure,4.0,12.0,2026-09-05 12:00:43
218030440,05/09/2026 12:00:52,54.506455,10.16067,Unknown value,7.5,319.7,Sailing,5.0,14.0,2026-09-05 12:00:52
218031190,05/09/2026 12:00:01,55.19919,10.94214,Unknown value,5.9,218.9,Sailing,5.0,14.0,2026-09-05 12:00:01
218031620,05/09/2026 12:04:41,54.822735,12.138905,Unknown value,0.1,,Sailing,4.0,12.0,2026-09-05 12:04:41
218043090,05/09/2026 12:00:56,55.060942,10.61506,Unknown value,0.0,,Pleasure,2.0,8.0,2026-09-05 12:00:56
218043440,05/09/2026 12:02:45,54.952777,12.467377,Moored,0.0,154.1,HSC,9.0,18.0,2026-09-05 12:02:45
218054190,05/09/2026 12:02:40,54.659628,10.021073,Unknown value,0.0,,Pleasure,,,2026-09-05 12:02:40
218055140,05/09/2026 12:00:27,55.666653,10.335272,Unknown value,8.5,211.6,Sailing,5.0,12.0,2026-09-05 12:00:27
218062270,05/09/2026 12:02:56,54.751537,10.673028,Unknown value,0.0,,Pleasure,4.0,11.0,2026-09-05 12:02:56
218143000,05/09/2026 12:00:06,54.572877,11.430125,Under way using engine,0.3,1.2,Tug,12.0,38.0,2026-09-05 12:00:06
218197000,05/09/2026 12:01:41,54.638435,11.375282,Moored,0.0,328.0,Tug,12.0,34.0,2026-09-05 12:01:41
218347000,05/09/2026 12:00:13,55.693193,10.228305,Unknown value,7.9,234.1,Sailing,4.0,16.0,2026-09-05 12:00:13
218768000,05/09/2026 12:00:01,55.698278,12.83329,Under way sailing,4.7,308.3,Sailing,10.0,65.0,2026-09-05 12:00:01
218779000,05/09/2026 12:00:01,54.85928,12.998683,Under way using engine,9.3,250.9,Tanker,12.0,73.0,2026-09-05 12:00:01
218816000,05/09/2026 12:01:58,54.550852,10.33364,At anchor,0.5,186.0,Cargo,23.0,135.0,2026-09-05 12:01:58
219000174,05/09/2026 12:00:06,55.974453,12.599377,Under way using engine,5.7,8.2,Military,6.0,25.0,2026-09-05 12:00:06
219000185,05/09/2026 12:00:03,55.036863,10.747198,Under way using engine,9.9,22.1,Military,6.0,24.0,2026-09-05 12:00:03
219000193,05/09/2026 12:00:03,55.990112,10.608582,Under way using engine,10.7,16.0,Military,6.0,22.0,2026-09-05 12:00:03
219000283,05/09/2026 12:00:09,55.13535,10.901535,Unknown value,0.0,230.8,Sailing,4.0,13.0,2026-09-05 12:00:09
219000431,05/09/2026 12:00:02,54.63725,11.3285,Under way using engine,15.1,25.0,Passenger,26.0,141.0,2026-09-05 12:00:02
219000474,05/09/2026 12:00:14,55.39096,10.790745,Under way using engine,6.3,137.4,Military,6.0,22.0,2026-09-05 12:00:14
219000507,05/09/2026 12:04:41,55.754227,11.323188,Unknown value,0.0,,Pleasure,4.0,9.0,2026-09-05 12:04:41
219000554,05/09/2026 12:00:02,56.28625,10.901807,Under way using engine,4.4,270.0,Military,6.0,27.0,2026-09-05 12:00:02
219000558,05/09/2026 12:00:07,55.338335,11.016293,Under way using engine,0.0,273.0,Dredging,12.0,39.0,2026-09-05 12:00:07
219000575,05/09/2026 12:03:28,56.036827,12.6163,Under way using engine,3.9,95.6,Passenger,6.0,24.0,2026-09-05 12:03:28
219000584,05/09/2026 12:00:06,55.879887,11.137562,Under way using engine,0.0,116.7,Passenger,12.0,48.0,2026-09-05 12:00:06
219000611,05/09/2026 12:01:11,56.12561,12.312547,Unknown value,0.0,,Pleasure,4.0,14.0,2026-09-05 12:01:11
219000632,05/09/2026 12:01:14,55.678817,12.635318,Unknown value,0.0,,Other,4.0,15.0,2026-09-05 12:01:14
219000654,05/09/2026 12:04:44,55.675912,12.596567,Unknown value,0.1,,Pleasure,4.0,11.0,2026-09-05 12:04:44
219000674,05/09/2026 12:00:01,55.057167,10.615667,Under way sailing,4.3,152.0,Passenger,18.0,50.0,2026-09-05 12:00:01
219000723,05/09/2026 12:02:01,55.965515,11.84701,Unknown value,0.1,,Pleasure,4.0,12.0,2026-09-05 12:02:01
219000733,05/09/2026 12:00:02,55.053038,10.232272,Under way using engine,10.3,357.3,Passenger,11.0,47.0,2026-09-05 12:00:02
219000742,05/09/2026 12:00:09,55.059047,10.615115,Under way using engine,0.0,321.8,Passenger,10.0,31.0,2026-09-05 12:00:09
219000762,05/09/2026 12:00:09,55.932773,10.398085,Under way using engine,7.5,263.4,Passenger,10.0,30.0,2026-09-05 12:00:09
219000781,05/09/2026 12:00:11,55.762317,10.272755,Under way using engine,0.0,175.4,Passenger,12.0,48.0,2026-09-05 12:00:11
219000805,05/09/2026 12:02:37,54.947418,11.107205,Moored,0.1,299.5,Cargo,4.0,12.0,2026-09-05 12:02:37
219000809,05/09/2026 12:00:01,54.951785,11.485495,Under way using engine,9.4,12.6,Passenger,12.0,36.0,2026-09-05 12:00:01
219000811,05/09/2026 12:00:10,54.838723,11.491815,Under way using engine,0.0,223.2,Passenger,11.0,31.0,2026-09-05 12:00:10
219000824,05/09/2026 12:05:24,55.517188,11.119282,Moored,0.1,325.7,Cargo,6.0,15.0,2026-09-05 12:05:24
219000836,05/09/2026 12:00:08,54.916905,10.42813,Under way using engine,11.9,197.0,Passenger,13.0,50.0,2026-09-05 12:00:08
219000851,05/09/2026 12:01:16,55.058497,10.61523,Moored,0.0,343.2,Sailing,6.0,40.0,2026-09-05 12:01:16
219000892,05/09/2026 12:01:35,55.060767,10.6199,Moored,0.0,228.7,Dredging,6.0,27.0,2026-09-05 12:01:35
219000897,05/09/2026 12:00:07,56.127918,12.310208,Engaged in fishing,0.1,,Fishing,7.0,17.0,2026-09-05 12:00:07
219000899,05/09/2026 12:01:19,55.754,11.3255,Moored,0.1,276.9,Passenger,,,2026-09-05 12:01:19
219000949,05/09/2026 12:00:01,54.63411,11.380585,Restricted maneuverability,0.1,292.6,Other,27.0,67.0,2026-09-05 12:00:01
219000988,05/09/2026 12:01:59,55.753767,11.323923,Unknown value,0.0,,Pleasure,4.0,12.0,2026-09-05 12:01:59
219001061,05/09/2026 12:00:00,54.933957,10.83372,Under way using engine,0.0,189.0,Pilot,4.0,20.0,2026-09-05 12:00:00
219001063,05/09/2026 12:01:07,55.593642,12.67612,Moored,0.0,294.4,Pilot,4.0,10.0,2026-09-05 12:01:07
219001166,05/09/2026 12:00:07,56.154398,10.214172,Under way using engine,0.0,18.5,Passenger,4.0,13.0,2026-09-05 12:00:07
219001182,05/09/2026 12:00:11,55.822573,10.0639,Under way using engine,0.0,314.7,Passenger,6.0,20.0,2026-09-05 12:00:11
219001185,05/09/2026 12:00:37,55.672837,12.067325,Under way using engine,4.5,173.4,Other,7.0,39.0,2026-09-05 12:00:37
219001214,05/09/2026 12:00:03,56.041713,12.613213,Under way using engine,0.0,,Dredging,6.0,15.0,2026-09-05 12:00:03
219001218,05/09/2026 12:04:34,54.854485,10.522558,Moored,0.0,218.7,Other,6.0,34.0,2026-09-05 12:04:34
219001259,05/09/2026 12:01:59,54.996725,11.877278,Moored,0.0,143.0,Dredging,8.0,43.0,2026-09-05 12:01:59
219001262,05/09/2026 12:01:22,56.15648,10.235117,Moored,0.0,234.7,Cargo,8.0,31.0,2026-09-05 12:01:22
219001284,05/09/2026 12:00:31,55.684373,12.59652,Moored,0.0,96.5,Cargo,7.0,31.0,2026-09-05 12:00:31
219001306,05/09/2026 12:00:17,55.611235,12.680442,Moored,0.0,270.5,SAR,4.0,16.0,2026-09-05 12:00:17
219001317,05/09/2026 12:00:34,55.83641,12.05586,Moored,0.0,,Passenger,4.0,20.0,2026-09-05 12:00:34
219001362,05/09/2026 12:00:00,55.688613,12.624203,Under way using engine,0.0,297.2,Dredging,12.0,32.0,2026-09-05 12:00:00
219001375,05/09/2026 12:00:06,55.695563,12.612147,Unknown value,0.0,356.9,Passenger,6.0,20.0,2026-09-05 12:00:06
219001423,05/09/2026 12:03:14,55.964395,12.000458,Unknown value,0.0,,Pleasure,4.0,11.0,2026-09-05 12:03:14
219001461,05/09/2026 12:00:06,54.997167,11.877987,Under way using engine,0.0,282.2,Dredging,8.0,35.0,2026-09-05 12:00:06
219001514,05/09/2026 12:00:05,55.041018,11.643353,Under way using engine,7.3,308.5,Dredging,9.0,48.0,2026-09-05 12:00:05
219001604,05/09/2026 12:00:05,56.127085,12.309982,Engaged in fishing,0.0,283.5,Fishing,5.0,15.0,2026-09-05 12:00:05
219001764,05/09/2026 12:00:54,54.760088,11.861505,Unknown value,0.0,,Pleasure,,3.0,2026-09-05 12:00:54
219001771,05/09/2026 12:00:20,56.410078,10.924177,Moored,0.1,145.9,HSC,5.0,25.0,2026-09-05 12:00:20
219001819,05/09/2026 12:00:13,55.610795,12.501662,Under way using engine,0.0,188.6,Dredging,14.0,66.0,2026-09-05 12:00:13
219001844,05/09/2026 12:00:59,55.71573,10.014137,Unknown value,0.0,,Pleasure,4.0,11.0,2026-09-05 12:00:59
219001886,05/09/2026 12:00:52,56.243533,10.33954,Unknown value,0.0,,Sailing,3.0,10.0,2026-09-05 12:00:52
219002067,05/09/2026 12:01:47,55.331033,11.126407,Moored,0.1,342.9,Military,7.0,16.0,2026-09-05 12:01:47
219002177,05/09/2026 12:00:04,54.926643,11.372073,Under way using engine,7.2,1.6,Passenger,13.0,52.0,2026-09-05 12:00:04
219002226,05/09/2026 12:00:25,55.059318,10.620467,Unknown value,0.0,,Pleasure,4.0,15.0,2026-09-05 12:00:25
219002269,05/09/2026 12:02:34,55.913137,11.673707,Unknown value,0.0,25.9,Pleasure,4.0,11.0,2026-09-05 12:02:34
219002312,05/09/2026 12:00:03,55.721472,10.318648,Unknown value,7.4,52.2,Sailing,5.0,20.0,2026-09-05 12:00:03
219002349,05/09/2026 12:01:54,55.977353,12.59183,At anchor,0.1,57.3,Other,20.0,90.0,2026-09-05 12:01:54
219002392,05/09/2026 12:00:07,56.146328,10.214213,Under way using engine,0.0,60.7,Cargo,11.0,81.0,2026-09-05 12:00:07
219002409,05/09/2026 12:02:45,56.12714,12.30937,Unknown value,0.0,0.0,Fishing,5.0,15.0,2026-09-05 12:02:45
219002416,05/09/2026 12:00:03,56.1537,10.217237,Under way using engine,0.0,115.9,Tug,11.0,29.0,2026-09-05 12:00:03
219002493,05/09/2026 12:00:27,55.59908,10.6717,Under way using engine,6.4,334.0,Dredging,9.0,63.0,2026-09-05 12:00:27
219002602,05/09/2026 12:00:03,55.937458,11.905273,Reserved for future amendment [WIG],0.0,,Passenger,8.0,28.0,2026-09-05 12:00:03
219002639,05/09/2026 12:02:42,55.6881,12.622742,Unknown value,0.0,226.3,Tug,4.0,12.0,2026-09-05 12:02:42
219002661,05/09/2026 12:00:03,56.408847,10.92368,Under way using engine,0.0,286.3,Fishing,4.0,14.0,2026-09-05 12:00:03
219002666,05/09/2026 12:00:03,54.572213,11.92892,Under way using engine,0.0,,Pilot,5.0,14.0,2026-09-05 12:00:03
219002667,05/09/2026 12:00:02,55.677095,12.591622,Unknown value,3.9,354.1,Fishing,4.0,14.0,2026-09-05 12:00:02
219002684,05/09/2026 12:00:15,55.060555,10.617523,Moored,0.0,,Sailing,6.0,30.0,2026-09-05 12:00:15
219002707,05/09/2026 12:04:58,55.96381,11.997878,Unknown value,0.0,0.0,Pleasure,4.0,12.0,2026-09-05 12:04:58
219002719,05/09/2026 12:00:00,55.204213,11.697427,Under way using engine,6.8,244.0,Passenger,6.0,20.0,2026-09-05 12:00:00
219002726,05/09/2026 12:00:23,55.89718,11.766573,Unknown value,8.6,0.6,Fishing,5.0,24.0,2026-09-05 12:00:23
219002731,05/09/2026 12:00:13,56.40895,10.925875,Moored,0.0,220.7,Passenger,12.0,48.0,2026-09-05 12:00:13
219002758,05/09/2026 12:00:32,56.188372,10.258205,Unknown value,0.6,,Passenger,4.0,13.0,2026-09-05 12:00:32
219002764,05/09/2026 12:03:07,54.572123,11.929983,Moored,0.0,159.8,SAR,6.0,23.0,2026-09-05 12:03:07
219002769,05/09/2026 12:01:11,56.409312,10.92548,Moored,0.0,56.0,SAR,5.0,23.0,2026-09-05 12:01:11
219002798,05/09/2026 12:00:06,55.34375,11.059162,Under way using engine,0.0,77.2,Undefined,4.0,14.0,2026-09-05 12:00:06
219002823,05/09/2026 12:00:08,56.128237,12.309157,Engaged in fishing,0.0,282.8,Fishing,4.0,10.0,2026-09-05 12:00:08
219002846,05/09/2026 12:01:16,55.687555,12.615103,Unknown value,0.0,12.6,Sailing,3.0,12.0,2026-09-05 12:01:16
219002856,05/09/2026 12:00:17,55.052195,10.641065,Unknown value,8.9,348.7,Other,6.0,15.0,2026-09-05 12:00:17
219002857,05/09/2026 12:00:03,55.718312,12.664767,Under way using engine,7.6,56.4,Passenger,6.0,21.0,2026-09-05 12:00:03
219002867,05/09/2026 12:00:02,55.972548,11.367295,Engaged in fishing,0.1,345.9,Fishing,4.0,12.0,2026-09-05 12:00:02
219002874,05/09/2026 12:00:01,54.952702,12.466735,Unknown value,0.0,,Pleasure,13.0,13.0,2026-09-05 12:00:01
219003038,05/09/2026 12:04:04,55.794987,12.687897,Unknown value,5.2,174.7,Sailing,6.0,32.0,2026-09-05 12:04:04
219003062,05/09/2026 12:00:26,54.838825,11.491355,Unknown value,0.0,,Sailing,4.0,10.0,2026-09-05 12:00:26
219003103,05/09/2026 12:00:02,55.44952,10.664462,Unknown value,0.0,290.1,Fishing,3.0,12.0,2026-09-05 12:00:02
219003113,05/09/2026 12:00:02,55.821553,10.05241,Unknown value,0.0,223.0,Cargo,5.0,16.0,2026-09-05 12:00:02
219003141,05/09/2026 12:00:00,55.75349,11.793212,Under way using engine,7.8,235.8,Passenger,10.0,42.0,2026-09-05 12:00:00
219003232,05/09/2026 12:01:16,55.720628,11.709437,Unknown value,0.0,42.8,Sailing,6.0,29.0,2026-09-05 12:01:16
219003243,05/09/2026 12:01:13,55.761925,10.271275,Unknown value,0.1,,Sailing,3.0,9.0,2026-09-05 12:01:13
219003249,05/09/2026 12:02:16,56.154403,10.214717,Moored,0.0,13.8,Tug,7.0,25.0,2026-09-05 12:02:16
219003273,05/09/2026 12:00:14,55.69768,12.598722,Unknown value,6.0,184.0,Passenger,6.0,20.0,2026-09-05 12:00:14
219003452,05/09/2026 12:00:44,55.59397,12.676893,Under way using engine,0.0,273.2,Cargo,4.0,14.0,2026-09-05 12:00:44
219003485,05/09/2026 12:00:21,56.161592,10.231685,Unknown value,2.0,260.6,Passenger,7.0,20.0,2026-09-05 12:00:21
219003541,05/09/2026 12:03:17,54.912847,12.05128,Unknown value,0.0,19.6,Passenger,8.0,30.0,2026-09-05 12:03:17
219003596,05/09/2026 12:00:00,55.643198,12.6501,Unknown value,0.0,181.4,Sailing,4.0,10.0,2026-09-05 12:00:00
219003597,05/09/2026 12:00:50,55.060147,10.616317,Moored,0.0,260.2,Cargo,5.0,22.0,2026-09-05 12:00:50
219003656,05/09/2026 12:00:59,55.822885,10.052385,Unknown value,0.1,,Sailing,4.0,10.0,2026-09-05 12:00:59
219003826,05/09/2026 12:01:32,56.403532,10.924895,Moored,0.1,267.5,Pilot,4.0,15.0,2026-09-05 12:01:32
219003944,05/09/2026 12:02:26,55.452568,10.668743,Unknown value,0.1,,Pleasure,,,2026-09-05 12:02:26
219003948,05/09/2026 12:00:30,55.711845,12.590137,Unknown value,0.5,,Sailing,3.0,10.0,2026-09-05 12:00:30
219003966,05/09/2026 12:00:03,55.675803,11.101992,Unknown value,0.0,8.1,Cargo,10.0,22.0,2026-09-05 12:00:03
219004128,05/09/2026 12:00:06,56.128143,12.30874,Engaged in fishing,0.0,313.5,Fishing,5.0,14.0,2026-09-05 12:00:06
219004137,05/09/2026 12:02:53,55.913948,11.673105,Unknown value,0.0,,Sailing,4.0,12.0,2026-09-05 12:02:53
219004145,05/09/2026 12:00:17,55.09436,10.239603,Unknown value,0.1,184.4,Passenger,5.0,12.0,2026-09-05 12:00:17
219004203,05/09/2026 12:00:02,56.128033,12.308683,Unknown value,0.0,126.6,Fishing,5.0,15.0,2026-09-05 12:00:02
219004242,05/09/2026 12:00:05,56.408322,10.923693,Engaged in fishing,0.0,274.0,Fishing,4.0,10.0,2026-09-05 12:00:05
219004371,05/09/2026 12:01:15,55.049407,10.613992,Unknown value,0.1,,Pleasure,3.0,9.0,2026-09-05 12:01:15
219004502,05/09/2026 12:01:25,55.281355,11.803262,Unknown value,0.0,87.4,Pleasure,,,2026-09-05 12:01:25
219004564,05/09/2026 12:02:50,55.688252,12.619458,Unknown value,0.1,,Pleasure,4.0,13.0,2026-09-05 12:02:50
219004634,05/09/2026 12:02:02,55.710645,12.591918,Unknown value,0.1,,Pleasure,,,2026-09-05 12:02:02
219004668,05/09/2026 12:01:08,54.938658,10.705128,Unknown value,0.0,162.5,Pleasure,4.0,16.0,2026-09-05 12:01:08
219004695,05/09/2026 12:09:42,55.677268,12.592887,Unknown value,6.1,51.2,Passenger,6.0,20.0,2026-09-05 12:09:42
219004746,05/09/2026 12:00:29,55.715827,10.017915,Unknown value,0.1,,Sailing,4.0,12.0,2026-09-05 12:00:29
219004819,05/09/2026 12:02:18,55.836158,12.054458,Unknown value,0.1,308.1,Sailing,4.0,14.0,2026-09-05 12:02:18
219004896,05/09/2026 12:01:23,55.058567,10.621128,Moored,0.0,,Undefined,6.0,22.0,2026-09-05 12:01:23
219004907,05/09/2026 12:01:39,55.67901,12.635278,Unknown value,0.1,,Cargo,5.0,18.0,2026-09-05 12:01:39
219004937,05/09/2026 12:02:28,55.64306,12.650298,Unknown value,0.5,,Sailing,4.0,11.0,2026-09-05 12:02:28
219005012,05/09/2026 12:01:09,56.126458,12.312753,Unknown value,0.0,29.2,Pleasure,3.0,12.0,2026-09-05 12:01:09
219005068,05/09/2026 12:00:08,55.17145,11.160233,Under way using engine,0.0,213.9,Passenger,12.0,37.0,2026-09-05 12:00:08
219005134,05/09/2026 12:02:21,55.726428,12.586762,Unknown value,0.0,,Pleasure,,,2026-09-05 12:02:21
219005151,05/09/2026 12:02:22,55.942405,11.868848,Unknown value,0.1,35.5,Pleasure,4.0,11.0,2026-09-05 12:02:22
219005313,05/09/2026 12:00:04,56.152387,10.251292,Under way using engine,0.1,275.8,Port tender,6.0,14.0,2026-09-05 12:00:04
219005385,05/09/2026 12:00:29,56.126585,12.310113,Unknown value,0.0,356.3,Pleasure,3.0,10.0,2026-09-05 12:00:29
219005395,05/09/2026 12:01:32,55.688553,12.616762,Unknown value,0.1,49.4,Sailing,4.0,12.0,2026-09-05 12:01:32
219005477,05/09/2026 12:00:06,56.152515,10.251248,Reserved for future amendment [HSC],0.0,280.4,Pilot,4.0,14.0,2026-09-05 12:00:06
219005574,05/09/2026 12:00:33,55.695857,12.612408,Unknown value,0.0,0.0,Port tender,,,2026-09-05 12:00:33
219005921,05/09/2026 12:00:09,56.126498,12.311213,Engaged in fishing,0.1,196.5,Fishing,6.0,18.0,2026-09-05 12:00:09
219005941,05/09/2026 12:00:04,56.127083,12.30963,Engaged in fishing,0.0,152.6,Fishing,4.0,12.0,2026-09-05 12:00:04
219005969,05/09/2026 12:00:04,56.126457,12.309373,Engaged in fishing,0.0,303.6,Fishing,4.0,14.0,2026-09-05 12:00:04
219005979,05/09/2026 12:02:54,54.82984,11.123583,Unknown value,0.0,332.5,Tug,4.0,12.0,2026-09-05 12:02:54
219005991,05/09/2026 12:04:20,55.676008,11.100137,Unknown value,0.0,,Dredging,3.0,9.0,2026-09-05 12:04:20
219006006,05/09/2026 12:01:54,55.70382,12.60127,Unknown value,0.0,0.0,Passenger,6.0,20.0,2026-09-05 12:01:54
219006007,05/09/2026 12:00:09,55.680752,12.598027,Unknown value,5.8,36.9,Passenger,6.0,20.0,2026-09-05 12:00:09
219006026,05/09/2026 12:00:03,54.966697,10.491775,Unknown value,0.0,35.4,Passenger,4.0,14.0,2026-09-05 12:00:03
219006078,05/09/2026 12:02:48,55.695347,12.612652,Unknown value,0.1,,Passenger,4.0,15.0,2026-09-05 12:02:48
219006099,05/09/2026 12:01:56,55.470127,10.536507,Unknown value,0.3,322.8,Port tender,4.0,12.0,2026-09-05 12:01:56
219006386,05/09/2026 12:00:43,55.695517,12.6118,Unknown value,0.0,4.8,Passenger,6.0,20.0,2026-09-05 12:00:43
219006387,05/09/2026 12:00:00,55.691005,12.600887,Unknown value,8.1,176.3,Passenger,6.0,20.0,2026-09-05 12:00:00
219006397,05/09/2026 12:00:02,55.678723,12.595348,Unknown value,4.0,49.4,Passenger,5.0,20.0,2026-09-05 12:00:02
219006461,05/09/2026 12:08:58,55.138907,10.785497,Unknown value,0.0,184.9,Pleasure,3.0,8.0,2026-09-05 12:08:58
219006563,05/09/2026 12:02:03,55.30007,10.807012,Moored,0.0,209.0,Tug,6.0,21.0,2026-09-05 12:02:03
219006593,05/09/2026 12:00:05,54.9338,10.83427,Under way using engine,0.0,306.5,Undefined,,,2026-09-05 12:00:05
219006598,05/09/2026 12:00:09,56.408658,10.921842,Engaged in fishing,0.0,,Fishing,4.0,10.0,2026-09-05 12:00:09
219007103,05/09/2026 12:01:22,55.650425,12.08019,Unknown value,0.0,,Sailing,4.0,30.0,2026-09-05 12:01:22
219007111,05/09/2026 12:03:45,55.715138,10.016493,Unknown value,0.0,53.9,Pleasure,3.0,10.0,2026-09-05 12:03:45
219007155,05/09/2026 12:00:00,54.85694,10.805105,Unknown value,4.6,30.2,Other,4.0,14.0,2026-09-05 12:00:00
219007314,05/09/2026 12:00:01,56.128065,12.3097,Engaged in fishing,0.0,3.9,Fishing,4.0,12.0,2026-09-05 12:00:01
219007363,05/09/2026 12:01:30,54.657273,11.350058,Moored,0.0,337.3,Dredging,17.0,46.0,2026-09-05 12:01:30
219007366,05/09/2026 12:00:03,55.058728,10.620247,Under way using engine,0.0,39.0,Tug,4.0,15.0,2026-09-05 12:00:03
219007393,05/09/2026 12:00:03,56.127608,12.310308,Under way sailing,0.1,154.2,Other,6.0,18.0,2026-09-05 12:00:03
219007414,05/09/2026 12:02:16,55.300193,10.80696,Moored,0.0,163.3,Spare 1,20.0,36.0,2026-09-05 12:02:16
219007462,05/09/2026 12:02:34,55.723855,12.603643,Unknown value,0.0,0.0,Cargo,4.0,15.0,2026-09-05 12:02:34
219007538,05/09/2026 12:01:43,54.829895,11.132388,Unknown value,0.0,199.0,Pleasure,4.0,12.0,2026-09-05 12:01:43
219007572,05/09/2026 12:00:08,55.502612,10.750072,Moored,7.4,151.2,Dredging,7.0,27.0,2026-09-05 12:00:08
219007685,05/09/2026 12:05:10,55.125388,12.043313,Unknown value,0.1,,Sailing,4.0,10.0,2026-09-05 12:05:10
219007693,05/09/2026 12:00:09,55.695972,12.612447,Unknown value,0.0,0.0,Port tender,,,2026-09-05 12:00:09
219007731,05/09/2026 12:02:24,55.695853,12.612963,Unknown value,0.0,0.0,Law enforcement,2.0,8.0,2026-09-05 12:02:24
219007752,05/09/2026 12:01:54,55.963038,11.843965,Unknown value,0.0,,Sailing,4.0,11.0,2026-09-05 12:01:54
219007788,05/09/2026 12:06:00,55.333317,11.134222,Unknown value,0.0,233.4,Fishing,4.0,10.0,2026-09-05 12:06:00
219007806,05/09/2026 12:04:56,55.125138,12.043223,Unknown value,0.0,357.6,Pleasure,3.0,10.0,2026-09-05 12:04:56
219007845,05/09/2026 12:03:08,54.983863,12.281445,Unknown value,0.0,,Pleasure,3.0,15.0,2026-09-05 12:03:08
219007884,05/09/2026 12:01:08,54.8515,10.523972,Unknown value,0.0,53.0,Pleasure,3.0,11.0,2026-09-05 12:01:08
219007898,05/09/2026 12:00:02,55.682453,12.594938,Under way using engine,0.0,321.4,Cargo,7.0,36.0,2026-09-05 12:00:02
219007932,05/09/2026 12:03:21,54.933725,10.834118,Unknown value,0.0,0.0,Fishing,4.0,12.0,2026-09-05 12:03:21
219007937,05/09/2026 12:00:09,55.764182,12.606688,Restricted maneuverability,0.0,301.5,Other,16.0,24.0,2026-09-05 12:00:09
219008177,05/09/2026 12:00:36,55.720763,12.598145,Unknown value,0.0,,Sailing,4.0,12.0,2026-09-05 12:00:36
219008234,05/09/2026 12:00:28,54.891287,12.045907,Unknown value,0.1,,Pleasure,,,2026-09-05 12:00:28
219008283,05/09/2026 12:00:07,55.45268,10.667715,Unknown value,0.0,,Sailing,4.0,11.0,2026-09-05 12:00:07
219008292,05/09/2026 12:00:02,55.688525,12.614778,Unknown value,0.0,,Sailing,4.0,10.0,2026-09-05 12:00:02
219008701,05/09/2026 12:00:05,55.710527,12.592105,Unknown value,0.0,,Sailing,4.0,12.0,2026-09-05 12:00:05
219008754,05/09/2026 12:01:16,55.003173,11.917732,Unknown value,0.0,,Pleasure,,,2026-09-05 12:01:16
219008801,05/09/2026 12:00:11,55.963872,11.846137,Unknown value,0.1,,Sailing,8.0,14.0,2026-09-05 12:00:11
219009082,05/09/2026 12:01:29,56.125937,12.312302,Unknown value,0.0,137.3,Pleasure,4.0,13.0,2026-09-05 12:01:29
219009101,05/09/2026 12:02:38,56.412552,10.925532,Moored,0.0,175.2,Other,6.0,15.0,2026-09-05 12:02:38
219009183,05/09/2026 12:00:01,55.963203,11.847567,Unknown value,0.0,188.6,Fishing,6.0,16.0,2026-09-05 12:00:01
219009203,05/09/2026 12:01:51,56.243327,10.34209,Unknown value,0.0,207.1,Sailing,4.0,11.0,2026-09-05 12:01:51
219009338,05/09/2026 12:00:02,54.572447,11.928397,Under way using engine,0.0,339.9,Passenger,6.0,24.0,2026-09-05 12:00:02
219009346,05/09/2026 12:00:40,55.828107,12.061398,Unknown value,0.1,309.6,Pleasure,3.0,9.0,2026-09-05 12:00:40
219009528,05/09/2026 12:01:02,55.096907,10.229027,Unknown value,0.1,183.7,Pleasure,4.0,12.0,2026-09-05 12:01:02
219009615,05/09/2026 12:00:21,54.99681,11.291797,Unknown value,7.8,121.6,Fishing,4.0,10.0,2026-09-05 12:00:21
219009657,05/09/2026 12:00:26,55.644198,12.649837,Unknown value,0.0,139.1,Pleasure,4.0,13.0,2026-09-05 12:00:26
219009738,05/09/2026 12:00:07,55.972493,11.367443,Under way sailing,0.0,333.4,Fishing,4.0,11.0,2026-09-05 12:00:07
219009864,05/09/2026 12:00:56,55.051887,10.61174,Unknown value,0.1,,Pleasure,4.0,12.0,2026-09-05 12:00:56
219010025,05/09/2026 12:00:12,55.609962,12.387895,Unknown value,0.1,332.1,Sailing,4.0,12.0,2026-09-05 12:00:12
219010032,05/09/2026 12:02:11,56.404235,10.926153,Unknown value,0.0,0.0,Pleasure,4.0,13.0,2026-09-05 12:02:11
219010171,05/09/2026 12:01:02,55.642455,12.651433,Unknown value,0.2,301.9,Sailing,3.0,9.0,2026-09-05 12:01:02
219010336,05/09/2026 12:00:16,54.934167,10.834145,Unknown value,0.0,,Fishing,3.0,8.0,2026-09-05 12:00:16
219010656,05/09/2026 12:02:10,55.061305,10.615352,Unknown value,0.0,,Sailing,4.0,11.0,2026-09-05 12:02:10
219010747,05/09/2026 12:00:14,56.037022,12.619207,Moored,0.0,286.1,Reserved,10.0,43.0,2026-09-05 12:00:14
219010791,05/09/2026 12:00:07,55.021658,10.68606,Unknown value,10.9,228.7,Pleasure,,,2026-09-05 12:00:07
219010799,05/09/2026 12:04:09,55.052347,10.611267,Unknown value,0.0,339.0,Pleasure,4.0,8.0,2026-09-05 12:04:09
219010835,05/09/2026 12:00:11,55.910263,10.253048,Unknown value,0.0,,Pleasure,4.0,11.0,2026-09-05 12:00:11
219010921,05/09/2026 12:05:36,56.19397,10.668592,Unknown value,0.0,296.1,Pleasure,5.0,14.0,2026-09-05 12:05:36
219011021,05/09/2026 12:02:11,55.060157,10.618982,Moored,0.0,193.0,Tug,6.0,16.0,2026-09-05 12:02:11
219011175,05/09/2026 12:00:21,55.46852,12.197518,Unknown value,0.1,,Sailing,,,2026-09-05 12:00:21
219011242,05/09/2026 12:00:13,55.571972,12.714855,Unknown value,5.7,141.6,Sailing,2.0,11.0,2026-09-05 12:00:13
219011283,05/09/2026 12:02:29,55.468917,10.530093,Unknown value,0.1,,Cargo,4.0,15.0,2026-09-05 12:02:29
219011321,05/09/2026 12:00:05,56.193937,10.668373,Unknown value,0.0,157.7,Fishing,4.0,14.0,2026-09-05 12:00:05
219011448,05/09/2026 12:03:01,55.850625,12.57219,Unknown value,0.1,,Sailing,4.0,14.0,2026-09-05 12:03:01
219011491,05/09/2026 12:00:03,55.059432,10.620928,Under way using engine,0.0,301.6,Dredging,10.0,75.0,2026-09-05 12:00:03
219011493,05/09/2026 12:00:05,55.469113,12.196873,Unknown value,0.1,153.2,Sailing,4.0,13.0,2026-09-05 12:00:05
219011538,05/09/2026 12:01:11,55.724087,11.761875,Under way using engine,0.1,0.0,Undefined,,,2026-09-05 12:01:11
219011639,05/09/2026 12:01:38,55.913233,11.672138,Unknown value,0.2,,Pleasure,3.0,11.0,2026-09-05 12:01:38
219011809,05/09/2026 12:03:21,55.472023,12.197663,Unknown value,0.0,,Sailing,4.0,12.0,2026-09-05 12:03:21
219011857,05/09/2026 12:00:06,55.88056,11.136517,Under way using engine,0.0,,Fishing,4.0,10.0,2026-09-05 12:00:06
219012073,05/09/2026 12:01:58,55.301343,10.805675,Moored,0.0,352.6,Other,15.0,54.0,2026-09-05 12:01:58
219012275,05/09/2026 12:02:57,55.720438,11.718615,Moored,0.0,,Other,4.0,16.0,2026-09-05 12:02:57
219012302,05/09/2026 12:00:03,56.126833,12.309,Engaged in fishing,0.0,50.0,Fishing,5.0,15.0,2026-09-05 12:00:03
219012344,05/09/2026 12:00:29,55.485658,10.59794,Unknown value,0.0,,SAR,2.0,7.0,2026-09-05 12:00:29
219012372,05/09/2026 12:00:11,55.716027,10.013633,Unknown value,0.1,,Pleasure,4.0,11.0,2026-09-05 12:00:11
219012509,05/09/2026 12:00:02,56.1952,10.668517,Under way using engine,0.0,348.9,Towing,4.0,16.0,2026-09-05 12:00:02
219012583,05/09/2026 12:00:57,54.953378,12.466407,Unknown value,0.1,,Pleasure,3.0,7.0,2026-09-05 12:00:57
219012727,05/09/2026 12:02:29,55.664797,12.63426,Unknown value,0.0,,Sailing,4.0,11.0,2026-09-05 12:02:29
219012788,05/09/2026 12:00:38,55.480742,11.05589,At anchor,0.2,332.3,Cargo,10.0,32.0,2026-09-05 12:00:38
219012789,05/09/2026 12:01:39,55.480605,11.092742,At anchor,0.1,62.2,Other,2.0,2.0,2026-09-05 12:01:39
219012966,05/09/2026 12:00:01,55.26825,11.787557,Unknown value,0.0,,Pleasure,2.0,5.0,2026-09-05 12:00:01
219013073,05/09/2026 12:00:03,55.943615,11.76705,Unknown value,0.3,180.8,Sailing,3.0,8.0,2026-09-05 12:00:03
219013106,05/09/2026 12:02:02,55.5672,10.081852,Unknown value,0.0,,Fishing,4.0,9.0,2026-09-05 12:02:02
219013359,05/09/2026 12:00:07,55.15319,10.14264,Unknown value,0.0,67.1,Sailing,3.0,11.0,2026-09-05 12:00:07
219013514,05/09/2026 12:00:10,55.335133,11.139072,Restricted maneuverability,0.0,207.4,Other,18.0,22.0,2026-09-05 12:00:10
219013524,05/09/2026 12:03:27,55.643013,12.649578,Unknown value,0.0,,Pleasure,4.0,10.0,2026-09-05 12:03:27
219013667,05/09/2026 12:02:12,55.754733,11.32354,Unknown value,0.0,,Sailing,3.0,11.0,2026-09-05 12:02:12
219013796,05/09/2026 12:00:11,55.650975,12.080063,Unknown value,0.1,,Sailing,4.0,18.0,2026-09-05 12:00:11
219013964,05/09/2026 12:00:07,55.040108,10.579423,Under way using engine,6.4,81.2,Reserved,8.0,32.0,2026-09-05 12:00:07
219014089,05/09/2026 12:01:41,54.80253,11.636078,Unknown value,0.0,,Sailing,2.0,8.0,2026-09-05 12:01:41
219014219,05/09/2026 12:02:06,54.655558,11.347972,Moored,0.0,151.2,Dredging,4.0,14.0,2026-09-05 12:02:06
219014224,05/09/2026 12:00:49,54.892555,12.044693,Unknown value,0.0,,Tug,4.0,11.0,2026-09-05 12:00:49
219014266,05/09/2026 12:01:03,55.69585,12.612605,Unknown value,0.0,0.0,Port tender,4.0,8.0,2026-09-05 12:01:03
219014399,05/09/2026 12:01:24,55.636007,12.655325,Unknown value,0.0,270.4,Sailing,4.0,12.0,2026-09-05 12:01:24
219014523,05/09/2026 12:01:50,55.327273,11.13056,Unknown value,0.0,334.7,Sailing,3.0,10.0,2026-09-05 12:01:50
219014538,05/09/2026 12:00:18,55.688512,12.618125,Unknown value,0.1,,Pleasure,,,2026-09-05 12:00:18
219014559,05/09/2026 12:00:05,55.679615,12.069503,Unknown value,0.0,111.1,Pleasure,4.0,11.0,2026-09-05 12:00:05
219014735,05/09/2026 12:02:18,54.772135,11.860317,Unknown value,0.0,,Pleasure,,,2026-09-05 12:02:18
219014819,05/09/2026 12:00:50,55.714862,12.589518,Unknown value,0.0,114.4,Sailing,3.0,9.0,2026-09-05 12:00:50
219014875,05/09/2026 12:00:01,56.0456,12.68684,Moored,0.0,335.9,Tug,13.0,33.0,2026-09-05 12:00:01
219014938,05/09/2026 12:03:08,55.468712,12.197663,Unknown value,0.0,,Pleasure,3.0,11.0,2026-09-05 12:03:08
219014974,05/09/2026 12:01:07,56.04519,12.691603,Under way sailing,0.0,202.4,Passenger,8.0,36.0,2026-09-05 12:01:07
219015003,05/09/2026 12:00:10,56.127085,12.312375,Unknown value,1.5,,Sailing,5.0,17.0,2026-09-05 12:00:10
219015013,05/09/2026 12:00:52,55.688665,12.618803,Unknown value,0.1,241.7,Sailing,4.0,11.0,2026-09-05 12:00:52
219015161,05/09/2026 12:06:03,56.164435,10.218998,Unknown value,0.0,,Pleasure,4.0,10.0,2026-09-05 12:06:03
219015164,05/09/2026 12:04:25,55.914183,11.672877,Unknown value,0.0,123.3,Pleasure,,,2026-09-05 12:04:25
219015232,05/09/2026 12:01:16,54.984653,12.278983,Unknown value,0.0,56.0,Sailing,3.0,10.0,2026-09-05 12:01:16
219015233,05/09/2026 12:03:25,56.409532,10.92399,Unknown value,0.6,,Pleasure,6.0,24.0,2026-09-05 12:03:25
219015364,05/09/2026 12:05:03,55.6769,12.590463,Unknown value,0.1,230.0,Tug,4.0,15.0,2026-09-05 12:05:03
219015373,05/09/2026 12:01:24,55.330157,11.14685,Unknown value,0.0,187.8,Fishing,4.0,10.0,2026-09-05 12:01:24
219015531,05/09/2026 12:00:35,55.643057,12.648935,Unknown value,0.0,0.0,Pleasure,4.0,8.0,2026-09-05 12:00:35
219015532,05/09/2026 12:00:42,55.90998,10.254638,Unknown value,0.0,152.9,Pleasure,4.0,15.0,2026-09-05 12:00:42
219015715,05/09/2026 12:01:17,55.041377,10.66938,Unknown value,0.1,62.6,Sailing,3.0,12.0,2026-09-05 12:01:17
219015833,05/09/2026 12:00:03,55.937242,11.9054,Unknown value,0.1,323.6,Sailing,3.0,8.0,2026-09-05 12:00:03
219016144,05/09/2026 12:01:37,55.059557,10.620525,Unknown value,0.0,271.9,Tug,4.0,15.0,2026-09-05 12:01:37
219016145,05/09/2026 12:00:30,54.9424,10.261692,Unknown value,0.0,,Pleasure,,,2026-09-05 12:00:30
219016194,05/09/2026 12:00:09,56.40499,10.923907,Unknown value,0.0,,Pleasure,3.0,12.0,2026-09-05 12:00:09
219016227,05/09/2026 12:01:52,55.643242,12.650263,Unknown value,0.0,105.4,Sailing,3.0,10.0,2026-09-05 12:01:52
219016306,05/09/2026 12:00:02,55.062457,10.617087,Unknown value,0.0,35.5,Other,,,2026-09-05 12:00:02
219016555,05/09/2026 12:00:04,54.875533,11.025033,Under way using engine,6.8,81.3,Passenger,18.0,96.0,2026-09-05 12:00:04
219016572,05/09/2026 12:00:36,54.935762,11.372893,Unknown value,0.0,,Cargo,6.0,25.0,2026-09-05 12:00:36
219016577,05/09/2026 12:02:34,54.65532,11.348838,Moored,0.0,52.6,HSC,8.0,20.0,2026-09-05 12:02:34
219016615,05/09/2026 12:00:01,55.972378,11.367782,Engaged in fishing,0.0,293.0,Fishing,5.0,12.0,2026-09-05 12:00:01
219016663,05/09/2026 12:02:32,55.523715,12.892192,Moored,0.0,245.8,HSC,6.0,21.0,2026-09-05 12:02:32
219016665,05/09/2026 12:00:04,54.655023,11.348313,Under way using engine,0.0,288.8,HSC,7.0,21.0,2026-09-05 12:00:04
219016668,05/09/2026 12:02:24,54.831847,11.094483,Unknown value,0.1,,Pleasure,3.0,12.0,2026-09-05 12:02:24
219016689,05/09/2026 12:00:01,55.9634,11.845883,Unknown value,0.0,214.7,Fishing,4.0,15.0,2026-09-05 12:00:01
219016692,05/09/2026 12:00:27,55.635942,12.655368,Unknown value,0.0,,Sailing,4.0,12.0,2026-09-05 12:00:27
219016747,05/09/2026 12:00:00,54.953195,12.46711,Under way using engine,0.0,28.4,HSC,8.0,26.0,2026-09-05 12:00:00
219016759,05/09/2026 12:00:03,56.40867,10.925793,Under way using engine,0.1,167.5,SAR,3.0,11.0,2026-09-05 12:00:03
219016832,05/09/2026 12:00:08,55.212402,11.244263,Under way using engine,0.1,320.6,Passenger,12.0,38.0,2026-09-05 12:00:08
219016835,05/09/2026 12:03:42,54.940605,10.710447,Unknown value,0.0,,SAR,2.0,8.0,2026-09-05 12:03:42
219016839,05/09/2026 12:00:13,55.03915,12.193867,Unknown value,0.0,186.7,Pleasure,3.0,9.0,2026-09-05 12:00:13
219016873,05/09/2026 12:00:03,56.41005,10.923667,Under way using engine,0.0,261.7,HSC,6.0,25.0,2026-09-05 12:00:03
219016906,05/09/2026 12:00:08,55.093022,10.241495,Under way using engine,0.0,46.9,Passenger,11.0,40.0,2026-09-05 12:00:08
219016938,05/09/2026 12:00:06,54.933783,10.839717,Under way using engine,7.7,291.2,Passenger,18.0,98.0,2026-09-05 12:00:06
219017033,05/09/2026 12:02:00,55.059785,10.379098,Unknown value,0.0,90.6,Pleasure,3.0,8.0,2026-09-05 12:02:00
219017105,05/09/2026 12:00:32,55.454715,12.189965,Unknown value,0.0,,Towing,6.0,16.0,2026-09-05 12:00:32
219017147,05/09/2026 12:03:27,54.933243,10.831938,Unknown value,0.0,,Pleasure,3.0,6.0,2026-09-05 12:03:27
219017191,05/09/2026 12:02:59,55.688188,12.619438,Unknown value,0.1,340.4,Pleasure,4.0,12.0,2026-09-05 12:02:59
219017204,05/09/2026 12:01:30,54.952978,12.467328,Moored,0.0,36.3,HSC,7.0,21.0,2026-09-05 12:01:30
219017412,05/09/2026 12:00:34,55.759688,12.602267,Unknown value,0.0,,SAR,2.0,8.0,2026-09-05 12:00:34
219017502,05/09/2026 12:02:29,55.96365,11.997113,Unknown value,0.1,196.0,Pleasure,4.0,13.0,2026-09-05 12:02:29
219017684,05/09/2026 12:00:21,56.415897,10.925007,Moored,0.0,302.0,Other,28.0,55.0,2026-09-05 12:00:21
219017737,05/09/2026 12:01:26,55.7206,11.708427,Unknown value,0.1,150.1,Sailing,4.0,11.0,2026-09-05 12:01:26
219017815,05/09/2026 12:00:07,55.943048,11.78288,Under way using engine,8.9,80.1,Passenger,12.0,50.0,2026-09-05 12:00:07
219017917,05/09/2026 12:00:05,54.937618,10.702812,Under way using engine,0.0,176.3,Passenger,12.0,38.0,2026-09-05 12:00:05
219018044,05/09/2026 12:01:06,56.410133,10.92465,Moored,0.1,339.9,HSC,6.0,24.0,2026-09-05 12:01:06
219018071,05/09/2026 12:04:31,55.937023,11.906323,Unknown value,0.1,,Sailing,3.0,8.0,2026-09-05 12:04:31
219018172,05/09/2026 12:00:01,56.02333,10.814463,Under way using engine,36.9,280.2,HSC,31.0,112.0,2026-09-05 12:00:01
219018248,05/09/2026 12:08:38,55.610517,12.38825,Unknown value,0.0,327.3,Pleasure,4.0,12.0,2026-09-05 12:08:38
219018254,05/09/2026 12:09:10,56.198458,12.548237,Unknown value,0.0,,Pleasure,3.0,8.0,2026-09-05 12:09:10
219018262,05/09/2026 12:00:20,54.996738,11.437785,Unknown value,0.4,313.2,Fishing,4.0,10.0,2026-09-05 12:00:20
219018405,05/09/2026 12:00:07,56.127103,12.309712,Engaged in fishing,0.0,,Fishing,4.0,10.0,2026-09-05 12:00:07
219018456,05/09/2026 12:02:34,56.15159,10.690027,Unknown value,0.1,232.8,Sailing,3.0,14.0,2026-09-05 12:02:34
219018574,05/09/2026 12:02:31,55.687723,12.615447,Unknown value,0.1,,Pleasure,4.0,11.0,2026-09-05 12:02:31
219018615,05/09/2026 12:01:29,55.04142,10.473112,Unknown value,0.0,38.0,Pleasure,3.0,9.0,2026-09-05 12:01:29
219018616,05/09/2026 12:02:58,54.869793,11.746193,Unknown value,0.0,9.7,Pleasure,,,2026-09-05 12:02:58
219018627,05/09/2026 12:05:49,55.650832,12.080063,Unknown value,0.0,255.1,Undefined,2.0,11.0,2026-09-05 12:05:49
219018733,05/09/2026 12:01:24,56.043158,12.614115,Unknown value,0.0,,Pleasure,4.0,10.0,2026-09-05 12:01:24
219018788,05/09/2026 12:00:03,54.657165,11.34943,Moored,0.0,343.6,Other,10.0,26.0,2026-09-05 12:00:03
219018789,05/09/2026 12:03:13,55.71752,10.008452,Unknown value,0.0,,Sailing,4.0,18.0,2026-09-05 12:03:13
219018852,05/09/2026 12:00:22,54.771902,11.859915,Unknown value,0.0,,Other,,,2026-09-05 12:00:22
219018855,05/09/2026 12:00:45,55.638308,12.54547,Unknown value,0.0,,Sailing,3.0,11.0,2026-09-05 12:00:45
219018965,05/09/2026 12:00:00,55.041602,10.668808,Unknown value,0.0,184.6,Pleasure,3.0,9.0,2026-09-05 12:00:00
219018998,05/09/2026 12:00:07,55.567053,10.078968,Unknown value,0.0,274.4,Fishing,4.0,8.0,2026-09-05 12:00:07
219019152,05/09/2026 12:00:35,55.176228,11.646078,Unknown value,0.1,,Sailing,3.0,11.0,2026-09-05 12:00:35
219019184,05/09/2026 12:01:30,55.30448,10.788163,Unknown value,0.1,,Pleasure,2.0,9.0,2026-09-05 12:01:30
219019246,05/09/2026 12:00:20,56.24537,10.342048,Unknown value,0.1,333.3,Sailing,4.0,,2026-09-05 12:00:20
219019249,05/09/2026 12:02:11,55.716073,10.013835,Unknown value,0.0,164.6,Pleasure,4.0,10.0,2026-09-05 12:02:11
219019354,05/09/2026 12:00:04,55.517062,11.119155,Moored,0.0,,Other,6.0,15.0,2026-09-05 12:00:04
219019441,05/09/2026 12:00:00,55.060693,10.620283,Unknown value,0.0,31.4,Diving,16.0,84.0,2026-09-05 12:00:00
219019453,05/09/2026 12:00:24,55.760112,12.603518,Unknown value,0.0,81.6,Sailing,4.0,12.0,2026-09-05 12:00:24
219019544,05/09/2026 12:00:30,55.650628,12.077215,Unknown value,0.0,138.0,Sailing,4.0,14.0,2026-09-05 12:00:30
219019558,05/09/2026 12:00:40,55.003778,11.916723,Unknown value,0.1,24.6,Sailing,4.0,12.0,2026-09-05 12:00:40
219019646,05/09/2026 12:00:13,55.990798,12.743658,Unknown value,0.0,,Sailing,4.0,11.0,2026-09-05 12:00:13
219019824,05/09/2026 12:01:13,54.849873,10.524027,Unknown value,0.0,216.7,Sailing,3.0,10.0,2026-09-05 12:01:13
219019887,05/09/2026 12:00:03,55.922583,10.32135,Under way using engine,11.4,286.4,Passenger,18.0,100.0,2026-09-05 12:00:03
219019921,05/09/2026 12:01:07,55.199553,11.491543,Unknown value,0.8,243.6,Pleasure,4.0,10.0,2026-09-05 12:01:07
219020100,05/09/2026 12:00:23,56.011457,12.206297,Unknown value,0.0,83.1,Pleasure,3.0,7.0,2026-09-05 12:00:23
219020102,05/09/2026 12:04:08,56.125562,12.312963,Unknown value,0.1,189.4,Pleasure,3.0,7.0,2026-09-05 12:04:08
219020352,05/09/2026 12:01:41,54.942497,10.260548,Unknown value,0.0,,Pleasure,5.0,14.0,2026-09-05 12:01:41
219020391,05/09/2026 12:02:26,55.058538,10.620642,Unknown value,0.2,93.5,Pilot,4.0,10.0,2026-09-05 12:02:26
219020401,05/09/2026 12:02:32,56.127225,12.312387,Unknown value,0.0,,Pleasure,3.0,11.0,2026-09-05 12:02:32
219020430,05/09/2026 12:02:02,55.761337,12.09346,Unknown value,0.0,282.7,Pleasure,4.0,9.0,2026-09-05 12:02:02
219020450,05/09/2026 12:00:16,55.033402,10.54073,Unknown value,0.0,,Pleasure,,,2026-09-05 12:00:16
219020533,05/09/2026 12:00:09,55.713492,12.637738,Restricted maneuverability,0.0,256.9,Other,12.0,66.0,2026-09-05 12:00:09
219020587,05/09/2026 12:01:20,56.16867,10.22322,Unknown value,0.1,,Sailing,4.0,11.0,2026-09-05 12:01:20
219020710,05/09/2026 12:04:44,55.05962,10.381085,Unknown value,0.2,357.4,Sailing,3.0,103.0,2026-09-05 12:04:44
219020740,05/09/2026 12:05:01,54.849368,10.524813,Unknown value,0.1,90.0,Pleasure,,,2026-09-05 12:05:01
219020754,05/09/2026 12:01:18,55.041468,10.472632,Unknown value,0.1,,Pleasure,4.0,12.0,2026-09-05 12:01:18
219020770,05/09/2026 12:01:46,55.693998,12.600108,Unknown value,0.0,,Pleasure,,,2026-09-05 12:01:46
219020802,05/09/2026 12:01:02,55.963588,11.844552,Unknown value,0.0,35.3,Sailing,4.0,12.0,2026-09-05 12:01:02
219020885,05/09/2026 12:00:35,54.942575,10.710587,Unknown value,0.0,41.0,Pleasure,5.0,15.0,2026-09-05 12:00:35
219021119,05/09/2026 12:00:07,56.137417,10.213155,Unknown value,0.0,184.1,Sailing,5.0,15.0,2026-09-05 12:00:07
219021135,05/09/2026 12:00:49,54.849935,10.524517,Unknown value,0.0,,Sailing,3.0,10.0,2026-09-05 12:00:49
219021146,05/09/2026 12:02:28,55.253242,12.373788,Unknown value,0.1,,Pleasure,4.0,9.0,2026-09-05 12:02:28
219021258,05/09/2026 12:00:21,55.679337,12.635238,Unknown value,0.3,238.7,SAR,3.0,10.0,2026-09-05 12:00:21
219021266,05/09/2026 12:00:00,55.96402,11.84535,Under way using engine,0.0,323.6,Pleasure,5.0,17.0,2026-09-05 12:00:00
219021294,05/09/2026 12:01:56,55.003928,11.916643,Unknown value,0.0,,Pleasure,4.0,12.0,2026-09-05 12:01:56
219021447,05/09/2026 12:03:38,56.208635,10.289443,Unknown value,0.0,174.7,Sailing,3.0,10.0,2026-09-05 12:03:38
219021596,05/09/2026 12:00:28,55.057757,10.616733,Moored,0.0,321.6,Law enforcement,8.0,20.0,2026-09-05 12:00:28
219021735,05/09/2026 12:00:06,55.710735,12.592145,Unknown value,0.1,330.5,Sailing,3.0,10.0,2026-09-05 12:00:06
219021795,05/09/2026 12:00:27,55.643418,12.649872,Unknown value,0.0,,Sailing,4.0,10.0,2026-09-05 12:00:27
219021844,05/09/2026 12:02:32,55.71669,12.59108,Unknown value,0.0,276.0,Sailing,3.0,10.0,2026-09-05 12:02:32
219021932,05/09/2026 12:02:34,55.216785,11.743158,Unknown value,0.1,,Pleasure,4.0,10.0,2026-09-05 12:02:34
219022051,05/09/2026 12:00:24,55.848402,12.039385,Unknown value,6.2,173.1,Pleasure,,,2026-09-05 12:00:24
219022086,05/09/2026 12:01:34,55.642437,12.651363,Unknown value,0.0,,Sailing,3.0,10.0,2026-09-05 12:01:34
219022214,05/09/2026 12:01:21,55.964352,11.844425,Unknown value,0.1,,Dredging,4.0,12.0,2026-09-05 12:01:21
219022225,05/09/2026 12:01:01,55.703103,12.731953,Unknown value,0.0,,Sailing,,,2026-09-05 12:01:01
219022260,05/09/2026 12:00:03,55.343663,11.059143,Restricted maneuverability,0.0,89.6,Dredging,11.0,27.0,2026-09-05 12:00:03
219022343,05/09/2026 12:03:47,55.469865,12.198417,Unknown value,0.1,,Pleasure,4.0,12.0,2026-09-05 12:03:47
219022352,05/09/2026 12:00:15,55.910973,10.25606,Unknown value,0.0,175.8,Sailing,4.0,12.0,2026-09-05 12:00:15
219022362,05/09/2026 12:03:34,55.216492,11.74256,Unknown value,0.0,250.8,Pleasure,3.0,10.0,2026-09-05 12:03:34
219022389,05/09/2026 12:02:30,55.760497,12.603478,Moored,0.0,200.5,Pleasure,7.0,27.0,2026-09-05 12:02:30
219022390,05/09/2026 12:02:08,55.760583,12.60358,Moored,0.0,134.0,Pleasure,7.0,27.0,2026-09-05 12:02:08
219022505,05/09/2026 12:06:28,55.478025,10.451857,Unknown value,0.1,30.7,Sailing,2.0,8.0,2026-09-05 12:06:28
219022526,05/09/2026 12:02:27,55.176748,11.643165,Unknown value,0.2,,Pleasure,6.0,13.0,2026-09-05 12:02:27
219022560,05/09/2026 12:00:07,55.096843,10.232075,Unknown value,0.1,,Sailing,,,2026-09-05 12:00:07
219022614,05/09/2026 12:02:25,55.094895,10.239888,Unknown value,0.1,218.8,Pleasure,5.0,15.0,2026-09-05 12:02:25
219022639,05/09/2026 12:00:52,55.643248,12.650517,Unknown value,0.1,,Pleasure,,,2026-09-05 12:00:52
219022668,05/09/2026 12:02:31,56.125722,12.310622,Unknown value,0.0,302.5,Diving,3.0,13.0,2026-09-05 12:02:31
219022736,05/09/2026 12:01:25,55.688813,12.618268,Unknown value,0.1,266.4,Pleasure,,,2026-09-05 12:01:25
219022885,05/09/2026 12:00:33,55.041723,10.669193,Unknown value,0.1,75.7,Sailing,,,2026-09-05 12:00:33
219022903,05/09/2026 12:00:03,55.974195,11.299597,Reserved for future amendment [HSC],0.0,5.6,HSC,31.0,109.0,2026-09-05 12:00:03
219023018,05/09/2026 12:01:34,55.688403,12.61902,Unknown value,0.1,40.8,Sailing,4.0,12.0,2026-09-05 12:01:34
219023099,05/09/2026 12:03:42,54.772245,11.860763,Unknown value,0.1,170.9,Pleasure,4.0,11.0,2026-09-05 12:03:42
219023114,05/09/2026 12:01:38,54.995152,11.88923,Unknown value,0.0,94.6,Sailing,4.0,11.0,2026-09-05 12:01:38
219023171,05/09/2026 12:00:56,55.9491,10.45274,Unknown value,0.3,10.2,Sailing,4.0,11.0,2026-09-05 12:00:56
219023225,05/09/2026 12:09:27,55.722637,11.76086,Unknown value,0.0,66.4,Sailing,4.0,10.0,2026-09-05 12:09:27
219023370,05/09/2026 12:00:36,55.178033,11.655187,Unknown value,0.0,147.0,Sailing,4.0,9.0,2026-09-05 12:00:36
219023384,05/09/2026 12:02:13,55.610532,12.38812,Unknown value,0.0,,Sailing,4.0,12.0,2026-09-05 12:02:13
219023391,05/09/2026 12:00:15,55.84955,12.573813,Unknown value,0.0,172.1,Pleasure,4.0,14.0,2026-09-05 12:00:15
219023392,05/09/2026 12:00:56,55.216408,11.74239,Unknown value,0.1,338.9,Pleasure,3.0,11.0,2026-09-05 12:00:56
219023397,05/09/2026 12:01:49,54.751463,10.673212,Unknown value,0.1,,Pleasure,,,2026-09-05 12:01:49
219023437,05/09/2026 12:01:16,54.751307,10.673558,Unknown value,0.0,,Pleasure,,,2026-09-05 12:01:16
219023467,05/09/2026 12:01:08,55.910163,10.25585,Moored,0.0,17.5,Cargo,4.0,14.0,2026-09-05 12:01:08
219023488,05/09/2026 12:01:33,55.177793,11.654083,Unknown value,0.1,,Pleasure,4.0,9.0,2026-09-05 12:01:33
219023531,05/09/2026 12:00:01,54.947747,10.257472,Under way using engine,11.5,160.8,Passenger,13.0,60.0,2026-09-05 12:00:01
219023648,05/09/2026 12:00:03,55.972155,11.370683,Under way using engine,0.0,242.4,Pilot,8.0,15.0,2026-09-05 12:00:03
219023665,05/09/2026 12:01:31,55.453953,10.666092,Unknown value,0.1,,Sailing,3.0,10.0,2026-09-05 12:01:31
219023691,05/09/2026 12:01:58,55.76283,12.602633,Unknown value,0.0,233.0,Sailing,5.0,16.0,2026-09-05 12:01:58
219023719,05/09/2026 12:03:06,55.665038,12.633578,Unknown value,0.0,,Pleasure,6.0,10.0,2026-09-05 12:03:06
219023752,05/09/2026 12:01:59,55.453743,12.186593,Unknown value,0.4,,Pleasure,3.0,12.0,2026-09-05 12:01:59
219023811,05/09/2026 12:00:20,54.833637,11.121018,Unknown value,0.0,,Pleasure,4.0,12.0,2026-09-05 12:00:20
219023833,05/09/2026 12:00:03,55.67739,11.082668,Under way using engine,0.0,75.0,Pilot,6.0,15.0,2026-09-05 12:00:03
219023834,05/09/2026 12:00:06,54.930955,10.836197,Under way using engine,19.4,154.8,Pilot,5.0,15.0,2026-09-05 12:00:06
219023843,05/09/2026 12:09:44,56.151393,10.690268,Unknown value,0.0,11.8,Pleasure,,,2026-09-05 12:09:44
219023945,05/09/2026 12:02:25,55.06,10.616833,Moored,0.0,349.0,Pilot,4.0,15.0,2026-09-05 12:02:25
219024034,05/09/2026 12:01:52,55.049397,10.613932,Unknown value,0.0,31.8,Pleasure,4.0,11.0,2026-09-05 12:01:52
219024144,05/09/2026 12:01:25,54.851408,10.524128,Unknown value,0.0,,Pleasure,4.0,12.0,2026-09-05 12:01:25
219024175,05/09/2026 12:00:02,55.538403,10.568138,Under way using engine,6.4,14.8,Pilot,5.0,15.0,2026-09-05 12:00:02
219024176,05/09/2026 12:00:02,55.592817,12.680165,Under way using engine,0.0,299.5,Pilot,5.0,15.0,2026-09-05 12:00:02
219024178,05/09/2026 12:00:04,54.571838,11.928712,Under way using engine,0.0,178.4,Pilot,5.0,15.0,2026-09-05 12:00:04
219024210,05/09/2026 12:02:34,55.761567,12.602012,Unknown value,0.0,,Pleasure,4.0,11.0,2026-09-05 12:02:34
219024229,05/09/2026 12:05:18,56.261398,10.399868,Unknown value,5.2,234.9,Pleasure,3.0,9.0,2026-09-05 12:05:18
219024281,05/09/2026 12:00:36,55.093457,10.235422,Moored,0.0,15.8,Undefined,5.0,20.0,2026-09-05 12:00:36
219024284,05/09/2026 12:00:05,54.942058,10.25755,Unknown value,0.0,359.7,Cargo,4.0,14.0,2026-09-05 12:00:05
219024336,05/09/2026 12:02:51,56.034317,12.616585,Under way using engine,4.9,48.3,Passenger,8.0,30.0,2026-09-05 12:02:51
219024350,05/09/2026 12:02:27,55.46985,12.198705,Unknown value,0.0,,Sailing,4.0,17.0,2026-09-05 12:02:27
219024477,05/09/2026 12:00:15,56.24453,10.340203,Unknown value,0.3,,Pleasure,3.0,9.0,2026-09-05 12:00:15
219024597,05/09/2026 12:01:01,55.675327,11.100373,Moored,0.0,292.6,Tug,10.0,19.0,2026-09-05 12:01:01
219024603,05/09/2026 12:00:55,55.850125,12.571842,Unknown value,0.0,,Sailing,4.0,10.0,2026-09-05 12:00:55
219024604,05/09/2026 12:00:05,55.97221,11.368525,Moored,0.0,185.4,Military,7.0,21.0,2026-09-05 12:00:05
219024675,05/09/2026 12:00:05,55.592898,12.680072,Under way using engine,0.0,219.7,Pilot,5.0,15.0,2026-09-05 12:00:05
219024676,05/09/2026 12:00:05,55.333442,11.134267,Under way using engine,0.0,245.7,Pilot,5.0,15.0,2026-09-05 12:00:05
219024702,05/09/2026 12:00:14,55.941423,11.866175,Under way using engine,0.0,291.6,Pleasure,7.0,22.0,2026-09-05 12:00:14
219024775,05/09/2026 12:00:38,56.12739,12.312467,Unknown value,0.0,187.0,Pleasure,3.0,7.0,2026-09-05 12:00:38
219024784,05/09/2026 12:00:02,56.407952,11.080512,Under way using engine,6.8,190.3,Pilot,5.0,15.0,2026-09-05 12:00:02
219024831,05/09/2026 12:00:10,55.822673,10.05199,Unknown value,0.0,265.2,Pleasure,4.0,14.0,2026-09-05 12:00:10
219024832,05/09/2026 12:00:40,55.449793,10.663692,Unknown value,0.0,347.6,Sailing,5.0,15.0,2026-09-05 12:00:40
219024886,05/09/2026 12:00:04,54.942383,10.258475,Under way using engine,0.0,227.7,Dredging,5.0,16.0,2026-09-05 12:00:04
219024937,05/09/2026 12:01:15,55.594393,12.676268,Unknown value,0.0,,Pleasure,3.0,10.0,2026-09-05 12:01:15
219025008,05/09/2026 12:04:40,55.469998,12.195108,Unknown value,0.0,,Sailing,3.0,11.0,2026-09-05 12:04:40
219025022,05/09/2026 12:05:11,54.664482,11.728368,Unknown value,0.1,,Pleasure,4.0,9.0,2026-09-05 12:05:11
219025072,05/09/2026 12:01:01,55.003645,11.916713,Unknown value,0.1,,Pleasure,4.0,11.0,2026-09-05 12:01:01
219025099,05/09/2026 12:02:23,54.91504,11.358528,Unknown value,0.0,,Sailing,3.0,9.0,2026-09-05 12:02:23
219025221,05/09/2026 12:00:03,55.058667,10.62136,Under way using engine,0.0,204.1,Tug,8.0,26.0,2026-09-05 12:00:03
219025371,05/09/2026 12:02:26,55.761878,12.602585,Unknown value,0.0,321.7,Sailing,4.0,13.0,2026-09-05 12:02:26
219025528,05/09/2026 12:00:07,55.289218,10.920017,Power-driven vessel pushing ahead or towing alongside,5.6,260.8,Tug,9.0,24.0,2026-09-05 12:00:07
219025571,05/09/2026 12:00:31,55.592278,12.352797,Unknown value,0.0,0.0,Sailing,,,2026-09-05 12:00:31
219025579,05/09/2026 12:01:41,54.816592,11.017468,Unknown value,0.0,,Pleasure,4.0,12.0,2026-09-05 12:01:41
219025633,05/09/2026 12:09:25,55.677737,11.083178,Unknown value,0.0,,Sailing,4.0,14.0,2026-09-05 12:09:25
219025637,05/09/2026 12:00:53,55.665115,12.633853,Unknown value,0.1,26.9,Pleasure,2.0,6.0,2026-09-05 12:00:53
219025654,05/09/2026 12:02:03,55.754732,11.324225,Unknown value,0.0,308.5,Pleasure,4.0,15.0,2026-09-05 12:02:03
219025774,05/09/2026 12:00:18,55.821733,10.052177,Moored,0.0,61.0,Cargo,6.0,20.0,2026-09-05 12:00:18
219025783,05/09/2026 12:01:11,56.165945,10.220427,Unknown value,0.1,261.8,Pleasure,4.0,15.0,2026-09-05 12:01:11
219025891,05/09/2026 12:03:24,55.06146,10.615402,Unknown value,0.1,,Pleasure,4.0,13.0,2026-09-05 12:03:24
219026057,05/09/2026 12:01:06,55.787518,12.595612,Unknown value,0.1,,Sailing,,,2026-09-05 12:01:06
219026068,05/09/2026 12:00:05,55.157137,11.26866,Unknown value,8.1,120.0,Sailing,4.0,12.0,2026-09-05 12:00:05
219026118,05/09/2026 12:01:43,55.096163,10.230087,Unknown value,0.0,,Sailing,4.0,11.0,2026-09-05 12:01:43
219026152,05/09/2026 12:00:39,56.209223,10.29108,Unknown value,0.0,,Pleasure,,,2026-09-05 12:00:39
219026155,05/09/2026 12:00:57,54.891545,12.048435,Unknown value,0.1,,Pleasure,4.0,,2026-09-05 12:00:57
219026159,05/09/2026 12:09:43,55.199693,11.491558,Unknown value,1.6,68.9,Sailing,4.0,11.0,2026-09-05 12:09:43
219026168,05/09/2026 12:02:15,54.994493,12.166232,Unknown value,0.0,,Pleasure,3.0,11.0,2026-09-05 12:02:15
219026175,05/09/2026 12:02:51,55.61151,12.385567,Unknown value,0.0,276.5,Sailing,4.0,12.0,2026-09-05 12:02:51
219026197,05/09/2026 12:00:02,54.889298,10.63311,Under way using engine,10.0,36.1,Passenger,13.0,50.0,2026-09-05 12:00:02
219026205,05/09/2026 12:04:01,56.126367,12.31224,Unknown value,0.1,246.8,Sailing,5.0,14.0,2026-09-05 12:04:01
219026232,05/09/2026 12:00:08,55.594493,12.6782,Unknown value,0.0,,Pleasure,4.0,11.0,2026-09-05 12:00:08
219026261,05/09/2026 12:01:42,55.865452,10.54855,Moored,0.0,275.7,HSC,10.0,36.0,2026-09-05 12:01:42
219026300,05/09/2026 12:01:58,55.690965,12.606978,Unknown value,0.0,272.2,Passenger,6.0,24.0,2026-09-05 12:01:58
219026301,05/09/2026 12:02:48,55.673252,12.584317,Unknown value,4.1,51.6,Passenger,6.0,23.0,2026-09-05 12:02:48
219026303,05/09/2026 12:00:26,55.66629,12.573527,Unknown value,5.6,210.8,Passenger,6.0,24.0,2026-09-05 12:00:26
219026304,05/09/2026 12:00:24,55.688027,12.599767,Unknown value,0.6,198.3,Passenger,6.0,24.0,2026-09-05 12:00:24
219026306,05/09/2026 12:00:03,55.711593,12.59616,Unknown value,0.7,100.2,Passenger,6.0,24.0,2026-09-05 12:00:03
219026346,05/09/2026 12:03:11,55.56879,10.078778,Unknown value,0.0,,Pleasure,5.0,16.0,2026-09-05 12:03:11
219026384,05/09/2026 12:00:05,55.826035,12.057788,Unknown value,0.0,,Pleasure,,,2026-09-05 12:00:05
219026391,05/09/2026 12:00:58,56.126302,12.313152,Unknown value,0.1,,Pleasure,4.0,13.0,2026-09-05 12:00:58
219026457,05/09/2026 12:00:01,55.913097,11.673632,Unknown value,0.0,150.1,Diving,4.0,11.0,2026-09-05 12:00:01
219026467,05/09/2026 12:00:48,55.452208,10.666762,Unknown value,0.1,,Sailing,3.0,12.0,2026-09-05 12:00:48
219026516,05/09/2026 12:02:25,55.210937,11.198292,Unknown value,0.0,,Pleasure,4.0,15.0,2026-09-05 12:02:25
219026609,05/09/2026 12:00:22,55.097075,10.232383,Unknown value,0.0,,Pleasure,3.0,10.0,2026-09-05 12:00:22
219026657,05/09/2026 12:01:17,55.913102,11.671383,Unknown value,0.0,,Pleasure,4.0,14.0,2026-09-05 12:01:17
219026722,05/09/2026 12:00:28,56.172523,10.30603,Unknown value,31.0,201.4,Undefined,,,2026-09-05 12:00:28
219026739,05/09/2026 12:00:13,56.247402,10.381272,Unknown value,6.0,325.6,Sailing,4.0,11.0,2026-09-05 12:00:13
219026845,05/09/2026 12:01:29,55.567832,10.080542,Unknown value,0.0,41.1,Pleasure,4.0,14.0,2026-09-05 12:01:29
219026897,05/09/2026 12:01:30,55.611807,12.394493,Unknown value,0.3,227.2,Pleasure,4.0,13.0,2026-09-05 12:01:30
219026899,05/09/2026 12:02:18,55.178213,11.654977,Unknown value,0.6,,Pleasure,3.0,9.0,2026-09-05 12:02:18
219026902,05/09/2026 12:00:00,55.252218,11.288773,Unknown value,0.1,,Pleasure,4.0,10.0,2026-09-05 12:00:00
219026996,05/09/2026 12:00:01,55.715273,12.587692,Unknown value,0.0,,Sailing,4.0,11.0,2026-09-05 12:00:01
219027066,05/09/2026 12:01:48,54.938177,10.70527,Unknown value,0.1,,Pleasure,,,2026-09-05 12:01:48
219027205,05/09/2026 12:00:01,55.039393,12.193898,Unknown value,0.0,273.3,Sailing,4.0,10.0,2026-09-05 12:00:01
219027249,05/09/2026 12:00:50,55.636353,12.655335,Unknown value,0.0,71.9,Pleasure,4.0,20.0,2026-09-05 12:00:50
219027290,05/09/2026 12:02:48,56.404822,10.92384,Unknown value,0.0,148.0,Pleasure,3.0,8.0,2026-09-05 12:02:48
219027310,05/09/2026 12:02:20,56.149802,10.214805,Moored,0.0,286.5,Cargo,10.0,52.0,2026-09-05 12:02:20
219027399,05/09/2026 12:00:07,56.128067,12.309483,Engaged in fishing,0.0,359.2,Fishing,5.0,14.0,2026-09-05 12:00:07
219027402,05/09/2026 12:00:21,55.410895,10.376163,Unknown value,0.0,,Sailing,3.0,9.0,2026-09-05 12:00:21
219027541,05/09/2026 12:02:34,55.836253,12.054403,Unknown value,0.0,,Pleasure,5.0,14.0,2026-09-05 12:02:34
219027590,05/09/2026 12:01:22,56.19572,10.670703,Unknown value,0.0,,Pleasure,4.0,10.0,2026-09-05 12:01:22
219027620,05/09/2026 12:00:01,54.994275,12.16514,Unknown value,0.0,171.1,Sailing,3.0,10.0,2026-09-05 12:00:01
219027645,05/09/2026 12:01:02,55.176343,11.642093,Unknown value,0.0,,Sailing,5.0,15.0,2026-09-05 12:01:02
219027755,05/09/2026 12:02:18,54.831743,11.094462,Unknown value,0.1,118.3,Sailing,4.0,12.0,2026-09-05 12:02:18
219027831,05/09/2026 12:00:44,55.309705,10.791987,Unknown value,0.1,,Sailing,3.0,10.0,2026-09-05 12:00:44
219027868,05/09/2026 12:00:17,55.688908,12.618225,Unknown value,0.0,,Pleasure,4.0,10.0,2026-09-05 12:00:17
219027899,05/09/2026 12:02:19,55.710788,12.598642,Moored,0.0,147.4,Tug,12.0,23.0,2026-09-05 12:02:19
219027923,05/09/2026 12:00:06,55.83194,10.833423,Under way using engine,12.2,31.3,Tanker,32.0,183.0,2026-09-05 12:00:06
219027936,05/09/2026 12:08:08,56.40479,10.923773,Unknown value,0.0,24.5,Pleasure,4.0,12.0,2026-09-05 12:08:08
219028055,05/09/2026 12:01:18,55.03458,10.644932,Unknown value,0.1,244.8,Pleasure,4.0,15.0,2026-09-05 12:01:18
219028116,05/09/2026 12:00:01,54.813427,12.903132,Under way using engine,20.6,254.5,Passenger,32.0,230.0,2026-09-05 12:00:01
219028144,05/09/2026 12:02:35,55.327863,11.131175,Unknown value,0.0,63.5,Sailing,4.0,11.0,2026-09-05 12:02:35
219028267,05/09/2026 12:01:21,55.296037,10.812827,Moored,0.0,357.9,Other,10.0,16.0,2026-09-05 12:01:21
219028268,05/09/2026 12:00:20,56.151023,10.216658,Moored,0.0,250.1,Dredging,12.0,55.0,2026-09-05 12:00:20
219028328,05/09/2026 12:04:23,54.760065,11.861312,Unknown value,0.2,,Sailing,4.0,12.0,2026-09-05 12:04:23
219028353,05/09/2026 12:02:49,55.097325,10.233598,Unknown value,0.1,85.8,Pleasure,3.0,8.0,2026-09-05 12:02:49
219028360,05/09/2026 12:00:27,55.712262,12.589135,Unknown value,0.1,,Sailing,4.0,12.0,2026-09-05 12:00:27
219028371,05/09/2026 12:00:02,55.826882,12.059492,Unknown value,0.0,207.0,Pleasure,4.0,12.0,2026-09-05 12:00:02
219028394,05/09/2026 12:00:06,56.094907,12.457892,Restricted maneuverability,0.0,290.7,Dredging,8.0,30.0,2026-09-05 12:00:06
219028396,05/09/2026 12:01:41,55.040745,10.66174,Unknown value,0.1,149.4,Sailing,4.0,12.0,2026-09-05 12:01:41
219028502,05/09/2026 12:00:07,55.03943,10.746718,Unknown value,6.9,199.7,Sailing,3.0,10.0,2026-09-05 12:00:07
219028503,05/09/2026 12:05:50,55.711475,12.589848,Unknown value,0.0,,Pleasure,4.0,12.0,2026-09-05 12:05:50
219028526,05/09/2026 12:00:34,55.12441,12.041493,Unknown value,0.0,,Pleasure,4.0,11.0,2026-09-05 12:00:34
219028549,05/09/2026 12:05:22,55.452305,10.666425,Unknown value,0.0,,Sailing,4.0,11.0,2026-09-05 12:05:22
219028616,05/09/2026 12:02:23,55.910468,10.25316,Unknown value,0.0,253.6,Sailing,4.0,12.0,2026-09-05 12:02:23
219028636,05/09/2026 12:01:21,55.773373,12.609398,Unknown value,8.0,185.2,Pleasure,4.0,11.0,2026-09-05 12:01:21
219028641,05/09/2026 12:00:58,55.451547,10.667303,Unknown value,0.0,,Undefined,2.0,6.0,2026-09-05 12:00:58
219028771,05/09/2026 12:00:13,54.871025,11.745905,Unknown value,0.0,,Pleasure,,,2026-09-05 12:00:13
219028774,05/09/2026 12:01:29,55.679117,12.069417,Unknown value,0.1,0.0,Sailing,5.0,14.0,2026-09-05 12:01:29
219028783,05/09/2026 12:00:20,56.195392,10.668677,Unknown value,0.1,,Pleasure,5.0,16.0,2026-09-05 12:00:20
219028826,05/09/2026 12:01:05,55.745,12.096667,Unknown value,0.0,,Pleasure,,,2026-09-05 12:01:05
219028973,05/09/2026 12:01:19,54.656942,11.348968,Moored,0.0,294.2,HSC,8.0,19.0,2026-09-05 12:01:19
219028998,05/09/2026 12:01:29,54.893403,10.410443,Unknown value,0.0,,Pleasure,3.0,7.0,2026-09-05 12:01:29
219029007,05/09/2026 12:02:09,55.040557,10.660667,Unknown value,0.2,,Sailing,3.0,9.0,2026-09-05 12:02:09
219029042,05/09/2026 12:05:44,56.094717,12.457555,Unknown value,0.1,,Sailing,4.0,13.0,2026-09-05 12:05:44
219029112,05/09/2026 12:02:04,55.963812,11.846023,Unknown value,0.2,,Sailing,6.0,20.0,2026-09-05 12:02:04
219029177,05/09/2026 12:05:17,55.909995,10.253637,Unknown value,0.1,,Pleasure,4.0,18.0,2026-09-05 12:05:17
219029210,05/09/2026 12:00:09,55.720447,12.597945,Unknown value,0.1,,Sailing,7.0,12.0,2026-09-05 12:00:09
219029216,05/09/2026 12:00:55,55.949203,10.452772,Unknown value,0.1,325.0,Pleasure,,11.0,2026-09-05 12:00:55
219029251,05/09/2026 12:02:34,54.811442,11.620598,Unknown value,0.0,,Sailing,,,2026-09-05 12:02:34
219029287,05/09/2026 12:04:38,54.816325,11.015927,Unknown value,0.0,,Pleasure,3.0,18.0,2026-09-05 12:04:38
219029338,05/09/2026 12:00:33,55.909468,10.25344,Unknown value,0.0,,Pleasure,6.0,15.0,2026-09-05 12:00:33
219029348,05/09/2026 12:00:18,55.726392,12.588477,Moored,0.0,,Pleasure,6.0,23.0,2026-09-05 12:00:18
219029349,05/09/2026 12:08:51,55.328253,11.12925,Unknown value,0.0,260.2,Sailing,4.0,14.0,2026-09-05 12:08:51
219029386,05/09/2026 12:01:42,55.915243,11.669443,Unknown value,0.0,,Pleasure,4.0,15.0,2026-09-05 12:01:42
219029389,05/09/2026 12:04:10,55.470273,12.200895,Unknown value,0.0,254.8,Pleasure,4.0,12.0,2026-09-05 12:04:10
219029392,05/09/2026 12:00:50,56.094377,12.457482,Unknown value,0.1,,Sailing,4.0,12.0,2026-09-05 12:00:50
219029420,05/09/2026 12:00:26,54.802057,11.635795,Unknown value,0.6,,Sailing,4.0,16.0,2026-09-05 12:00:26
219029440,05/09/2026 12:04:24,55.45475,12.187907,Unknown value,0.0,,Pleasure,4.0,13.0,2026-09-05 12:04:24
219029444,05/09/2026 12:05:54,55.963365,11.997763,Unknown value,0.0,,Pleasure,5.0,14.0,2026-09-05 12:05:54
219029468,05/09/2026 12:00:50,55.714807,10.01742,Unknown value,0.1,,Sailing,3.0,11.0,2026-09-05 12:00:50
219029472,05/09/2026 12:02:11,56.050232,12.684485,Unknown value,0.1,,Pleasure,4.0,15.0,2026-09-05 12:02:11
219029572,05/09/2026 12:09:13,55.177773,11.655217,Unknown value,0.0,,Pleasure,3.0,10.0,2026-09-05 12:09:13
219029577,05/09/2026 12:00:08,54.750907,10.670665,Under way using engine,0.0,0.0,Pilot,4.0,10.0,2026-09-05 12:00:08
219029601,05/09/2026 12:01:01,56.126285,12.311308,Moored,0.0,213.5,Pleasure,4.0,16.0,2026-09-05 12:01:01
219029638,05/09/2026 12:00:13,56.043477,12.621323,Unknown value,3.8,229.7,Sailing,,,2026-09-05 12:00:13
219029654,05/09/2026 12:01:31,56.125912,12.312582,Unknown value,0.1,,Sailing,4.0,10.0,2026-09-05 12:01:31
219029703,05/09/2026 12:00:02,54.770752,11.868667,Unknown value,0.4,24.3,SAR,2.0,6.0,2026-09-05 12:00:02
219029706,05/09/2026 12:00:03,56.409035,10.925083,Unknown value,0.1,20.5,SAR,2.0,6.0,2026-09-05 12:00:03
219029707,05/09/2026 12:00:14,54.95358,12.466293,Under way using engine,0.0,300.7,Undefined,,,2026-09-05 12:00:14
219029751,05/09/2026 12:00:09,56.154123,10.217713,Under way using engine,0.0,203.2,Tug,12.0,30.0,2026-09-05 12:00:09
219029753,05/09/2026 12:03:06,55.611353,12.395065,Unknown value,0.1,,Pleasure,4.0,12.0,2026-09-05 12:03:06
219029763,05/09/2026 12:00:09,55.826668,12.60607,Unknown value,7.0,163.8,Sailing,4.0,11.0,2026-09-05 12:00:09
219029789,05/09/2026 12:02:26,55.178038,11.65325,Unknown value,0.0,,Pleasure,4.0,13.0,2026-09-05 12:02:26
219029805,05/09/2026 12:00:15,56.043787,12.618028,Unknown value,0.1,,Pleasure,,9.0,2026-09-05 12:00:15
219029906,05/09/2026 12:02:42,55.651037,12.077852,Unknown value,0.0,,Pleasure,5.0,14.0,2026-09-05 12:02:42
219029909,05/09/2026 12:02:42,55.965003,11.998875,Unknown value,0.0,109.1,Sailing,,,2026-09-05 12:02:42
219029960,05/09/2026 12:06:23,55.25338,12.376768,Unknown value,0.1,,Pleasure,4.0,12.0,2026-09-05 12:06:23
219030011,05/09/2026 12:01:02,55.592808,12.143258,Unknown value,0.3,,Pleasure,3.0,6.0,2026-09-05 12:01:02
219030104,05/09/2026 12:06:39,55.761125,12.093917,Unknown value,0.3,,Pleasure,4.0,8.0,2026-09-05 12:06:39
219030227,05/09/2026 12:01:15,55.454282,10.667288,Unknown value,0.0,,Pleasure,,,2026-09-05 12:01:15
219030294,05/09/2026 12:00:21,55.67578,12.596262,Unknown value,0.6,71.8,Pleasure,5.0,11.0,2026-09-05 12:00:21
219030295,05/09/2026 12:01:07,55.679493,12.06893,Unknown value,0.1,,Pleasure,4.0,12.0,2026-09-05 12:01:07
219030311,05/09/2026 12:00:57,54.942487,10.260997,Unknown value,0.0,,Pleasure,4.0,,2026-09-05 12:00:57
219030342,05/09/2026 12:00:00,55.06119,10.61438,Unknown value,0.1,,Pleasure,,,2026-09-05 12:00:00
219030348,05/09/2026 12:01:58,56.127318,12.31188,Unknown value,0.1,,Pleasure,4.0,14.0,2026-09-05 12:01:58
219030517,05/09/2026 12:00:20,55.685213,12.598368,Unknown value,8.4,202.6,Pleasure,2.0,10.0,2026-09-05 12:00:20
219030561,05/09/2026 12:05:04,55.607762,12.384513,Unknown value,0.0,,Pleasure,4.0,13.0,2026-09-05 12:05:04
219030581,05/09/2026 12:00:17,54.941968,10.711238,Unknown value,0.1,,Pleasure,3.0,11.0,2026-09-05 12:00:17
219030590,05/09/2026 12:00:14,56.404462,10.924178,Unknown value,0.3,37.0,Pleasure,3.0,9.0,2026-09-05 12:00:14
219030604,05/09/2026 12:00:55,56.244083,10.361633,Unknown value,6.5,291.4,Pleasure,4.0,11.0,2026-09-05 12:00:55
219030650,05/09/2026 12:05:19,55.608712,12.38777,Unknown value,0.0,,Pleasure,4.0,12.0,2026-09-05 12:05:19
219030656,05/09/2026 12:00:06,54.572568,11.929208,Under way using engine,0.0,18.9,Pilot,4.0,15.0,2026-09-05 12:00:06
219030681,05/09/2026 12:01:50,55.004162,11.914253,Unknown value,0.0,,Pleasure,3.0,8.0,2026-09-05 12:01:50
219030728,05/09/2026 12:00:13,54.943123,11.881377,Unknown value,0.0,,Pleasure,4.0,8.0,2026-09-05 12:00:13
219030868,05/09/2026 12:03:17,55.67979,12.070392,Unknown value,0.1,,Pleasure,4.0,11.0,2026-09-05 12:03:17
219031080,05/09/2026 12:04:39,55.125032,12.041187,Unknown value,0.0,,Pleasure,4.0,11.0,2026-09-05 12:04:39
219031082,05/09/2026 12:01:40,55.910963,10.642065,Unknown value,0.2,0.0,Sailing,3.0,13.0,2026-09-05 12:01:40
219031178,05/09/2026 12:00:03,55.71738,10.00805,Unknown value,0.1,356.8,Sailing,,,2026-09-05 12:00:03
219031226,05/09/2026 12:02:22,55.688073,12.619207,Unknown value,0.0,,Pleasure,4.0,12.0,2026-09-05 12:02:22
219031274,05/09/2026 12:00:36,54.640075,11.376038,Moored,0.0,231.3,Undefined,5.0,20.0,2026-09-05 12:00:36
219031279,05/09/2026 12:00:40,55.684703,12.608845,Moored,0.0,0.0,Military,50.0,110.0,2026-09-05 12:00:40
219031332,05/09/2026 12:00:01,55.972203,11.369395,Unknown value,0.0,264.9,Sailing,4.0,9.0,2026-09-05 12:00:01
219031439,05/09/2026 12:01:58,55.849762,12.573218,Unknown value,0.0,,Sailing,4.0,11.0,2026-09-05 12:01:58
219031490,05/09/2026 12:00:19,56.404458,10.924448,Unknown value,0.0,88.0,Pleasure,3.0,100.0,2026-09-05 12:00:19
219031526,05/09/2026 12:03:49,55.252925,11.288822,Unknown value,0.0,160.7,Pleasure,4.0,10.0,2026-09-05 12:03:49
219031570,05/09/2026 12:01:53,54.99497,11.889045,Unknown value,0.0,,Pleasure,4.0,10.0,2026-09-05 12:01:53
219031622,05/09/2026 12:00:33,55.726832,12.584362,Unknown value,0.1,,Sailing,4.0,12.0,2026-09-05 12:00:33
219031632,05/09/2026 12:00:12,55.689538,11.96809,Unknown value,5.8,309.0,Law enforcement,3.0,7.0,2026-09-05 12:00:12
219031651,05/09/2026 12:03:57,55.469242,12.198762,Unknown value,0.0,,Sailing,7.0,13.0,2026-09-05 12:03:57
219031655,05/09/2026 12:00:51,55.725947,12.585418,Unknown value,0.0,,Pleasure,4.0,16.0,2026-09-05 12:00:51
219031658,05/09/2026 12:00:14,55.715998,12.588067,Unknown value,0.0,,Pleasure,4.0,12.0,2026-09-05 12:00:14
219031661,05/09/2026 12:00:04,54.851245,10.523307,Unknown value,0.0,,Pleasure,3.0,8.0,2026-09-05 12:00:04
219031731,05/09/2026 12:00:51,55.331743,11.126062,Moored,0.1,61.2,SAR,6.0,20.0,2026-09-05 12:00:51
219031752,05/09/2026 12:02:27,54.851268,10.523455,Unknown value,0.1,,Pleasure,4.0,11.0,2026-09-05 12:02:27
219031860,05/09/2026 12:07:55,55.883383,12.547737,Unknown value,0.0,,Pleasure,5.0,13.0,2026-09-05 12:07:55
219031879,05/09/2026 12:00:41,54.932943,10.83247,Unknown value,0.1,,Pleasure,4.0,8.0,2026-09-05 12:00:41
219031886,05/09/2026 12:00:21,54.93818,10.705182,Unknown value,0.1,,Pleasure,4.0,13.0,2026-09-05 12:00:21
219031896,05/09/2026 12:01:01,55.689027,12.599032,Moored,0.0,329.9,Passenger,6.0,17.0,2026-09-05 12:01:01
219032031,05/09/2026 12:01:13,56.128032,12.311755,Unknown value,0.0,6.3,Pleasure,4.0,13.0,2026-09-05 12:01:13
219032032,05/09/2026 12:01:04,55.726165,12.587948,Unknown value,0.0,,Pleasure,4.0,17.0,2026-09-05 12:01:04
219032117,05/09/2026 12:02:01,55.964277,12.000255,Unknown value,0.1,,Pleasure,4.0,13.0,2026-09-05 12:02:01
219032173,05/09/2026 12:00:00,54.89208,12.047762,Unknown value,0.4,163.6,Tug,4.0,11.0,2026-09-05 12:00:00
219032188,05/09/2026 12:04:08,55.96417,11.843205,Unknown value,0.1,,Undefined,,,2026-09-05 12:04:08
219032236,05/09/2026 12:02:51,55.795522,12.057498,Unknown value,0.1,,Pleasure,,,2026-09-05 12:02:51
219032246,05/09/2026 12:00:05,56.244522,10.339448,Unknown value,0.1,,Pleasure,3.0,9.0,2026-09-05 12:00:05
219032257,05/09/2026 12:04:15,55.65291,12.076298,Unknown value,0.0,,Pleasure,4.0,12.0,2026-09-05 12:04:15
219032359,05/09/2026 12:00:26,55.76169,12.602927,Unknown value,0.0,348.6,Pleasure,,,2026-09-05 12:00:26
219032394,05/09/2026 12:01:33,55.836147,12.054362,Unknown value,0.0,,Pleasure,4.0,12.0,2026-09-05 12:01:33
219032441,05/09/2026 12:03:46,55.726732,12.587382,Unknown value,0.0,211.7,Pleasure,4.0,17.0,2026-09-05 12:03:46
219032484,05/09/2026 12:00:14,55.679437,12.070292,Unknown value,0.0,,Pleasure,4.0,14.0,2026-09-05 12:00:14
219032532,05/09/2026 12:00:12,55.726567,12.585878,Unknown value,0.0,,Pleasure,4.0,12.0,2026-09-05 12:00:12
219032602,05/09/2026 12:04:44,56.0429,12.614517,Unknown value,0.0,181.2,Undefined,,,2026-09-05 12:04:44
219032650,05/09/2026 12:00:47,55.469615,12.195358,Unknown value,0.0,,Pleasure,4.0,9.0,2026-09-05 12:00:47
219032700,05/09/2026 12:02:37,55.688892,12.617912,Unknown value,0.0,177.1,Sailing,,,2026-09-05 12:02:37
219032748,05/09/2026 12:00:21,55.128603,10.894905,Unknown value,6.4,25.8,Sailing,6.0,11.0,2026-09-05 12:00:21
219032764,05/09/2026 12:01:19,55.493328,11.175178,Unknown value,0.0,,Sailing,4.0,11.0,2026-09-05 12:01:19
219032788,05/09/2026 12:01:52,54.639035,11.37334,Unknown value,0.1,,Towing,4.0,9.0,2026-09-05 12:01:52
219032811,05/09/2026 12:01:53,55.963595,11.843333,Unknown value,0.0,,Sailing,7.0,13.0,2026-09-05 12:01:53
219032839,05/09/2026 12:00:01,55.092772,10.239112,Unknown value,0.0,296.8,Pleasure,6.0,25.0,2026-09-05 12:00:01
219032840,05/09/2026 12:01:00,55.716595,12.591685,Unknown value,0.0,,Sailing,4.0,14.0,2026-09-05 12:01:00
219032946,05/09/2026 12:00:28,55.039492,12.193952,Unknown value,0.0,157.7,Pleasure,,,2026-09-05 12:00:28
219032974,05/09/2026 12:00:02,56.276185,10.494993,Unknown value,0.0,138.1,Pleasure,4.0,12.0,2026-09-05 12:00:02
219032995,05/09/2026 12:02:17,55.335607,11.137018,Moored,0.0,17.6,Other,21.0,77.0,2026-09-05 12:02:17
219033013,05/09/2026 12:00:00,54.572048,11.928802,Under way using engine,0.0,43.2,Pilot,4.0,15.0,2026-09-05 12:00:00
219033077,05/09/2026 12:02:15,54.639965,11.377708,Moored,0.0,317.7,Undefined,100.0,21.0,2026-09-05 12:02:15
219033078,05/09/2026 12:01:00,54.639377,11.379812,Moored,0.1,136.1,Other,100.0,21.0,2026-09-05 12:01:00
219033157,05/09/2026 12:05:15,55.213213,12.159667,Unknown value,0.0,134.4,Sailing,4.0,11.0,2026-09-05 12:05:15
219033180,05/09/2026 12:00:03,55.6832,12.598467,Unknown value,5.2,17.8,Pleasure,4.0,12.0,2026-09-05 12:00:03
219033214,05/09/2026 12:02:58,55.909953,10.25365,Unknown value,0.1,,Pleasure,,,2026-09-05 12:02:58
219033221,05/09/2026 12:02:48,54.655722,11.349422,Moored,0.0,175.4,Other,8.0,28.0,2026-09-05 12:02:48
219033273,05/09/2026 12:00:52,55.71635,11.980708,Unknown value,0.2,197.2,Pleasure,,,2026-09-05 12:00:52
219033285,05/09/2026 12:00:22,55.826805,12.05915,Unknown value,0.0,184.7,Pleasure,4.0,11.0,2026-09-05 12:00:22
219033322,05/09/2026 12:01:08,56.252078,10.395515,Unknown value,5.2,314.6,Pleasure,4.0,13.0,2026-09-05 12:01:08
219033476,05/09/2026 12:03:20,56.2427,10.342567,Unknown value,0.0,256.6,Pleasure,4.0,18.0,2026-09-05 12:03:20
219033514,05/09/2026 12:01:58,55.950783,10.4841,Unknown value,6.4,203.1,Undefined,,,2026-09-05 12:01:58
219033606,05/09/2026 12:01:59,56.166833,10.222032,Unknown value,0.0,,Sailing,4.0,11.0,2026-09-05 12:01:59
219033620,05/09/2026 12:00:15,55.148147,10.80286,Unknown value,6.4,26.1,Sailing,4.0,13.0,2026-09-05 12:00:15
219033708,05/09/2026 12:00:09,55.493457,11.175177,Unknown value,0.1,,Pleasure,,,2026-09-05 12:00:09
219033717,05/09/2026 12:00:22,56.211278,10.330075,Unknown value,6.0,200.4,Sailing,4.0,13.0,2026-09-05 12:00:22
219033720,05/09/2026 12:00:11,55.298102,10.811007,Under way using engine,0.0,339.8,Tug,12.0,30.0,2026-09-05 12:00:11
219033803,05/09/2026 12:01:02,55.725803,12.58388,Unknown value,0.0,,Sailing,4.0,12.0,2026-09-05 12:01:02
219033808,05/09/2026 12:00:08,55.808033,10.64553,Unknown value,0.0,261.1,Passenger,17.0,117.0,2026-09-05 12:00:08
219033874,05/09/2026 12:01:37,55.590255,12.678772,Unknown value,0.0,,Pleasure,3.0,11.0,2026-09-05 12:01:37
219033884,05/09/2026 12:04:11,55.675848,12.59601,Unknown value,0.1,312.7,Sailing,,,2026-09-05 12:04:11
219033890,05/09/2026 12:04:27,55.688812,12.618262,Unknown value,0.2,,Sailing,4.0,11.0,2026-09-05 12:04:27
219033940,05/09/2026 12:01:42,56.126115,12.309788,Unknown value,0.0,,Pleasure,4.0,10.0,2026-09-05 12:01:42
219033951,05/09/2026 12:00:29,55.469682,12.197118,Unknown value,0.1,,Pleasure,3.0,10.0,2026-09-05 12:00:29
219033954,05/09/2026 12:00:31,55.816852,10.646825,Unknown value,4.8,297.7,Pleasure,4.0,12.0,2026-09-05 12:00:31
219033959,05/09/2026 12:04:03,56.21054,10.289815,Unknown value,0.0,,Pleasure,3.0,9.0,2026-09-05 12:04:03
219034013,05/09/2026 12:01:46,55.468768,12.19778,Unknown value,0.0,,Pleasure,4.0,12.0,2026-09-05 12:01:46
219034045,05/09/2026 12:04:14,54.58039,11.923018,Unknown value,0.0,,Pleasure,4.0,11.0,2026-09-05 12:04:14
219034128,05/09/2026 12:03:55,56.17121,10.226195,Unknown value,0.2,94.3,Sailing,4.0,12.0,2026-09-05 12:03:55
219034211,05/09/2026 12:01:34,56.190245,10.667688,Unknown value,0.0,341.3,Sailing,4.0,10.0,2026-09-05 12:01:34
219034220,05/09/2026 12:00:00,56.125635,12.312458,Unknown value,0.0,0.0,Pleasure,4.0,12.0,2026-09-05 12:00:00
219034332,05/09/2026 12:00:04,54.503093,11.228478,Under way using engine,0.0,166.6,Passenger,26.0,148.0,2026-09-05 12:00:04
219034370,05/09/2026 12:01:28,54.754023,11.790067,Unknown value,0.0,206.9,Pleasure,3.0,7.0,2026-09-05 12:01:28
219034400,05/09/2026 12:05:58,55.307625,10.78786,Unknown value,0.0,,Pleasure,4.0,13.0,2026-09-05 12:05:58
219034406,05/09/2026 12:01:48,55.568852,10.078553,Unknown value,0.0,176.1,Pleasure,6.0,20.0,2026-09-05 12:01:48
219034447,05/09/2026 12:02:07,55.912637,11.671313,Unknown value,0.1,,Pleasure,2.0,10.0,2026-09-05 12:02:07
219034454,05/09/2026 12:01:29,54.75201,10.67414,Unknown value,0.1,,Pleasure,,,2026-09-05 12:01:29
219034561,05/09/2026 12:00:43,54.771507,11.860628,Unknown value,0.0,,Pleasure,3.0,13.0,2026-09-05 12:00:43
219034643,05/09/2026 12:01:39,54.832267,11.093527,Unknown value,0.1,,Pleasure,4.0,11.0,2026-09-05 12:01:39
219034656,05/09/2026 12:03:00,54.772098,11.860292,Unknown value,0.0,,Pleasure,4.0,13.0,2026-09-05 12:03:00
219034742,05/09/2026 12:02:22,55.567697,10.081218,Unknown value,0.1,,Pleasure,,15.0,2026-09-05 12:02:22
219034782,05/09/2026 12:00:11,55.89629,11.835738,Unknown value,2.7,231.1,Sailing,4.0,10.0,2026-09-05 12:00:11
219034790,05/09/2026 12:00:04,54.93324,10.833497,Under way using engine,0.0,33.0,Pilot,4.0,12.0,2026-09-05 12:00:04
219034823,05/09/2026 12:02:36,56.167977,10.221347,Unknown value,0.0,81.1,Sailing,4.0,11.0,2026-09-05 12:02:36
219034839,05/09/2026 12:01:49,55.716062,10.013875,Unknown value,0.2,34.3,Pleasure,,,2026-09-05 12:01:49
219034873,05/09/2026 12:00:39,54.83225,11.09353,Unknown value,0.0,330.1,Pleasure,4.0,14.0,2026-09-05 12:00:39
219034912,05/09/2026 12:00:48,55.909493,10.254132,Unknown value,0.2,,Sailing,5.0,15.0,2026-09-05 12:00:48
219035045,05/09/2026 12:01:36,55.78727,12.595878,Unknown value,0.1,,Sailing,3.0,11.0,2026-09-05 12:01:36
219035052,05/09/2026 12:01:11,55.718487,12.604005,Unknown value,0.0,124.3,Pleasure,3.0,7.0,2026-09-05 12:01:11
219035095,05/09/2026 12:00:46,54.984142,12.280272,Unknown value,0.0,,Tug,,10.0,2026-09-05 12:00:46
219035105,05/09/2026 12:01:21,55.177982,11.655802,Unknown value,0.0,,Pleasure,5.0,13.0,2026-09-05 12:01:21
219035157,05/09/2026 12:00:43,54.95428,12.462827,Unknown value,0.0,238.3,Pleasure,5.0,17.0,2026-09-05 12:00:43
219035231,05/09/2026 12:05:01,56.125567,12.3134,Unknown value,0.0,171.7,Pleasure,2.0,6.0,2026-09-05 12:05:01
219035253,05/09/2026 12:00:46,56.125872,12.310188,Unknown value,0.0,,Pleasure,4.0,10.0,2026-09-05 12:00:46
219035318,05/09/2026 12:02:06,55.688557,12.617485,Unknown value,0.1,312.6,Sailing,,,2026-09-05 12:02:06
219035348,05/09/2026 12:00:42,55.716535,12.588662,Unknown value,0.0,,Pleasure,,,2026-09-05 12:00:42
219035468,05/09/2026 12:01:39,55.097648,10.230312,Unknown value,0.0,32.5,Sailing,4.0,14.0,2026-09-05 12:01:39
219035494,05/09/2026 12:00:56,55.197848,11.746123,Unknown value,0.0,345.1,Pleasure,3.0,9.0,2026-09-05 12:00:56
219035495,05/09/2026 12:02:29,55.912708,11.671503,Unknown value,0.1,,Pleasure,4.0,7.0,2026-09-05 12:02:29
219035504,05/09/2026 12:02:59,55.328048,11.131328,Unknown value,0.0,320.2,Pleasure,4.0,11.0,2026-09-05 12:02:59
219035527,05/09/2026 12:01:29,55.071938,10.217857,Unknown value,0.0,,Pleasure,,,2026-09-05 12:01:29
219035545,05/09/2026 12:02:38,55.206362,11.718775,Unknown value,0.0,,Pleasure,3.0,9.0,2026-09-05 12:02:38
219035554,05/09/2026 12:01:54,55.093138,10.239433,Unknown value,0.0,211.7,Sailing,6.0,23.0,2026-09-05 12:01:54
219035595,05/09/2026 12:00:04,55.294412,10.950865,Under way using engine,5.9,256.9,Tug,8.0,18.0,2026-09-05 12:00:04
219035629,05/09/2026 12:00:11,56.151472,10.690313,Unknown value,0.0,,Pleasure,5.0,15.0,2026-09-05 12:00:11
219035687,05/09/2026 12:00:04,55.972483,11.368643,Under way using engine,0.0,236.1,Pilot,5.0,15.0,2026-09-05 12:00:04
219035699,05/09/2026 12:09:30,55.059412,10.380145,Unknown value,0.2,,Undefined,,,2026-09-05 12:09:30
219035819,05/09/2026 12:00:02,56.409175,10.924475,Under way using engine,0.0,253.2,Pilot,4.0,15.0,2026-09-05 12:00:02
219035886,05/09/2026 12:00:42,55.049255,10.614778,Unknown value,0.2,178.4,Pleasure,4.0,12.0,2026-09-05 12:00:42
219035900,05/09/2026 12:00:16,54.938088,10.705258,Unknown value,0.0,122.4,Pleasure,4.0,15.0,2026-09-05 12:00:16
219035929,05/09/2026 12:00:48,55.7218,12.60941,Unknown value,0.0,307.2,Other,2.0,6.0,2026-09-05 12:00:48
219035949,05/09/2026 12:08:03,55.6767,12.591092,Unknown value,4.4,55.7,Passenger,3.0,8.0,2026-09-05 12:08:03
219035950,05/09/2026 12:00:48,55.041577,10.666778,Unknown value,0.1,,Pleasure,4.0,12.0,2026-09-05 12:00:48
219035966,05/09/2026 12:00:32,55.702447,12.613317,Unknown value,0.1,262.1,Passenger,3.0,8.0,2026-09-05 12:00:32
219035970,05/09/2026 12:02:50,55.68122,12.594897,Unknown value,0.0,,Passenger,3.0,8.0,2026-09-05 12:02:50
219035971,05/09/2026 12:01:14,55.702708,12.613332,Unknown value,2.4,289.2,Passenger,3.0,8.0,2026-09-05 12:01:14
219035972,05/09/2026 12:01:49,55.702423,12.613995,Unknown value,0.0,,Passenger,3.0,8.0,2026-09-05 12:01:49
219035973,05/09/2026 12:01:21,55.681183,12.594878,Unknown value,0.0,20.1,Passenger,3.0,8.0,2026-09-05 12:01:21
219035974,05/09/2026 12:00:29,55.681247,12.594945,Unknown value,0.2,21.3,Passenger,3.0,8.0,2026-09-05 12:00:29
219035975,05/09/2026 12:09:42,55.672322,12.582945,Unknown value,4.1,227.2,Passenger,3.0,8.0,2026-09-05 12:09:42
219035976,05/09/2026 12:00:00,55.681197,12.59457,Unknown value,0.0,,Passenger,3.0,8.0,2026-09-05 12:00:00
219036027,05/09/2026 12:00:15,55.296535,10.811452,Moored,0.0,41.1,HSC,6.0,16.0,2026-09-05 12:00:15
219036054,05/09/2026 12:00:56,54.771628,11.860502,Unknown value,0.0,,Pleasure,3.0,9.0,2026-09-05 12:00:56
219036102,05/09/2026 12:02:01,55.760358,12.603762,Unknown value,0.0,,Pleasure,4.0,12.0,2026-09-05 12:02:01
219036167,05/09/2026 12:02:10,55.03353,10.54148,Unknown value,0.0,,Pleasure,3.0,10.0,2026-09-05 12:02:10
219036182,05/09/2026 12:00:47,54.972422,11.51299,Unknown value,0.0,,Pleasure,4.0,12.0,2026-09-05 12:00:47
219036190,05/09/2026 12:02:05,56.13816,10.216385,Unknown value,0.0,,Sailing,5.0,15.0,2026-09-05 12:02:05
219036195,05/09/2026 12:00:02,56.127483,12.30985,Under way using engine,0.0,234.6,Other,5.0,12.0,2026-09-05 12:00:02
219036203,05/09/2026 12:00:32,55.61086,12.399202,Unknown value,0.0,,Sailing,4.0,15.0,2026-09-05 12:00:32
219036223,05/09/2026 12:02:28,55.17643,11.642335,Unknown value,0.0,,Pleasure,4.0,15.0,2026-09-05 12:02:28
219036270,05/09/2026 12:00:36,55.754587,11.324715,Unknown value,0.2,314.9,Dredging,4.0,12.0,2026-09-05 12:00:36
219036419,05/09/2026 12:04:38,56.20761,10.288523,Unknown value,0.1,,Sailing,4.0,11.0,2026-09-05 12:04:38
219036521,05/09/2026 12:00:15,55.452962,10.666153,Unknown value,0.0,,Pleasure,,,2026-09-05 12:00:15
219036530,05/09/2026 12:01:30,55.688403,12.618415,Unknown value,0.0,,Sailing,,10.0,2026-09-05 12:01:30
219036582,05/09/2026 12:00:49,55.75428,11.324583,Unknown value,0.0,,Pleasure,,,2026-09-05 12:00:49
219036740,05/09/2026 12:01:33,55.76056,12.601512,Unknown value,0.2,,Pleasure,4.0,11.0,2026-09-05 12:01:33
219036768,05/09/2026 12:00:31,56.12601,12.310088,Unknown value,0.0,58.0,Pleasure,4.0,9.0,2026-09-05 12:00:31
219115000,05/09/2026 12:00:01,54.542217,11.364,Under way using engine,13.1,296.0,Cargo,36.0,200.0,2026-09-05 12:00:01
219222000,05/09/2026 12:00:00,56.33155,12.227017,Under way using engine,10.4,322.0,Tanker,20.0,130.0,2026-09-05 12:00:00
219230000,05/09/2026 12:00:00,56.033277,12.618578,Under way using engine,2.8,275.8,Passenger,28.0,110.0,2026-09-05 12:00:00
219262000,05/09/2026 12:00:18,55.33099,11.128578,Moored,0.0,167.8,Military,12.0,55.0,2026-09-05 12:00:18
219299000,05/09/2026 12:02:03,54.656575,11.351035,Moored,0.0,253.9,Undefined,8.0,20.0,2026-09-05 12:02:03
219385000,05/09/2026 12:00:06,55.679275,12.59299,Under way using engine,0.0,71.7,Passenger,6.0,33.0,2026-09-05 12:00:06
219447000,05/09/2026 12:00:25,56.409718,10.92406,Moored,0.0,192.4,Other,8.0,22.0,2026-09-05 12:00:25
219448000,05/09/2026 12:01:19,54.656287,11.350535,Moored,0.1,328.2,Other,8.0,22.0,2026-09-05 12:01:19
219461000,05/09/2026 12:00:06,55.464508,12.202748,Under way using engine,0.0,295.3,Dredging,9.0,107.0,2026-09-05 12:00:06
219472000,05/09/2026 12:00:04,54.656063,11.350038,Moored,0.0,233.4,Other,8.0,23.0,2026-09-05 12:00:04
219531000,05/09/2026 12:00:23,54.851328,10.523988,Unknown value,0.1,3.8,Sailing,4.0,16.0,2026-09-05 12:00:23
219560000,05/09/2026 12:00:05,54.823425,12.916873,Under way using engine,18.1,253.7,Passenger,26.0,186.0,2026-09-05 12:00:05
219592000,05/09/2026 12:01:46,55.702395,12.596577,Moored,0.0,184.1,Passenger,28.0,171.0,2026-09-05 12:01:46
219611000,05/09/2026 12:00:01,55.606798,12.480905,Unknown value,0.0,293.2,Undefined,,,2026-09-05 12:00:01
219622000,05/09/2026 12:00:08,56.036067,12.638238,Under way using engine,13.1,82.9,Passenger,28.0,106.0,2026-09-05 12:00:08
219705000,05/09/2026 12:00:09,56.152793,10.252608,Reserved for future amendment [HSC],0.8,205.1,HSC,31.0,109.0,2026-09-05 12:00:09
219805000,05/09/2026 12:01:49,55.470703,10.53752,Moored,0.0,112.9,Tanker,22.0,147.0,2026-09-05 12:01:49
219849000,05/09/2026 12:00:04,54.929167,10.919998,Power-driven vessel pushing ahead or towing alongside,11.0,231.0,Tug,20.0,130.0,2026-09-05 12:00:04
219850000,05/09/2026 12:03:13,56.417633,10.929318,Moored,0.1,122.8,Tug,9.0,33.0,2026-09-05 12:03:13
219923000,05/09/2026 12:02:37,55.977572,12.591605,At anchor,0.1,188.6,Towing,10.0,39.0,2026-09-05 12:02:37
219997000,05/09/2026 12:01:50,55.29636,10.812223,Moored,0.0,285.1,Other,10.0,53.0,2026-09-05 12:01:50
220000057,05/09/2026 12:00:01,56.408565,10.921907,Unknown value,0.0,0.0,Fishing,2.0,10.0,2026-09-05 12:00:01
220012000,05/09/2026 12:00:05,56.409075,10.923783,Engaged in fishing,0.0,311.1,Fishing,12.0,20.0,2026-09-05 12:00:05
220024000,05/09/2026 12:00:09,56.408323,10.92341,Engaged in fishing,0.0,91.0,Fishing,4.0,16.0,2026-09-05 12:00:09
220076000,05/09/2026 12:00:12,56.127993,12.309918,Under way using engine,0.0,305.4,Fishing,6.0,15.0,2026-09-05 12:00:12
220205000,05/09/2026 12:00:04,55.963238,11.847303,Engaged in fishing,0.0,340.0,Fishing,6.0,19.0,2026-09-05 12:00:04
220252000,05/09/2026 12:01:26,56.15322,10.216683,Moored,0.0,218.5,Sailing,6.0,40.0,2026-09-05 12:01:26
220259000,05/09/2026 12:01:13,55.675115,11.100292,Moored,0.0,300.5,Tug,11.0,30.0,2026-09-05 12:01:13
220272000,05/09/2026 12:00:56,56.150347,10.215398,Moored,0.0,305.4,Tug,11.0,30.0,2026-09-05 12:00:56
220317000,05/09/2026 12:00:12,55.963492,11.845143,Under way using engine,0.0,328.3,Fishing,4.0,17.0,2026-09-05 12:00:12
220336000,05/09/2026 12:00:01,56.12706,12.30909,Engaged in fishing,0.0,17.3,Fishing,5.0,15.0,2026-09-05 12:00:01
220338000,05/09/2026 12:00:08,55.449457,10.664278,Under way using engine,0.0,319.1,Fishing,,,2026-09-05 12:00:08
220352000,05/09/2026 12:00:19,55.963392,11.846143,Unknown value,0.0,109.7,Fishing,6.0,16.0,2026-09-05 12:00:19
220356000,05/09/2026 12:00:04,56.127573,12.30903,Engaged in fishing,0.0,287.9,Fishing,,,2026-09-05 12:00:04
220433000,05/09/2026 12:04:12,55.095377,10.233438,Moored,0.0,0.0,Military,9.0,43.0,2026-09-05 12:04:12
220466000,05/09/2026 12:02:55,55.333545,11.137928,Moored,0.0,307.8,Tug,6.0,19.0,2026-09-05 12:02:55
220612000,05/09/2026 12:00:06,55.540133,10.57165,Under way using engine,8.5,332.9,Cargo,18.0,84.0,2026-09-05 12:00:06
228056800,05/09/2026 12:00:01,54.638448,11.374827,Under way using engine,0.0,355.7,Tug,12.0,34.0,2026-09-05 12:00:01
228093900,05/09/2026 12:00:04,54.503393,10.32291,Under way using engine,7.4,248.4,Tug,12.0,27.0,2026-09-05 12:00:04
230687000,05/09/2026 12:00:05,56.167068,11.269785,Under way using engine,14.7,47.3,Tanker,44.0,250.0,2026-09-05 12:00:05
230689000,05/09/2026 12:02:31,55.807858,10.74118,At anchor,0.1,13.5,Tanker,24.0,156.0,2026-09-05 12:02:31
231234000,05/09/2026 12:00:04,55.407118,12.650023,Under way using engine,7.6,161.4,Cargo,14.0,90.0,2026-09-05 12:00:04
231336000,05/09/2026 12:00:07,54.899912,12.063257,Under way using engine,0.0,265.6,Dredging,9.0,50.0,2026-09-05 12:00:07
231809000,05/09/2026 12:00:12,56.3913,12.55289,Under way using engine,12.0,38.9,Tug,13.0,33.0,2026-09-05 12:00:12
231897000,05/09/2026 12:07:17,56.458388,10.043433,Moored,0.0,257.2,Cargo,13.0,89.0,2026-09-05 12:07:17
231920000,05/09/2026 12:02:51,56.197615,12.542165,Moored,0.0,250.0,Cargo,13.0,89.0,2026-09-05 12:02:51
232003652,05/09/2026 12:00:01,56.418052,10.917127,Under way using engine,0.0,0.0,Pilot,4.0,14.0,2026-09-05 12:00:01
232021966,05/09/2026 12:01:22,54.65489,11.345592,Moored,0.0,344.0,Tug,15.0,33.0,2026-09-05 12:01:22
232050936,05/09/2026 12:00:35,55.726675,12.587258,Unknown value,0.0,,Pleasure,6.0,18.0,2026-09-05 12:00:35
232061178,05/09/2026 12:01:55,55.052093,10.158505,Unknown value,0.2,114.3,Pleasure,4.0,15.0,2026-09-05 12:01:55
232065651,05/09/2026 12:00:01,55.060553,10.617895,Unknown value,0.0,,Other,8.0,27.0,2026-09-05 12:00:01
235090339,05/09/2026 12:01:30,54.638018,11.373807,Moored,0.0,312.3,Tug,11.0,24.0,2026-09-05 12:01:30
235091458,05/09/2026 12:02:23,54.638378,11.373495,Moored,0.0,126.2,HSC,6.0,19.0,2026-09-05 12:02:23
235094625,05/09/2026 12:00:02,56.335115,12.1668,Under way using engine,9.9,142.4,Cargo,17.0,124.0,2026-09-05 12:00:02
235116828,05/09/2026 12:02:18,54.638683,11.37341,Moored,0.0,72.0,Port tender,5.0,17.0,2026-09-05 12:02:18
236668000,05/09/2026 12:01:47,56.41596,10.928078,Moored,0.0,341.0,Tanker,14.0,90.0,2026-09-05 12:01:47
244000528,05/09/2026 12:02:20,55.061353,10.615942,Moored,0.0,,Other,4.0,24.0,2026-09-05 12:02:20
244030634,05/09/2026 12:00:08,54.638877,11.373377,Moored,0.0,128.5,HSC,6.0,19.0,2026-09-05 12:00:08
244050486,05/09/2026 12:01:14,55.67815,12.598043,Unknown value,2.0,107.6,Sailing,4.0,13.0,2026-09-05 12:01:14
244058390,05/09/2026 12:01:13,55.060397,10.615098,Unknown value,0.1,,Pleasure,6.0,20.0,2026-09-05 12:01:13
244060662,05/09/2026 12:00:29,56.125918,12.309085,Unknown value,0.0,,Pleasure,4.0,13.0,2026-09-05 12:00:29
244094000,05/09/2026 12:01:25,54.638202,11.373615,Moored,0.1,41.9,Other,8.0,19.0,2026-09-05 12:01:25
244123100,05/09/2026 12:02:03,54.984668,12.278897,Unknown value,0.1,156.1,Pleasure,3.0,10.0,2026-09-05 12:02:03
244153290,05/09/2026 12:00:01,56.152905,10.691183,Unknown value,0.0,135.2,Sailing,4.0,12.0,2026-09-05 12:00:01
244183919,05/09/2026 12:02:19,54.932647,10.83201,Unknown value,0.1,,Sailing,3.0,11.0,2026-09-05 12:02:19
244186095,05/09/2026 12:01:30,55.68173,12.596312,Moored,0.1,,Pleasure,7.0,22.0,2026-09-05 12:01:30
244189000,05/09/2026 12:00:00,54.996,10.210817,Under way sailing,5.7,127.1,Sailing,7.0,36.0,2026-09-05 12:00:00
244246000,05/09/2026 12:00:03,54.830445,11.096305,Under way using engine,4.3,243.6,Cargo,12.0,81.0,2026-09-05 12:00:03
244468000,05/09/2026 12:00:17,54.63649,11.387612,Moored,0.1,292.2,Tug,9.0,32.0,2026-09-05 12:00:17
244475000,05/09/2026 12:00:05,54.639635,11.381288,Under way using engine,0.0,46.5,Tug,12.0,26.0,2026-09-05 12:00:05
244528000,05/09/2026 12:00:01,54.841062,10.545242,Under way sailing,0.4,184.0,Sailing,6.0,48.0,2026-09-05 12:00:01
244590000,05/09/2026 12:00:05,54.832133,12.92474,Under way using engine,15.2,247.7,Cargo,22.0,154.0,2026-09-05 12:00:05
244602000,05/09/2026 12:00:26,54.853897,10.522752,Moored,0.0,86.2,Sailing,7.0,40.0,2026-09-05 12:00:26
244615202,05/09/2026 12:00:40,55.45306,10.666375,Unknown value,0.0,,Pleasure,4.0,12.0,2026-09-05 12:00:40
244645000,05/09/2026 12:01:36,54.654445,11.347322,Moored,0.0,217.1,Cargo,14.0,68.0,2026-09-05 12:01:36
244663000,05/09/2026 12:00:07,54.638143,11.37344,Under way using engine,0.0,316.1,Port tender,5.0,18.0,2026-09-05 12:00:07
244678000,05/09/2026 12:01:55,55.666252,11.092973,Moored,0.0,88.4,Tanker,15.0,116.0,2026-09-05 12:01:55
244714000,05/09/2026 12:04:06,54.855843,10.522043,Moored,0.0,,Sailing,7.0,28.0,2026-09-05 12:04:06
244740921,05/09/2026 12:00:04,54.636787,11.387982,Under way using engine,0.0,333.5,Tug,10.0,28.0,2026-09-05 12:00:04
244750462,05/09/2026 12:01:44,55.688667,12.619308,Unknown value,0.0,337.4,Sailing,4.0,14.0,2026-09-05 12:01:44
244750806,05/09/2026 12:00:08,54.63801,11.37356,Under way using engine,0.0,231.0,Other,6.0,22.0,2026-09-05 12:00:08
244790899,05/09/2026 12:01:01,54.61784,11.373532,At anchor,0.0,189.1,Tug,12.0,32.0,2026-09-05 12:01:01
244850975,05/09/2026 12:01:38,56.415747,10.924013,Moored,0.0,224.9,Tug,11.0,30.0,2026-09-05 12:01:38
244870327,05/09/2026 12:00:08,55.668848,10.543917,Under way using engine,10.2,177.1,Dredging,16.0,99.0,2026-09-05 12:00:08
244890000,05/09/2026 12:01:21,54.833133,11.126382,Moored,0.0,271.5,Tug,13.0,33.0,2026-09-05 12:01:21
245029000,05/09/2026 12:00:04,54.717943,12.508002,Under way using engine,8.9,234.9,Cargo,12.0,89.0,2026-09-05 12:00:04
245043000,05/09/2026 12:03:07,54.611143,11.368215,At anchor,0.0,274.1,Dredging,22.0,98.0,2026-09-05 12:03:07
245257000,05/09/2026 12:00:54,55.21434,12.163598,Moored,0.0,66.5,Cargo,11.0,86.0,2026-09-05 12:00:54
245313000,05/09/2026 12:02:27,54.943052,10.256255,Moored,0.0,0.0,Tanker,16.0,115.0,2026-09-05 12:02:27
245319000,05/09/2026 12:00:03,54.638715,11.374157,Under way using engine,0.0,61.2,Tug,13.0,37.0,2026-09-05 12:00:03
245489000,05/09/2026 12:00:00,54.637742,11.373765,Under way using engine,0.2,174.4,Tug,9.0,24.0,2026-09-05 12:00:00
245693000,05/09/2026 12:00:05,54.638822,11.373687,Under way using engine,0.0,310.6,Tug,13.0,30.0,2026-09-05 12:00:05
245808000,05/09/2026 12:00:10,56.412588,10.925915,Moored,0.0,333.4,Other,10.0,59.0,2026-09-05 12:00:10
245809000,05/09/2026 12:00:04,56.412608,10.92569,Moored,0.0,95.5,Other,10.0,59.0,2026-09-05 12:00:04
245871000,05/09/2026 12:00:01,55.958527,11.847273,Under way using engine,0.2,96.9,Cargo,13.0,95.0,2026-09-05 12:00:01
245875000,05/09/2026 12:00:27,54.833567,11.125952,Moored,0.0,8.6,Tug,12.0,32.0,2026-09-05 12:00:27
245877000,05/09/2026 12:00:01,54.809855,10.090887,Under way sailing,8.1,187.6,Sailing,7.0,38.0,2026-09-05 12:00:01
245895000,05/09/2026 12:02:18,54.662657,11.730405,Moored,0.0,287.5,Sailing,5.0,46.0,2026-09-05 12:02:18
246168000,05/09/2026 12:00:17,55.668873,12.68215,Under way using engine,9.4,179.8,Cargo,12.0,89.0,2026-09-05 12:00:17
246188000,05/09/2026 12:00:06,56.450673,11.97456,Under way using engine,9.4,143.3,Cargo,15.0,112.0,2026-09-05 12:00:06
246925000,05/09/2026 12:00:03,54.638612,11.374398,Under way using engine,0.1,29.8,Tug,13.0,30.0,2026-09-05 12:00:03
247049530,05/09/2026 12:00:29,55.712557,12.590002,Unknown value,0.0,0.0,Sailing,5.0,16.0,2026-09-05 12:00:29
247192260,05/09/2026 12:00:06,55.04136,10.666657,Unknown value,0.0,,Pleasure,5.0,23.0,2026-09-05 12:00:06
247353700,05/09/2026 12:00:58,55.715772,12.625898,Moored,0.0,147.7,Passenger,50.0,304.0,2026-09-05 12:00:58
249182000,05/09/2026 12:00:08,55.386668,12.647285,Under way using engine,12.3,193.2,Tanker,32.0,228.0,2026-09-05 12:00:08
250013654,05/09/2026 12:01:07,56.15065,10.220202,Moored,0.0,323.4,Cargo,15.0,87.0,2026-09-05 12:01:07
255705000,05/09/2026 12:00:07,54.547447,10.349668,At anchor,0.0,163.1,Cargo,26.0,168.0,2026-09-05 12:00:07
255805842,05/09/2026 12:00:06,54.547097,10.542147,Under way using engine,15.6,65.4,Cargo,22.0,141.0,2026-09-05 12:00:06
255805993,05/09/2026 12:02:18,55.960993,12.013967,Moored,0.0,318.9,Cargo,12.0,88.0,2026-09-05 12:02:18
255806267,05/09/2026 12:00:08,55.318913,11.042185,Under way using engine,8.4,2.7,Cargo,23.0,141.0,2026-09-05 12:00:08
255806519,05/09/2026 12:00:05,54.5028,11.458883,Under way using engine,14.5,114.0,Tanker,23.0,144.0,2026-09-05 12:00:05
255915634,05/09/2026 12:00:10,55.244478,12.873203,Under way using engine,9.0,95.6,Cargo,16.0,99.0,2026-09-05 12:00:10
255915834,05/09/2026 12:00:01,54.533483,11.343313,Under way using engine,10.7,113.7,Cargo,15.0,86.0,2026-09-05 12:00:01
255916027,05/09/2026 12:01:26,54.637497,11.387965,Moored,0.1,22.6,Cargo,16.0,120.0,2026-09-05 12:01:26
255916108,05/09/2026 12:00:06,56.345877,12.360175,Under way using engine,11.7,348.1,Tanker,23.0,150.0,2026-09-05 12:00:06
255916546,05/09/2026 12:02:01,55.600617,12.485918,Moored,0.0,86.9,Cargo,16.0,89.0,2026-09-05 12:02:01
256800000,05/09/2026 12:00:05,55.113015,11.038057,Under way using engine,16.4,183.9,Cargo,30.0,205.0,2026-09-05 12:00:05
256956000,05/09/2026 12:08:15,54.791912,12.999863,Under way using engine,8.8,272.4,Cargo,15.0,101.0,2026-09-05 12:08:15
257101820,05/09/2026 12:01:08,54.856122,10.522378,Unknown value,0.0,313.8,Pleasure,5.0,19.0,2026-09-05 12:01:08
257112270,05/09/2026 12:00:00,56.068698,11.089343,Under way using engine,13.6,353.2,Tanker,33.0,183.0,2026-09-05 12:00:00
257114000,05/09/2026 12:00:07,55.867777,10.882665,Under way using engine,9.7,38.4,Cargo,14.0,95.0,2026-09-05 12:00:07
257136000,05/09/2026 12:00:05,56.091292,12.59325,Under way using engine,10.7,315.9,Tanker,18.0,101.0,2026-09-05 12:00:05
257141000,05/09/2026 12:00:04,55.954248,10.501288,Under way using engine,9.8,188.8,Cargo,13.0,88.0,2026-09-05 12:00:04
257207000,05/09/2026 12:00:47,55.297555,10.812562,Moored,0.0,314.5,Cargo,14.0,90.0,2026-09-05 12:00:47
257510000,05/09/2026 12:01:29,55.470425,10.533953,Moored,0.0,310.6,Tanker,14.0,80.0,2026-09-05 12:01:29
257850000,05/09/2026 12:00:55,55.699962,12.601252,Moored,0.0,273.1,Passenger,32.0,229.0,2026-09-05 12:00:55
257925610,05/09/2026 12:00:54,55.675997,12.596133,Unknown value,0.0,,Sailing,4.0,12.0,2026-09-05 12:00:54
257988000,05/09/2026 12:00:00,56.298818,11.101933,Under way using engine,9.7,359.6,Cargo,17.0,119.0,2026-09-05 12:00:00
258007280,05/09/2026 12:00:06,55.763955,10.807933,Under way using engine,10.5,7.0,Cargo,16.0,85.0,2026-09-05 12:00:06
258032400,05/09/2026 12:02:18,55.682868,12.595237,Unknown value,0.2,,Sailing,4.0,14.0,2026-09-05 12:02:18
258146320,05/09/2026 12:02:06,55.795465,10.527652,Unknown value,0.0,,Sailing,4.0,20.0,2026-09-05 12:02:06
258761000,05/09/2026 12:00:06,55.164617,11.064178,Under way using engine,9.7,25.7,Cargo,15.0,110.0,2026-09-05 12:00:06
259300000,05/09/2026 12:00:02,55.058433,10.618838,Under way using engine,0.0,355.3,Tanker,12.0,78.0,2026-09-05 12:00:02
259414000,05/09/2026 12:00:00,55.211347,11.198517,Under way using engine,0.0,,Tug,6.0,22.0,2026-09-05 12:00:00
261187330,05/09/2026 12:01:27,55.754558,11.324352,Unknown value,0.0,,Sailing,4.0,12.0,2026-09-05 12:01:27
265000060,05/09/2026 12:00:16,56.048035,12.686523,Unknown value,0.1,,Pleasure,3.0,12.0,2026-09-05 12:00:16
265000250,05/09/2026 12:00:18,56.197933,12.546428,Unknown value,0.1,0.0,Pleasure,5.0,12.0,2026-09-05 12:00:18
265013950,05/09/2026 12:03:08,55.992725,12.74516,Unknown value,0.0,,Undefined,,,2026-09-05 12:03:08
265041000,05/09/2026 12:00:18,56.043597,12.69055,Under way using engine,0.1,316.2,Undefined,,,2026-09-05 12:00:18
265045380,05/09/2026 12:00:07,56.198598,12.548505,Unknown value,0.0,93.9,Pleasure,4.0,11.0,2026-09-05 12:00:07
265054000,05/09/2026 12:00:24,54.942538,10.257825,Moored,0.0,164.9,Other,17.0,80.0,2026-09-05 12:00:24
265060520,05/09/2026 12:00:25,55.859147,12.849723,Unknown value,0.0,,Sailing,5.0,14.0,2026-09-05 12:00:25
265061430,05/09/2026 12:01:19,55.41175,12.931685,Unknown value,0.0,,Sailing,4.0,10.0,2026-09-05 12:01:19
265063990,05/09/2026 12:01:55,55.756908,12.90339,Unknown value,0.2,,Sailing,4.0,13.0,2026-09-05 12:01:55
265067270,05/09/2026 12:01:31,56.198375,12.548913,Unknown value,0.0,,Pleasure,4.0,10.0,2026-09-05 12:01:31
265070080,05/09/2026 12:00:59,55.416748,12.828282,Unknown value,0.1,,Sailing,4.0,12.0,2026-09-05 12:00:59
265072170,05/09/2026 12:00:08,54.982,10.715367,Unknown value,5.9,191.6,Pleasure,3.0,10.0,2026-09-05 12:00:08
265073400,05/09/2026 12:02:01,56.044848,12.688228,Under way using engine,0.0,347.8,Undefined,,,2026-09-05 12:02:01
265082340,05/09/2026 12:00:02,55.680943,12.59573,Unknown value,0.0,,Passenger,4.0,18.0,2026-09-05 12:00:02
265402000,05/09/2026 12:00:00,55.943733,12.68924,Restricted maneuverability,0.1,82.2,Military,,,2026-09-05 12:00:00
265507890,05/09/2026 12:00:17,55.416495,12.828407,Unknown value,0.0,185.0,Sailing,3.0,10.0,2026-09-05 12:00:17
265509310,05/09/2026 12:04:12,56.02627,12.701732,Moored,0.0,,Tug,7.0,25.0,2026-09-05 12:04:12
265511440,05/09/2026 12:00:12,56.044733,12.687653,Under way using engine,0.0,183.8,Pilot,5.0,13.0,2026-09-05 12:00:12
265514850,05/09/2026 12:00:00,56.102032,12.551723,Under way using engine,17.3,47.3,Pilot,5.0,17.0,2026-09-05 12:00:00
265516210,05/09/2026 12:00:27,55.416597,12.828908,Unknown value,0.1,,Sailing,3.0,10.0,2026-09-05 12:00:27
265524530,05/09/2026 12:00:44,55.612792,12.996645,Unknown value,0.1,88.6,Passenger,8.0,42.0,2026-09-05 12:00:44
265527020,05/09/2026 12:00:39,55.865933,12.82485,Moored,0.0,209.6,Passenger,10.0,30.0,2026-09-05 12:00:39
265527470,05/09/2026 12:00:06,56.199197,12.546047,Under way using engine,0.0,295.8,SAR,4.0,12.0,2026-09-05 12:00:06
265542540,05/09/2026 12:02:30,55.584497,12.915632,Unknown value,0.1,,Pleasure,3.0,12.0,2026-09-05 12:02:30
265563720,05/09/2026 12:00:48,56.049592,12.684648,Moored,0.1,292.0,Passenger,5.0,17.0,2026-09-05 12:00:48
265568080,05/09/2026 12:05:59,56.427757,12.62529,Under way using engine,0.0,351.5,Undefined,,,2026-09-05 12:05:59
265589360,05/09/2026 12:00:25,55.059215,10.635182,Unknown value,0.0,83.8,Pleasure,3.0,9.0,2026-09-05 12:00:25
265594590,05/09/2026 12:00:25,55.414058,12.93027,Unknown value,0.0,240.7,Sailing,4.0,13.0,2026-09-05 12:00:25
265610940,05/09/2026 12:01:23,55.613657,12.997362,Under way using engine,0.0,48.0,Pilot,5.0,17.0,2026-09-05 12:01:23
265610950,05/09/2026 12:00:06,55.560623,12.815527,Under way using engine,8.6,210.3,Pilot,5.0,15.0,2026-09-05 12:00:06
265627220,05/09/2026 12:02:17,55.756622,12.903495,Under way using engine,0.0,281.4,SAR,3.0,11.0,2026-09-05 12:02:17
265632930,05/09/2026 12:00:41,55.582288,12.913417,Unknown value,0.0,0.0,Sailing,4.0,13.0,2026-09-05 12:00:41
265648750,05/09/2026 12:00:59,55.596972,12.93705,Unknown value,0.0,161.5,Pleasure,3.0,11.0,2026-09-05 12:00:59
265665550,05/09/2026 12:02:13,55.596872,12.933808,Unknown value,0.0,,Pleasure,4.0,12.0,2026-09-05 12:02:13
265674500,05/09/2026 12:03:38,55.583215,12.913458,Unknown value,0.0,188.5,Sailing,4.0,12.0,2026-09-05 12:03:38
265675490,05/09/2026 12:01:05,55.583773,12.914383,Unknown value,0.0,,Sailing,4.0,12.0,2026-09-05 12:01:05
265694320,05/09/2026 12:00:16,55.894732,12.800762,Unknown value,0.0,,Sailing,3.0,11.0,2026-09-05 12:00:16
265698740,05/09/2026 12:00:04,55.865502,12.825365,Under way using engine,0.0,124.2,Passenger,12.0,50.0,2026-09-05 12:00:04
265701610,05/09/2026 12:02:34,55.858943,12.85071,Moored,0.1,34.0,Sailing,5.0,17.0,2026-09-05 12:02:34
265714620,05/09/2026 12:02:39,55.757057,12.903945,Unknown value,0.1,85.1,Pleasure,3.0,10.0,2026-09-05 12:02:39
265734990,05/09/2026 12:00:00,55.72282,10.197912,Unknown value,7.5,242.5,Sailing,4.0,15.0,2026-09-05 12:00:00
265754460,05/09/2026 12:00:00,56.427738,12.625077,Under way using engine,0.0,,SAR,2.0,8.0,2026-09-05 12:00:00
265756000,05/09/2026 12:00:31,55.85575,12.833733,At anchor,0.0,10.0,Other,,,2026-09-05 12:00:31
265756820,05/09/2026 12:03:58,55.414708,12.928967,Unknown value,0.1,263.6,Pleasure,4.0,12.0,2026-09-05 12:03:58
265758560,05/09/2026 12:00:24,55.521362,12.893942,Unknown value,0.0,355.6,Sailing,4.0,7.0,2026-09-05 12:00:24
265767460,05/09/2026 12:00:11,55.651885,12.69541,Unknown value,21.8,171.3,Pleasure,,,2026-09-05 12:00:11
265768840,05/09/2026 12:02:41,55.4107,12.933295,Moored,0.0,,SAR,2.0,8.0,2026-09-05 12:02:41
265768860,05/09/2026 12:00:01,55.7567,12.903407,Unknown value,0.0,104.6,SAR,3.0,8.0,2026-09-05 12:00:01
265780480,05/09/2026 12:00:42,55.58451,12.915582,Unknown value,0.0,152.3,Sailing,4.0,18.0,2026-09-05 12:00:42
265781150,05/09/2026 12:02:08,56.268255,12.83964,Unknown value,0.1,,Sailing,4.0,14.0,2026-09-05 12:02:08
265787380,05/09/2026 12:00:13,56.267918,12.839843,Unknown value,0.0,157.0,Pleasure,4.0,13.0,2026-09-05 12:00:13
265797590,05/09/2026 12:01:40,55.86788,12.82359,Under way using engine,0.0,,SAR,4.0,14.0,2026-09-05 12:01:40
265797830,05/09/2026 12:00:00,55.751335,10.551517,Under way using engine,7.3,297.2,Tanker,9.0,46.0,2026-09-05 12:00:00
265798780,05/09/2026 12:05:48,55.693842,12.599888,Unknown value,0.1,,Sailing,4.0,12.0,2026-09-05 12:05:48
265806660,05/09/2026 12:05:55,56.044848,12.693025,Unknown value,0.0,,Passenger,7.0,24.0,2026-09-05 12:05:55
265807560,05/09/2026 12:02:47,55.583243,12.911797,Unknown value,0.0,266.8,Sailing,4.0,12.0,2026-09-05 12:02:47
265816840,05/09/2026 12:03:50,55.410905,12.933185,Moored,0.0,237.7,SAR,4.0,15.0,2026-09-05 12:03:50
265820920,05/09/2026 12:00:09,56.050015,12.684437,Under way using engine,0.0,,Pleasure,4.0,15.0,2026-09-05 12:00:09
265828500,05/09/2026 12:00:00,56.19923,12.546348,Unknown value,0.0,,SAR,2.0,6.0,2026-09-05 12:00:00
265830540,05/09/2026 12:05:09,55.41604,12.828632,Unknown value,0.0,136.0,Sailing,2.0,7.0,2026-09-05 12:05:09
265952000,05/09/2026 12:00:56,55.8559,12.83325,Moored,0.0,247.0,Other,8.0,20.0,2026-09-05 12:00:56
266203000,05/09/2026 12:00:03,55.714702,12.624208,Moored,0.0,76.0,Tanker,14.0,70.0,2026-09-05 12:00:03
266239000,05/09/2026 12:00:00,55.624193,12.923797,Under way using engine,12.5,252.1,Passenger,28.0,183.0,2026-09-05 12:00:00
266262000,05/09/2026 12:00:01,54.737978,12.403525,Under way using engine,16.2,209.2,Passenger,30.0,183.0,2026-09-05 12:00:01
266287000,05/09/2026 12:00:26,55.85453,12.831053,Moored,0.0,223.1,Law enforcement,16.0,82.0,2026-09-05 12:00:26
266334000,05/09/2026 12:01:09,56.025572,12.70108,Moored,0.0,179.2,Law enforcement,11.0,52.0,2026-09-05 12:01:09
266336000,05/09/2026 12:01:41,55.857692,12.830488,Moored,0.0,23.1,Law enforcement,10.0,50.0,2026-09-05 12:01:41
266472000,05/09/2026 12:00:08,56.022263,12.676007,Under way using engine,7.4,344.2,Tanker,13.0,88.0,2026-09-05 12:00:08
266475000,05/09/2026 12:02:32,55.666667,11.093163,Moored,0.0,286.7,Tanker,17.0,120.0,2026-09-05 12:02:32
268261201,05/09/2026 12:00:01,55.268483,11.075813,Under way using engine,7.9,334.4,Cargo,30.0,186.0,2026-09-05 12:00:01
269107720,05/09/2026 12:00:02,55.210222,11.198332,Unknown value,0.0,124.1,Sailing,4.0,11.0,2026-09-05 12:00:02
273272850,05/09/2026 12:00:02,56.491947,11.644708,Constrained by her draught,10.9,39.5,Tanker,44.0,249.0,2026-09-05 12:00:02
275511000,05/09/2026 12:01:28,55.677393,12.650353,Moored,3.1,69.0,Cargo,13.0,90.0,2026-09-05 12:01:28
275513000,05/09/2026 12:00:38,56.024037,12.699762,Moored,0.0,14.4,Cargo,13.0,82.0,2026-09-05 12:00:38
275541000,05/09/2026 12:00:02,55.131067,11.054547,Under way using engine,8.5,7.4,Tanker,16.0,92.0,2026-09-05 12:00:02
304028000,05/09/2026 12:00:09,55.666858,10.59888,Under way using engine,9.6,54.6,Cargo,12.0,82.0,2026-09-05 12:00:09
304127000,05/09/2026 12:01:14,55.4288,12.555742,At anchor,0.0,260.9,Cargo,20.0,120.0,2026-09-05 12:01:14
305190000,05/09/2026 12:00:05,56.041167,11.692515,Under way using engine,7.0,99.8,Cargo,13.0,86.0,2026-09-05 12:00:05
305476000,05/09/2026 12:00:09,54.5788,11.182158,Under way using engine,11.8,116.1,Cargo,13.0,90.0,2026-09-05 12:00:09
305581000,05/09/2026 12:00:07,56.105527,10.347987,Under way using engine,0.5,28.0,Cargo,12.0,81.0,2026-09-05 12:00:07
311000516,05/09/2026 12:02:23,55.477545,10.547762,Moored,0.0,139.0,Tanker,42.0,228.0,2026-09-05 12:02:23
311001016,05/09/2026 12:00:27,56.109043,10.358808,At anchor,0.0,7.0,Cargo,32.0,229.0,2026-09-05 12:00:27
311001116,05/09/2026 12:00:04,55.973993,12.620337,Under way using engine,12.2,185.9,Cargo,20.0,148.0,2026-09-05 12:00:04
311001769,05/09/2026 12:00:01,55.335177,11.134267,Under way using engine,3.5,88.6,Cargo,11.0,82.0,2026-09-05 12:00:01
311002113,05/09/2026 12:00:07,56.09652,11.090108,Under way using engine,9.9,3.2,Cargo,32.0,190.0,2026-09-05 12:00:07
311109000,05/09/2026 12:01:42,55.71356,12.620943,Moored,0.0,250.4,Passenger,32.0,259.0,2026-09-05 12:01:42
316053353,05/09/2026 12:00:41,55.725937,12.58451,Unknown value,0.0,,Pleasure,4.0,12.0,2026-09-05 12:00:41
319008800,05/09/2026 12:00:04,55.686315,12.597998,Unknown value,0.0,0.0,Sailing,8.0,37.0,2026-09-05 12:00:04
331101001,05/09/2026 12:00:10,55.094578,10.234912,Moored,0.0,283.2,Passenger,7.0,38.0,2026-09-05 12:00:10
338340434,05/09/2026 12:01:28,55.72632,12.588407,Unknown value,0.0,189.0,Pleasure,6.0,16.0,2026-09-05 12:01:28
341303002,05/09/2026 12:00:08,55.587187,10.494985,At anchor,0.3,10.2,Cargo,12.0,88.0,2026-09-05 12:00:08
341492001,05/09/2026 12:00:01,54.665985,10.983182,Under way using engine,7.4,301.7,Cargo,18.0,131.0,2026-09-05 12:00:01
351639000,05/09/2026 12:01:53,56.14975,10.233783,Moored,0.0,316.0,Cargo,28.0,172.0,2026-09-05 12:01:53
352002362,05/09/2026 12:00:02,54.89902,10.85754,Constrained by her draught,9.5,23.5,Cargo,32.0,199.0,2026-09-05 12:00:02
352003382,05/09/2026 12:00:06,55.961098,11.008167,Under way using engine,10.7,210.8,Cargo,30.0,180.0,2026-09-05 12:00:06
352003528,05/09/2026 12:00:05,56.479142,11.982298,Under way using engine,13.0,144.2,Cargo,30.0,185.0,2026-09-05 12:00:05
352003624,05/09/2026 12:00:02,54.896635,10.88397,Under way using engine,14.7,196.1,Cargo,32.0,199.0,2026-09-05 12:00:02
352594000,05/09/2026 12:00:02,55.717797,12.630428,Under way using engine,0.0,81.5,Passenger,32.0,294.0,2026-09-05 12:00:02
353576000,05/09/2026 12:00:11,55.711998,10.967187,At anchor,0.0,355.9,Tanker,32.0,183.0,2026-09-05 12:00:11
354668000,05/09/2026 12:00:10,56.381435,11.458033,Under way using engine,12.2,213.9,Cargo,28.0,180.0,2026-09-05 12:00:10
477885300,05/09/2026 12:00:00,56.101645,12.553053,Under way using engine,8.3,130.7,Cargo,32.0,229.0,2026-09-05 12:00:00
503049280,05/09/2026 12:01:11,55.679278,12.592415,Unknown value,0.0,,Sailing,5.0,15.0,2026-09-05 12:01:11
538006959,05/09/2026 12:00:10,55.56434,12.80998,Under way using engine,8.4,220.2,Cargo,33.0,199.0,2026-09-05 12:00:10
538012614,05/09/2026 12:00:08,55.875488,10.878543,Under way using engine,10.2,222.8,Cargo,32.0,183.0,2026-09-05 12:00:08
538090739,05/09/2026 12:00:04,54.712832,12.582027,Under way using engine,12.5,58.7,Cargo,32.0,229.0,2026-09-05 12:00:04
563326200,05/09/2026 12:00:07,56.410957,11.532205,Under way using engine,13.5,35.1,Cargo,32.0,229.0,2026-09-05 12:00:07
563326600,05/09/2026 12:00:07,56.032182,12.658663,Under way using engine,12.6,164.3,Tanker,18.0,99.0,2026-09-05 12:00:07
564306000,05/09/2026 12:00:10,54.671863,12.455723,Under way using engine,10.0,234.3,Cargo,37.0,249.0,2026-09-05 12:00:10
613702110,05/09/2026 12:00:00,55.303363,11.047003,Under way using engine,8.3,335.0,Tanker,42.0,241.0,2026-09-05 12:00:00
636015064,05/09/2026 12:00:03,54.913567,12.902967,Under way using engine,0.2,116.0,Tanker,32.0,180.0,2026-09-05 12:00:03
636015171,05/09/2026 12:00:07,54.732432,12.626603,Under way using engine,9.0,248.8,Cargo,38.0,231.0,2026-09-05 12:00:07
636019915,05/09/2026 12:00:06,55.65089,10.773658,Under way using engine,12.0,182.4,Cargo,32.0,229.0,2026-09-05 12:00:06
636021058,05/09/2026 12:01:09,56.248873,10.35194,Moored,0.0,324.9,Cargo,28.0,180.0,2026-09-05 12:01:09
636023215,05/09/2026 12:00:09,56.4068,11.078517,Under way using engine,8.2,195.0,Cargo,36.0,229.0,2026-09-05 12:00:09
636093159,05/09/2026 12:00:07,55.121905,10.991232,Under way using engine,12.6,2.0,Cargo,30.0,222.0,2026-09-05 12:00:07
667002369,05/09/2026 12:00:18,55.90446,10.921935,Under way using engine,10.3,219.8,Tanker,48.0,274.0,2026-09-05 12:00:18
667002425,05/09/2026 12:00:03,55.539758,10.852628,Under way using engine,10.7,339.2,Tanker,48.0,274.0,2026-09-05 12:00:03
992111008,05/09/2026 12:03:28,54.504363,11.25206,Unknown value,,,Undefined,2.0,2.0,2026-09-05 12:03:28
992111009,05/09/2026 12:00:56,54.510172,11.258812,Unknown value,,,Undefined,2.0,2.0,2026-09-05 12:00:56
992111010,05/09/2026 12:03:48,54.514815,11.246653,Unknown value,,,Undefined,2.0,2.0,2026-09-05 12:03:48
992111011,05/09/2026 12:00:40,54.508867,11.240583,Unknown value,,,Undefined,2.0,2.0,2026-09-05 12:00:40
992111012,05/09/2026 12:00:46,54.516008,11.265457,Unknown value,,,Undefined,2.0,2.0,2026-09-05 12:00:46
992111013,05/09/2026 12:00:30,54.520603,11.253242,Unknown value,,,Undefined,2.0,2.0,2026-09-05 12:00:30
992111014,05/09/2026 12:00:33,54.639732,11.373068,Unknown value,,,Undefined,2.0,2.0,2026-09-05 12:00:33
992111793,05/09/2026 12:00:03,54.612188,11.348372,Unknown value,,,Undefined,2.0,2.0,2026-09-05 12:00:03
992111794,05/09/2026 12:00:53,54.603418,11.32501,Unknown value,,,Undefined,2.0,2.0,2026-09-05 12:00:53
992111795,05/09/2026 12:00:18,54.60962,11.330248,Unknown value,,,Undefined,2.0,2.0,2026-09-05 12:00:18
992111796,05/09/2026 12:00:27,54.615937,11.33522,Unknown value,,,Undefined,2.0,2.0,2026-09-05 12:00:27
992111797,05/09/2026 12:00:28,54.6165,11.351608,Unknown value,,,Undefined,2.0,2.0,2026-09-05 12:00:28
992111798,05/09/2026 12:00:15,54.606023,11.343157,Unknown value,,,Undefined,2.0,2.0,2026-09-05 12:00:15
992111801,05/09/2026 12:03:38,54.599768,11.337902,Unknown value,,,Undefined,2.0,2.0,2026-09-05 12:03:38
992111803,05/09/2026 12:00:35,54.620275,11.338572,Unknown value,,,Undefined,2.0,2.0,2026-09-05 12:00:35
992111840,05/09/2026 12:03:01,54.612938,12.629942,Unknown value,,,Undefined,60.0,60.0,2026-09-05 12:03:01
992111841,05/09/2026 12:00:00,54.583967,12.63,Unknown value,,,Undefined,6.0,6.0,2026-09-05 12:00:00
992111842,05/09/2026 12:03:02,54.630667,12.691883,Unknown value,,,Undefined,,,2026-09-05 12:03:02
992191536,05/09/2026 12:00:55,55.34095,11.0281,Unknown value,,,Undefined,2.0,2.0,2026-09-05 12:00:55
992191537,05/09/2026 12:00:59,55.34285,11.042867,Unknown value,,,Undefined,2.0,2.0,2026-09-05 12:00:59
992196045,05/09/2026 12:00:55,56.182033,12.415817,Unknown value,,,Undefined,,,2026-09-05 12:00:55
992651006,05/09/2026 12:00:42,55.91,12.741667,Unknown value,,,Undefined,,,2026-09-05 12:00:42
992651010,05/09/2026 12:00:19,55.884242,12.759092,Unknown value,,,Undefined,,,2026-09-05 12:00:19
992651011,05/09/2026 12:00:22,55.8723,12.7973,Unknown value,,,Undefined,,,2026-09-05 12:00:22
992651016,05/09/2026 12:00:36,55.62406,12.99018,Unknown value,,,Undefined,,,2026-09-05 12:00:36
