datum,kapu,irany,csoport,MMSI,merules,hossz,szelesseg
2026-06-01,Nagy-Balti-öv,észak,Teherhajó,209536000,4.2,90.0,13.0
2026-06-01,Nagy-Balti-öv,dél,Teherhajó,209968000,3.4,82.0,12.0
2026-06-01,Nagy-Balti-öv,észak,Teherhajó,211219630,4.4,75.0,12.0
2026-06-01,Nagy-Balti-öv,dél,Tanker,219222000,8.3,130.0,20.0
2026-06-01,Nagy-Balti-öv,dél,Tanker,230690000,9.5,156.0,24.0
2026-06-01,Nagy-Balti-öv,észak,Teherhajó,231902000,3.6,83.0,13.0
2026-06-01,Nagy-Balti-öv,dél,Teherhajó,231908000,3.5,86.0,12.0
2026-06-01,Nagy-Balti-öv,dél,Teherhajó,236701000,6.0,100.0,17.0
2026-06-01,Nagy-Balti-öv,észak,Tanker,241455000,8.5,250.0,44.0
2026-06-01,Nagy-Balti-öv,dél,Teherhajó,245897000,7.2,205.0,26.0
2026-06-01,Nagy-Balti-öv,észak,Tanker,246878000,6.4,155.0,22.0
2026-06-01,Nagy-Balti-öv,dél,Teherhajó,249934000,5.8,88.0,13.0
2026-06-01,Nagy-Balti-öv,dél,Teherhajó,255806113,7.1,142.0,20.0
2026-06-01,Nagy-Balti-öv,észak,Teherhajó,255806167,8.8,180.0,30.0
2026-06-01,Nagy-Balti-öv,dél,Teherhajó,255806257,9.8,179.0,28.0
2026-06-01,Nagy-Balti-öv,észak,Teherhajó,255806258,10.9,178.0,27.0
2026-06-01,Nagy-Balti-öv,észak,Tanker,255915978,9.5,149.0,24.0
2026-06-01,Nagy-Balti-öv,dél,Teherhajó,255916050,8.6,110.0,18.0
2026-06-01,Nagy-Balti-öv,dél,Tanker,257084120,8.2,129.0,20.0
2026-06-01,Nagy-Balti-öv,dél,Tanker,257089150,14.4,277.0,46.0
2026-06-01,Nagy-Balti-öv,dél,Teherhajó,257114000,6.0,95.0,14.0
2026-06-01,Nagy-Balti-öv,dél,Tanker,257136000,5.9,101.0,18.0
2026-06-01,Nagy-Balti-öv,dél,Tanker,258914000,6.9,180.0,28.0
2026-06-01,Nagy-Balti-öv,észak,Teherhajó,265039000,7.3,242.0,36.0
2026-06-01,Nagy-Balti-öv,dél,Tanker,273278480,8.0,249.0,43.0
2026-06-01,Nagy-Balti-öv,észak,Tanker,273434350,7.5,158.0,25.0
2026-06-01,Nagy-Balti-öv,dél,Tanker,304955000,5.8,103.0,16.0
2026-06-01,Nagy-Balti-öv,észak,Teherhajó,305522000,2.7,90.0,13.0
2026-06-01,Nagy-Balti-öv,dél,Teherhajó,305656000,5.2,146.0,18.0
2026-06-01,Nagy-Balti-öv,dél,Teherhajó,305706000,6.6,138.0,21.0
2026-06-01,Nagy-Balti-öv,észak,Teherhajó,305982000,3.7,90.0,15.0
2026-06-01,Nagy-Balti-öv,dél,Teherhajó,308924000,2.9,82.0,11.0
2026-06-01,Nagy-Balti-öv,észak,Teherhajó,311000851,8.1,189.0,26.0
2026-06-01,Nagy-Balti-öv,észak,Teherhajó,352002643,8.0,168.0,27.0
2026-06-01,Nagy-Balti-öv,észak,Tanker,352709000,10.8,180.0,32.0
2026-06-01,Nagy-Balti-öv,dél,Teherhajó,354537000,10.5,237.0,32.0
2026-06-01,Nagy-Balti-öv,észak,Tanker,372616000,14.9,277.0,48.0
2026-06-01,Nagy-Balti-öv,észak,Teherhajó,538005702,10.2,179.0,32.0
2026-06-01,Nagy-Balti-öv,észak,Teherhajó,538007446,7.0,225.0,48.0
2026-06-01,Nagy-Balti-öv,észak,Teherhajó,538008175,11.5,200.0,32.0
2026-06-01,Nagy-Balti-öv,észak,Teherhajó,538008756,10.0,260.0,32.0
2026-06-01,Nagy-Balti-öv,dél,Tanker,563003300,14.5,250.0,44.0
2026-06-01,Nagy-Balti-öv,észak,Tanker,574005330,15.0,274.0,48.0
2026-06-01,Nagy-Balti-öv,észak,Teherhajó,636014046,12.5,189.0,32.0
2026-06-01,Nagy-Balti-öv,dél,Teherhajó,636018490,10.5,178.0,28.0
2026-06-01,Nagy-Balti-öv,észak,Tanker,636019153,14.6,250.0,44.0
2026-06-01,Nagy-Balti-öv,észak,Teherhajó,636021080,4.0,111.0,15.0
2026-06-01,Nagy-Balti-öv,észak,Tanker,636021344,15.0,274.0,50.0
2026-06-01,Nagy-Balti-öv,dél,Teherhajó,636093289,10.0,180.0,32.0
2026-06-01,Øresund,észak,Teherhajó,209892000,4.9,90.0,15.0
2026-06-01,Øresund,észak,Tanker,210340000,5.0,110.0,18.0
2026-06-01,Øresund,dél,Teherhajó,210681000,6.8,120.0,16.0
2026-06-01,Øresund,észak,Teherhajó,211141000,8.4,134.0,23.0
2026-06-01,Øresund,észak,Teherhajó,211870240,7.2,159.0,22.0
2026-06-01,Øresund,észak,Teherhajó,218030270,4.3,83.0,12.0
2026-06-01,Øresund,észak,Teherhajó,231025000,4.8,90.0,14.0
2026-06-01,Øresund,dél,Teherhajó,232031869,4.4,90.0,14.0
2026-06-01,Øresund,észak,Teherhajó,244140468,6.0,110.0,14.0
2026-06-01,Øresund,észak,Teherhajó,244870000,6.2,90.0,14.0
2026-06-01,Øresund,dél,Teherhajó,244903000,6.8,172.0,25.0
2026-06-01,Øresund,észak,Teherhajó,245246000,4.9,88.0,13.0
2026-06-01,Øresund,dél,Teherhajó,245399000,3.7,98.0,13.0
2026-06-01,Øresund,észak,Teherhajó,246278000,6.4,121.0,21.0
2026-06-01,Øresund,észak,Tanker,249702000,6.2,105.0,16.0
2026-06-01,Øresund,észak,Teherhajó,255805555,7.5,149.0,22.0
2026-06-01,Øresund,észak,Teherhajó,255806183,6.9,100.0,21.0
2026-06-01,Øresund,dél,Tanker,255951000,9.0,144.0,23.0
2026-06-01,Øresund,dél,Teherhajó,256675000,6.4,186.0,24.0
2026-06-01,Øresund,dél,Teherhajó,256741000,7.0,200.0,32.0
2026-06-01,Øresund,dél,Teherhajó,257076850,5.6,82.0,12.0
2026-06-01,Øresund,észak,Tanker,257206000,4.7,82.0,12.0
2026-06-01,Øresund,észak,Teherhajó,257207000,3.8,90.0,14.0
2026-06-01,Øresund,észak,Teherhajó,257755000,5.7,90.0,14.0
2026-06-01,Øresund,észak,Teherhajó,258227000,4.2,87.0,15.0
2026-06-01,Øresund,észak,Tanker,259360000,5.3,96.0,15.0
2026-06-01,Øresund,észak,Tanker,265071000,5.9,130.0,22.0
2026-06-01,Øresund,dél,Tanker,265610040,5.3,80.0,14.0
2026-06-01,Øresund,dél,Tanker,266465000,6.0,120.0,20.0
2026-06-01,Øresund,észak,Tanker,266476000,5.4,119.0,17.0
2026-06-01,Øresund,dél,Teherhajó,268246900,3.1,88.0,12.0
2026-06-01,Øresund,dél,Teherhajó,275519000,5.3,99.0,14.0
2026-06-01,Øresund,dél,Teherhajó,304146000,6.1,88.0,14.0
2026-06-01,Øresund,észak,Teherhajó,305031300,3.2,75.0,10.0
2026-06-01,Øresund,észak,Teherhajó,305425000,6.3,176.0,26.0
2026-06-01,Øresund,dél,Teherhajó,308654000,6.7,148.0,25.0
2026-06-01,Øresund,észak,Teherhajó,311001499,4.0,89.0,14.0
2026-06-01,Øresund,dél,Teherhajó,311995000,7.6,148.0,25.0
2026-06-01,Øresund,dél,Teherhajó,314473000,5.0,83.0,11.0
2026-06-01,Øresund,dél,Teherhajó,414124000,6.6,225.0,34.0
2026-06-01,Øresund,észak,Tanker,538005799,5.2,100.0,17.0
2026-06-01,Øresund,dél,Teherhajó,538010031,8.3,161.0,25.0
2026-06-01,Øresund,észak,Teherhajó,538010031,8.3,161.0,25.0
2026-06-01,Øresund,dél,Tanker,538010212,7.1,185.0,28.0
2026-06-01,Øresund,észak,Tanker,563637000,7.5,180.0,32.0
2026-06-02,Nagy-Balti-öv,dél,Teherhajó,209114000,2.6,89.0,12.0
2026-06-02,Nagy-Balti-öv,észak,Tanker,209217000,7.6,104.0,17.0
2026-06-02,Nagy-Balti-öv,észak,Teherhajó,209823000,6.3,92.0,15.0
2026-06-02,Nagy-Balti-öv,észak,Teherhajó,209968000,4.7,82.0,12.0
2026-06-02,Nagy-Balti-öv,dél,Teherhajó,211141000,8.4,134.0,23.0
2026-06-02,Nagy-Balti-öv,dél,Tanker,219029722,8.8,147.0,22.0
2026-06-02,Nagy-Balti-öv,észak,Tanker,219061000,10.3,286.0,43.0
2026-06-02,Nagy-Balti-öv,észak,Teherhajó,219115000,10.5,200.0,36.0
2026-06-02,Nagy-Balti-öv,dél,Teherhajó,230643000,6.0,187.0,27.0
2026-06-02,Nagy-Balti-öv,dél,Teherhajó,230662000,4.2,103.0,14.0
2026-06-02,Nagy-Balti-öv,dél,Tanker,230688000,14.9,250.0,44.0
2026-06-02,Nagy-Balti-öv,észak,Tanker,240168000,15.0,274.0,47.0
2026-06-02,Nagy-Balti-öv,dél,Teherhajó,244730469,3.2,88.0,13.0
2026-06-02,Nagy-Balti-öv,dél,Teherhajó,246415000,3.2,88.0,14.0
2026-06-02,Nagy-Balti-öv,dél,Teherhajó,255804490,3.4,89.0,12.0
2026-06-02,Nagy-Balti-öv,észak,Teherhajó,256603000,12.3,200.0,32.0
2026-06-02,Nagy-Balti-öv,dél,Teherhajó,257064430,6.3,90.0,14.0
2026-06-02,Nagy-Balti-öv,észak,Teherhajó,257064430,6.3,90.0,14.0
2026-06-02,Nagy-Balti-öv,dél,Tanker,257600000,8.3,129.0,20.0
2026-06-02,Nagy-Balti-öv,dél,Tanker,257970000,8.8,147.0,22.0
2026-06-02,Nagy-Balti-öv,észak,Tanker,258914000,6.6,180.0,28.0
2026-06-02,Nagy-Balti-öv,észak,Teherhajó,259017000,4.5,90.0,14.0
2026-06-02,Nagy-Balti-öv,dél,Tanker,266220000,7.9,130.0,20.0
2026-06-02,Nagy-Balti-öv,észak,Teherhajó,266232000,7.4,190.0,26.0
2026-06-02,Nagy-Balti-öv,észak,Tanker,273278260,15.0,274.0,48.0
2026-06-02,Nagy-Balti-öv,észak,Teherhajó,305817000,5.8,82.0,12.0
2026-06-02,Nagy-Balti-öv,dél,Teherhajó,309193000,9.1,165.0,24.0
2026-06-02,Nagy-Balti-öv,észak,Tanker,311000534,8.4,228.0,42.0
2026-06-02,Nagy-Balti-öv,észak,Tanker,314001155,14.6,249.0,44.0
2026-06-02,Nagy-Balti-öv,dél,Tanker,314153000,9.0,274.0,48.0
2026-06-02,Nagy-Balti-öv,észak,Teherhajó,314516000,10.1,104.0,20.0
2026-06-02,Nagy-Balti-öv,észak,Teherhajó,341493001,4.5,120.0,17.0
2026-06-02,Nagy-Balti-öv,észak,Teherhajó,341881001,9.9,178.0,26.0
2026-06-02,Nagy-Balti-öv,észak,Teherhajó,351074000,8.4,190.0,30.0
2026-06-02,Nagy-Balti-öv,észak,Tanker,352002786,14.8,243.0,42.0
2026-06-02,Nagy-Balti-öv,észak,Teherhajó,354540000,9.3,237.0,32.0
2026-06-02,Nagy-Balti-öv,észak,Teherhajó,357437000,8.3,169.0,27.0
2026-06-02,Nagy-Balti-öv,észak,Teherhajó,357787000,9.8,182.0,28.0
2026-06-02,Nagy-Balti-öv,dél,Teherhajó,373004000,12.3,366.0,48.0
2026-06-02,Nagy-Balti-öv,dél,Teherhajó,413256540,8.8,180.0,32.0
2026-06-02,Nagy-Balti-öv,dél,Teherhajó,477195100,12.1,291.0,32.0
2026-06-02,Nagy-Balti-öv,észak,Teherhajó,477886300,12.9,399.0,61.0
2026-06-02,Nagy-Balti-öv,dél,Tanker,538005385,14.7,256.0,43.0
2026-06-02,Nagy-Balti-öv,észak,Tanker,538005387,8.8,256.0,43.0
2026-06-02,Nagy-Balti-öv,dél,Teherhajó,538006817,13.1,189.0,32.0
2026-06-02,Nagy-Balti-öv,dél,Tanker,538010194,7.0,189.0,32.0
2026-06-02,Nagy-Balti-öv,észak,Teherhajó,538010447,10.6,200.0,32.0
2026-06-02,Nagy-Balti-öv,dél,Teherhajó,563033400,6.9,200.0,32.0
2026-06-02,Nagy-Balti-öv,észak,Tanker,563074700,10.9,182.0,32.0
2026-06-02,Nagy-Balti-öv,dél,Teherhajó,563223800,7.7,190.0,29.0
2026-06-02,Nagy-Balti-öv,dél,Tanker,564329000,14.6,244.0,42.0
2026-06-02,Nagy-Balti-öv,dél,Teherhajó,613115900,4.1,90.0,14.0
2026-06-02,Nagy-Balti-öv,észak,Tanker,613271506,10.8,183.0,32.0
2026-06-02,Nagy-Balti-öv,észak,Tanker,613445620,12.4,183.0,32.0
2026-06-02,Nagy-Balti-öv,dél,Tanker,620800240,9.0,274.0,48.0
2026-06-02,Nagy-Balti-öv,észak,Teherhajó,636014381,12.5,225.0,32.0
2026-06-02,Nagy-Balti-öv,dél,Teherhajó,636014740,10.9,222.0,30.0
2026-06-02,Nagy-Balti-öv,észak,Teherhajó,636015510,14.5,229.0,38.0
2026-06-02,Nagy-Balti-öv,dél,Teherhajó,636016161,8.4,199.0,32.0
2026-06-02,Nagy-Balti-öv,dél,Teherhajó,636018491,10.6,179.0,27.0
2026-06-02,Nagy-Balti-öv,észak,Tanker,636018830,13.1,250.0,44.0
2026-06-02,Nagy-Balti-öv,észak,Teherhajó,636022519,14.5,289.0,45.0
2026-06-02,Nagy-Balti-öv,észak,Tanker,636023942,9.0,250.0,44.0
2026-06-02,Nagy-Balti-öv,dél,Teherhajó,636092666,13.1,200.0,32.0
2026-06-02,Nagy-Balti-öv,észak,Tanker,667002425,9.0,274.0,48.0
2026-06-02,Øresund,dél,Teherhajó,209726000,4.9,100.0,16.0
2026-06-02,Øresund,dél,Teherhajó,209977000,6.2,90.0,16.0
2026-06-02,Øresund,dél,Teherhajó,209982000,2.0,80.0,12.0
2026-06-02,Øresund,dél,Teherhajó,210641000,4.4,98.0,16.0
2026-06-02,Øresund,dél,Teherhajó,215517000,6.0,180.0,30.0
2026-06-02,Øresund,észak,Tanker,220516000,5.0,106.0,16.0
2026-06-02,Øresund,dél,Teherhajó,229246000,6.1,95.0,13.0
2026-06-02,Øresund,észak,Teherhajó,231815000,6.0,105.0,14.0
2026-06-02,Øresund,dél,Teherhajó,231836000,8.4,179.0,31.0
2026-06-02,Øresund,dél,Teherhajó,236108000,4.7,83.0,13.0
2026-06-02,Øresund,észak,Teherhajó,244060083,6.8,150.0,16.0
2026-06-02,Øresund,észak,Tanker,244335000,4.7,115.0,16.0
2026-06-02,Øresund,észak,Teherhajó,246546000,6.1,90.0,14.0
2026-06-02,Øresund,dél,Tanker,248897000,5.8,144.0,23.0
2026-06-02,Øresund,dél,Tanker,249575000,7.0,244.0,42.0
2026-06-02,Øresund,dél,Tanker,249857000,7.0,250.0,44.0
2026-06-02,Øresund,dél,Tanker,255802940,5.7,88.0,15.0
2026-06-02,Øresund,dél,Teherhajó,255805882,6.3,107.0,18.0
2026-06-02,Øresund,dél,Teherhajó,255806139,6.1,116.0,17.0
2026-06-02,Øresund,dél,Teherhajó,255806478,4.8,98.0,15.0
2026-06-02,Øresund,dél,Teherhajó,255915626,4.6,99.0,16.0
2026-06-02,Øresund,dél,Teherhajó,255915966,6.0,181.0,30.0
2026-06-02,Øresund,észak,Teherhajó,257076850,5.6,82.0,12.0
2026-06-02,Øresund,dél,Teherhajó,258209000,6.8,156.0,22.0
2026-06-02,Øresund,dél,Tanker,259360000,4.8,96.0,15.0
2026-06-02,Øresund,észak,Teherhajó,261208000,5.4,56.0,11.0
2026-06-02,Øresund,dél,Tanker,265056000,4.5,67.0,12.0
2026-06-02,Øresund,dél,Teherhajó,265411000,6.0,161.0,24.0
2026-06-02,Øresund,észak,Tanker,266465000,7.3,120.0,20.0
2026-06-02,Øresund,észak,Teherhajó,268246900,5.5,88.0,12.0
2026-06-02,Øresund,észak,Teherhajó,275515000,3.1,82.0,12.0
2026-06-02,Øresund,dél,Teherhajó,275516000,4.4,81.0,12.0
2026-06-02,Øresund,észak,Teherhajó,304011026,4.6,89.0,12.0
2026-06-02,Øresund,észak,Teherhajó,304444000,6.4,106.0,14.0
2026-06-02,Øresund,dél,Teherhajó,304559000,2.4,74.0,11.0
2026-06-02,Øresund,észak,Teherhajó,304953000,3.7,82.0,11.0
2026-06-02,Øresund,dél,Teherhajó,305612000,5.4,89.0,13.0
2026-06-02,Øresund,észak,Teherhajó,305773000,6.4,140.0,22.0
2026-06-02,Øresund,észak,Teherhajó,305980000,3.7,83.0,12.0
2026-06-02,Øresund,dél,Teherhajó,305994000,8.2,139.0,22.0
2026-06-02,Øresund,észak,Teherhajó,305994000,8.2,139.0,22.0
2026-06-02,Øresund,észak,Teherhajó,308654000,7.5,148.0,25.0
2026-06-02,Øresund,észak,Teherhajó,314607000,3.0,80.0,12.0
2026-06-02,Øresund,dél,Teherhajó,353083000,6.7,140.0,22.0
2026-06-02,Øresund,dél,Teherhajó,374395000,2.2,80.0,12.0
2026-06-02,Øresund,dél,Teherhajó,538005698,6.7,180.0,32.0
2026-06-02,Øresund,dél,Teherhajó,538008404,6.4,199.0,24.0
2026-06-02,Øresund,észak,Teherhajó,538009981,7.8,119.0,22.0
2026-06-02,Øresund,dél,Teherhajó,636022452,7.1,229.0,38.0
2026-06-02,Øresund,dél,Tanker,636023192,7.5,183.0,32.0
2026-06-02,Øresund,dél,Teherhajó,636023222,3.7,89.0,13.0
2026-06-02,Øresund,dél,Teherhajó,636023944,8.7,172.0,28.0
2026-06-03,Nagy-Balti-öv,dél,Teherhajó,209535000,5.7,90.0,13.0
2026-06-03,Nagy-Balti-öv,észak,Teherhajó,209732000,4.3,88.0,12.0
2026-06-03,Nagy-Balti-öv,dél,Teherhajó,211577000,8.5,160.0,28.0
2026-06-03,Nagy-Balti-öv,dél,Teherhajó,219001284,2.6,31.0,7.0
2026-06-03,Nagy-Balti-öv,dél,Teherhajó,219003383,,14.0,4.0
2026-06-03,Nagy-Balti-öv,észak,Teherhajó,224901000,5.8,158.0,25.0
2026-06-03,Nagy-Balti-öv,észak,Teherhajó,229622000,13.7,365.0,49.0
2026-06-03,Nagy-Balti-öv,dél,Teherhajó,229648000,12.4,255.0,37.0
2026-06-03,Nagy-Balti-öv,észak,Teherhajó,244750645,6.3,87.0,15.0
2026-06-03,Nagy-Balti-öv,észak,Teherhajó,246415000,5.0,88.0,14.0
2026-06-03,Nagy-Balti-öv,dél,Teherhajó,246539000,8.8,150.0,16.0
2026-06-03,Nagy-Balti-öv,dél,Teherhajó,246887000,8.0,173.0,22.0
2026-06-03,Nagy-Balti-öv,észak,Teherhajó,250014193,6.6,105.0,15.0
2026-06-03,Nagy-Balti-öv,dél,Teherhajó,255769000,6.8,107.0,15.0
2026-06-03,Nagy-Balti-öv,észak,Teherhajó,255769000,6.8,107.0,15.0
2026-06-03,Nagy-Balti-öv,észak,Tanker,255915977,6.7,149.0,24.0
2026-06-03,Nagy-Balti-öv,dél,Tanker,256371000,12.7,250.0,44.0
2026-06-03,Nagy-Balti-öv,dél,Teherhajó,257056010,6.3,90.0,14.0
2026-06-03,Nagy-Balti-öv,észak,Teherhajó,257114000,4.2,95.0,14.0
2026-06-03,Nagy-Balti-öv,észak,Teherhajó,257141000,5.3,88.0,13.0
2026-06-03,Nagy-Balti-öv,dél,Tanker,257206000,3.6,82.0,12.0
2026-06-03,Nagy-Balti-öv,dél,Teherhajó,258761000,6.4,110.0,15.0
2026-06-03,Nagy-Balti-öv,dél,Tanker,273272770,8.0,244.0,42.0
2026-06-03,Nagy-Balti-öv,észak,Tanker,273426280,7.3,115.0,18.0
2026-06-03,Nagy-Balti-öv,dél,Teherhajó,304829000,10.5,190.0,29.0
2026-06-03,Nagy-Balti-öv,észak,Teherhajó,341816001,10.8,176.0,28.0
2026-06-03,Nagy-Balti-öv,dél,Teherhajó,352004204,14.6,229.0,32.0
2026-06-03,Nagy-Balti-öv,észak,Teherhajó,352005842,14.6,225.0,32.0
2026-06-03,Nagy-Balti-öv,észak,Teherhajó,371909000,14.5,225.0,32.0
2026-06-03,Nagy-Balti-öv,észak,Teherhajó,477925700,13.0,190.0,32.0
2026-06-03,Nagy-Balti-öv,dél,Teherhajó,538007948,6.8,171.0,27.0
2026-06-03,Nagy-Balti-öv,észak,Teherhajó,538011107,14.5,225.0,32.0
2026-06-03,Nagy-Balti-öv,dél,Teherhajó,538011814,10.1,180.0,28.0
2026-06-03,Nagy-Balti-öv,dél,Teherhajó,538012153,12.8,228.0,32.0
2026-06-03,Nagy-Balti-öv,észak,Teherhajó,563288800,8.4,208.0,30.0
2026-06-03,Nagy-Balti-öv,észak,Tanker,572572220,9.5,146.0,24.0
2026-06-03,Nagy-Balti-öv,dél,Tanker,613004200,9.0,274.0,48.0
2026-06-03,Nagy-Balti-öv,észak,Teherhajó,636016208,10.1,180.0,30.0
2026-06-03,Nagy-Balti-öv,dél,Tanker,636017106,15.0,274.0,48.0
2026-06-03,Nagy-Balti-öv,dél,Tanker,636017416,9.0,160.0,26.0
2026-06-03,Nagy-Balti-öv,észak,Teherhajó,636019317,10.7,180.0,30.0
2026-06-03,Nagy-Balti-öv,dél,Teherhajó,636021003,7.0,229.0,32.0
2026-06-03,Nagy-Balti-öv,dél,Teherhajó,636021202,10.7,233.0,32.0
2026-06-03,Nagy-Balti-öv,dél,Teherhajó,636023270,13.7,366.0,51.0
2026-06-03,Nagy-Balti-öv,dél,Tanker,636025413,9.0,250.0,44.0
2026-06-03,Nagy-Balti-öv,észak,Teherhajó,636093201,10.3,190.0,29.0
2026-06-03,Øresund,dél,Tanker,209217000,7.6,104.0,17.0
2026-06-03,Øresund,észak,Teherhajó,209525000,4.1,90.0,13.0
2026-06-03,Øresund,dél,Teherhajó,209892000,3.9,90.0,15.0
2026-06-03,Øresund,dél,Teherhajó,210803000,6.5,90.0,14.0
2026-06-03,Øresund,dél,Teherhajó,211219630,2.8,75.0,12.0
2026-06-03,Øresund,dél,Teherhajó,211341960,5.0,149.0,28.0
2026-06-03,Øresund,dél,Teherhajó,212503000,3.4,88.0,13.0
2026-06-03,Øresund,észak,Teherhajó,212503000,3.4,88.0,13.0
2026-06-03,Øresund,észak,Teherhajó,212673000,5.1,89.0,14.0
2026-06-03,Øresund,dél,Teherhajó,212949000,5.2,100.0,20.0
2026-06-03,Øresund,észak,Tanker,215211000,6.3,104.0,17.0
2026-06-03,Øresund,dél,Tanker,215466000,6.9,249.0,44.0
2026-06-03,Øresund,dél,Tanker,215744000,6.9,183.0,32.0
2026-06-03,Øresund,dél,Teherhajó,231025000,4.3,90.0,14.0
2026-06-03,Øresund,észak,Teherhajó,231836000,8.4,179.0,31.0
2026-06-03,Øresund,dél,Teherhajó,244140468,5.1,110.0,14.0
2026-06-03,Øresund,észak,Teherhajó,244615929,5.7,140.0,24.0
2026-06-03,Øresund,észak,Teherhajó,244828000,5.7,122.0,14.0
2026-06-03,Øresund,dél,Tanker,244944000,6.7,117.0,18.0
2026-06-03,Øresund,dél,Tanker,246541000,6.8,116.0,15.0
2026-06-03,Øresund,dél,Teherhajó,246883000,5.2,151.0,26.0
2026-06-03,Øresund,dél,Tanker,248886000,4.9,88.0,14.0
2026-06-03,Øresund,dél,Tanker,249362000,6.8,100.0,18.0
2026-06-03,Øresund,dél,Teherhajó,253361000,4.0,100.0,14.0
2026-06-03,Øresund,észak,Teherhajó,255805881,4.0,98.0,16.0
2026-06-03,Øresund,észak,Teherhajó,255915627,6.4,99.0,16.0
2026-06-03,Øresund,észak,Teherhajó,255916550,6.6,89.0,16.0
2026-06-03,Øresund,észak,Tanker,255951000,6.3,144.0,23.0
2026-06-03,Øresund,észak,Tanker,265056000,3.5,67.0,12.0
2026-06-03,Øresund,észak,Tanker,265063000,5.8,149.0,23.0
2026-06-03,Øresund,dél,Tanker,265071000,8.8,130.0,22.0
2026-06-03,Øresund,észak,Teherhajó,273297850,5.9,127.0,20.0
2026-06-03,Øresund,dél,Teherhajó,275551000,5.4,81.0,12.0
2026-06-03,Øresund,dél,Teherhajó,304964000,5.6,104.0,16.0
2026-06-03,Øresund,dél,Teherhajó,305065000,6.4,138.0,21.0
2026-06-03,Øresund,dél,Teherhajó,305167000,4.8,107.0,14.0
2026-06-03,Øresund,észak,Teherhajó,305813000,5.6,88.0,13.0
2026-06-03,Øresund,észak,Teherhajó,311001187,5.1,118.0,17.0
2026-06-03,Øresund,dél,Teherhajó,311001791,6.7,90.0,16.0
2026-06-03,Øresund,dél,Teherhajó,311001804,3.4,88.0,13.0
2026-06-03,Øresund,észak,Teherhajó,314635000,4.2,88.0,13.0
2026-06-03,Øresund,észak,Teherhajó,352001875,5.0,88.0,13.0
2026-06-03,Øresund,dél,Tanker,352003617,6.6,245.0,44.0
2026-06-03,Øresund,dél,Tanker,352004593,6.4,174.0,28.0
2026-06-03,Øresund,dél,Tanker,538005399,7.0,184.0,27.0
2026-06-03,Øresund,észak,Teherhajó,538005884,7.3,237.0,40.0
2026-06-03,Øresund,észak,Tanker,538007841,6.8,160.0,26.0
2026-06-03,Øresund,dél,Tanker,538012311,7.4,274.0,48.0
2026-06-03,Øresund,dél,Teherhajó,636022444,7.6,230.0,38.0
2026-06-03,Øresund,dél,Teherhajó,636022634,6.3,225.0,32.0
2026-06-03,Øresund,észak,Teherhajó,636023944,8.3,172.0,28.0
2026-06-03,Øresund,dél,Tanker,636026410,7.2,274.0,48.0
2026-06-04,Nagy-Balti-öv,észak,Teherhajó,209184000,10.4,186.0,27.0
2026-06-04,Nagy-Balti-öv,észak,Teherhajó,209239000,5.5,87.0,13.0
2026-06-04,Nagy-Balti-öv,észak,Teherhajó,210100000,5.6,89.0,13.0
2026-06-04,Nagy-Balti-öv,dél,Teherhajó,211230400,2.9,76.0,12.0
2026-06-04,Nagy-Balti-öv,észak,Teherhajó,215195000,11.2,399.0,54.0
2026-06-04,Nagy-Balti-öv,észak,Teherhajó,229941000,7.8,152.0,22.0
2026-06-04,Nagy-Balti-öv,dél,Tanker,230687000,14.6,250.0,44.0
2026-06-04,Nagy-Balti-öv,dél,Tanker,231875000,9.3,144.0,23.0
2026-06-04,Nagy-Balti-öv,észak,Tanker,241866000,9.0,250.0,44.0
2026-06-04,Nagy-Balti-öv,dél,Teherhajó,245546000,7.0,168.0,25.0
2026-06-04,Nagy-Balti-öv,dél,Teherhajó,246367000,4.0,99.0,11.0
2026-06-04,Nagy-Balti-öv,észak,Tanker,248547000,9.5,274.0,48.0
2026-06-04,Nagy-Balti-öv,dél,Teherhajó,249302000,12.9,229.0,32.0
2026-06-04,Nagy-Balti-öv,dél,Teherhajó,249387000,8.2,174.0,22.0
2026-06-04,Nagy-Balti-öv,dél,Tanker,249987000,15.0,250.0,44.0
2026-06-04,Nagy-Balti-öv,észak,Teherhajó,255806294,10.1,180.0,32.0
2026-06-04,Nagy-Balti-öv,észak,Teherhajó,255851000,6.7,89.0,16.0
2026-06-04,Nagy-Balti-öv,észak,Tanker,255915916,11.7,183.0,32.0
2026-06-04,Nagy-Balti-öv,észak,Teherhajó,255917283,9.8,170.0,25.0
2026-06-04,Nagy-Balti-öv,dél,Tanker,256759000,11.5,300.0,49.0
2026-06-04,Nagy-Balti-öv,észak,Teherhajó,256883000,10.0,205.0,30.0
2026-06-04,Nagy-Balti-öv,észak,Teherhajó,257277000,10.0,188.0,32.0
2026-06-04,Nagy-Balti-öv,észak,Teherhajó,258761000,4.3,110.0,15.0
2026-06-04,Nagy-Balti-öv,dél,Tanker,265068510,8.9,149.0,23.0
2026-06-04,Nagy-Balti-öv,dél,Tanker,266466000,8.2,129.0,20.0
2026-06-04,Nagy-Balti-öv,észak,Tanker,273358610,5.2,96.0,15.0
2026-06-04,Nagy-Balti-öv,észak,Teherhajó,304217000,5.2,107.0,16.0
2026-06-04,Nagy-Balti-öv,észak,Teherhajó,304323000,5.2,88.0,13.0
2026-06-04,Nagy-Balti-öv,észak,Teherhajó,304829000,6.5,190.0,29.0
2026-06-04,Nagy-Balti-öv,dél,Teherhajó,305522000,4.7,90.0,13.0
2026-06-04,Nagy-Balti-öv,dél,Teherhajó,305762000,5.1,104.0,15.0
2026-06-04,Nagy-Balti-öv,észak,Teherhajó,311000855,9.1,152.0,23.0
2026-06-04,Nagy-Balti-öv,észak,Tanker,311001726,11.8,189.0,32.0
2026-06-04,Nagy-Balti-öv,észak,Teherhajó,352001571,14.5,225.0,32.0
2026-06-04,Nagy-Balti-öv,észak,Teherhajó,352005335,10.2,183.0,31.0
2026-06-04,Nagy-Balti-öv,dél,Teherhajó,352006093,9.7,185.0,32.0
2026-06-04,Nagy-Balti-öv,észak,Teherhajó,371234000,15.1,229.0,32.0
2026-06-04,Nagy-Balti-öv,észak,Teherhajó,373299000,14.6,229.0,32.0
2026-06-04,Nagy-Balti-öv,dél,Tanker,419001224,13.5,244.0,42.0
2026-06-04,Nagy-Balti-öv,észak,Teherhajó,477552100,11.1,211.0,30.0
2026-06-04,Nagy-Balti-öv,dél,Teherhajó,538005278,9.0,188.0,27.0
2026-06-04,Nagy-Balti-öv,észak,Teherhajó,538008298,6.7,225.0,48.0
2026-06-04,Nagy-Balti-öv,észak,Tanker,538009109,11.4,180.0,32.0
2026-06-04,Nagy-Balti-öv,észak,Teherhajó,538010610,10.1,178.0,28.0
2026-06-04,Nagy-Balti-öv,észak,Teherhajó,538090695,11.0,189.0,32.0
2026-06-04,Nagy-Balti-öv,észak,Tanker,563315600,9.3,295.0,46.0
2026-06-04,Nagy-Balti-öv,észak,Teherhajó,563329800,11.0,180.0,30.0
2026-06-04,Nagy-Balti-öv,dél,Tanker,613661400,8.2,246.0,42.0
2026-06-04,Nagy-Balti-öv,észak,Tanker,613661401,13.4,274.0,48.0
2026-06-04,Nagy-Balti-öv,észak,Tanker,631010073,15.0,245.0,42.0
2026-06-04,Nagy-Balti-öv,dél,Teherhajó,636016430,11.0,280.0,32.0
2026-06-04,Nagy-Balti-öv,észak,Teherhajó,636019820,12.9,199.0,32.0
2026-06-04,Nagy-Balti-öv,észak,Teherhajó,636020223,12.3,190.0,32.0
2026-06-04,Nagy-Balti-öv,dél,Teherhajó,636022520,9.7,289.0,45.0
2026-06-04,Nagy-Balti-öv,észak,Teherhajó,636023608,11.3,216.0,27.0
2026-06-04,Nagy-Balti-öv,észak,Teherhajó,636024962,13.5,200.0,32.0
2026-06-04,Nagy-Balti-öv,észak,Teherhajó,636025065,12.7,200.0,32.0
2026-06-04,Øresund,észak,Tanker,209507000,6.8,109.0,16.0
2026-06-04,Øresund,dél,Teherhajó,209968000,4.1,82.0,12.0
2026-06-04,Øresund,észak,Tanker,210253000,4.6,118.0,17.0
2026-06-04,Øresund,észak,Teherhajó,210548000,5.0,82.0,12.0
2026-06-04,Øresund,észak,Teherhajó,211302790,5.4,87.0,15.0
2026-06-04,Øresund,dél,Teherhajó,212571000,4.4,82.0,12.0
2026-06-04,Øresund,dél,Teherhajó,212673000,4.1,89.0,14.0
2026-06-04,Øresund,észak,Teherhajó,212949000,5.3,100.0,20.0
2026-06-04,Øresund,észak,Teherhajó,219927000,6.0,183.0,25.0
2026-06-04,Øresund,dél,Tanker,229015000,5.4,109.0,16.0
2026-06-04,Øresund,dél,Tanker,229994000,7.4,115.0,19.0
2026-06-04,Øresund,dél,Teherhajó,230352000,6.2,120.0,18.0
2026-06-04,Øresund,dél,Teherhajó,231907000,4.9,89.0,13.0
2026-06-04,Øresund,dél,Teherhajó,232033027,5.4,106.0,15.0
2026-06-04,Øresund,észak,Teherhajó,235061954,6.2,100.0,14.0
2026-06-04,Øresund,dél,Tanker,235095979,6.4,113.0,20.0
2026-06-04,Øresund,észak,Teherhajó,236701000,7.4,100.0,17.0
2026-06-04,Øresund,dél,Teherhajó,244130641,4.8,90.0,13.0
2026-06-04,Øresund,dél,Teherhajó,244632000,4.9,132.0,16.0
2026-06-04,Øresund,észak,Teherhajó,244853000,5.2,144.0,20.0
2026-06-04,Øresund,észak,Teherhajó,245017000,3.5,89.0,14.0
2026-06-04,Øresund,észak,Teherhajó,246110000,7.4,122.0,16.0
2026-06-04,Øresund,dél,Teherhajó,246141000,4.5,100.0,17.0
2026-06-04,Øresund,észak,Tanker,246541000,5.1,116.0,15.0
2026-06-04,Øresund,észak,Teherhajó,246754000,7.5,126.0,15.0
2026-06-04,Øresund,észak,Tanker,248102000,5.1,100.0,18.0
2026-06-04,Øresund,dél,Teherhajó,255805390,4.8,97.0,17.0
2026-06-04,Øresund,észak,Teherhajó,255806187,6.0,150.0,26.0
2026-06-04,Øresund,észak,Teherhajó,255806433,3.7,130.0,25.0
2026-06-04,Øresund,dél,Teherhajó,255851000,6.7,89.0,16.0
2026-06-04,Øresund,észak,Tanker,255916581,6.1,162.0,23.0
2026-06-04,Øresund,észak,Teherhajó,255917243,5.7,89.0,16.0
2026-06-04,Øresund,dél,Teherhajó,257415000,6.2,87.0,15.0
2026-06-04,Øresund,észak,Teherhajó,258006930,5.8,101.0,17.0
2026-06-04,Øresund,észak,Teherhajó,258209000,5.3,156.0,22.0
2026-06-04,Øresund,dél,Tanker,265053000,7.9,150.0,23.0
2026-06-04,Øresund,észak,Tanker,265071000,5.7,130.0,22.0
2026-06-04,Øresund,dél,Tanker,266436000,5.8,100.0,18.0
2026-06-04,Øresund,dél,Tanker,266473000,5.6,87.0,13.0
2026-06-04,Øresund,dél,Teherhajó,275515000,4.5,82.0,12.0
2026-06-04,Øresund,észak,Teherhajó,275551000,3.8,81.0,12.0
2026-06-04,Øresund,dél,Teherhajó,277586000,8.1,148.0,25.0
2026-06-04,Øresund,észak,Teherhajó,277586000,8.1,148.0,25.0
2026-06-04,Øresund,észak,Teherhajó,305277000,5.7,115.0,16.0
2026-06-04,Øresund,észak,Teherhajó,305821000,6.0,95.0,14.0
2026-06-04,Øresund,észak,Teherhajó,309937000,5.9,90.0,13.0
2026-06-04,Øresund,dél,Teherhajó,311001499,6.4,89.0,14.0
2026-06-04,Øresund,észak,Teherhajó,314786000,6.5,152.0,23.0
2026-06-04,Øresund,dél,Teherhajó,352003857,7.0,225.0,32.0
2026-06-04,Øresund,dél,Tanker,352004884,7.3,180.0,28.0
2026-06-04,Øresund,dél,Teherhajó,538002179,6.0,177.0,29.0
2026-06-04,Øresund,dél,Teherhajó,538011040,6.2,180.0,30.0
2026-06-04,Øresund,dél,Tanker,538012432,6.0,145.0,23.0
2026-06-04,Øresund,dél,Tanker,563298900,6.5,159.0,26.0
2026-06-04,Øresund,észak,Teherhajó,636013146,6.1,148.0,21.0
2026-06-04,Øresund,dél,Tanker,636019392,7.0,237.0,42.0
2026-06-04,Øresund,dél,Tanker,636021509,7.5,182.0,32.0
2026-06-04,Øresund,dél,Teherhajó,636025047,7.0,199.0,32.0
2026-06-05,Nagy-Balti-öv,dél,Teherhajó,209313000,3.2,82.0,12.0
2026-06-05,Nagy-Balti-öv,észak,Teherhajó,209535000,4.0,90.0,13.0
2026-06-05,Nagy-Balti-öv,észak,Teherhajó,211845000,8.2,155.0,22.0
2026-06-05,Nagy-Balti-öv,dél,Teherhajó,212802000,4.1,90.0,14.0
2026-06-05,Nagy-Balti-öv,dél,Teherhajó,219543000,9.3,172.0,32.0
2026-06-05,Nagy-Balti-öv,észak,Tanker,229716000,14.5,252.0,45.0
2026-06-05,Nagy-Balti-öv,észak,Teherhajó,230618000,6.1,218.0,27.0
2026-06-05,Nagy-Balti-öv,dél,Teherhajó,230618000,6.1,218.0,27.0
2026-06-05,Nagy-Balti-öv,dél,Tanker,241875000,14.9,250.0,44.0
2026-06-05,Nagy-Balti-öv,észak,Tanker,248895000,14.1,249.0,44.0
2026-06-05,Nagy-Balti-öv,dél,Tanker,249098000,14.2,250.0,44.0
2026-06-05,Nagy-Balti-öv,észak,Tanker,249182000,12.2,228.0,32.0
2026-06-05,Nagy-Balti-öv,észak,Teherhajó,255806081,10.4,179.0,27.0
2026-06-05,Nagy-Balti-öv,észak,Teherhajó,255806119,4.9,100.0,12.0
2026-06-05,Nagy-Balti-öv,észak,Teherhajó,255848000,6.6,89.0,16.0
2026-06-05,Nagy-Balti-öv,dél,Teherhajó,256708000,7.5,205.0,30.0
2026-06-05,Nagy-Balti-öv,észak,Teherhajó,257056010,4.0,90.0,14.0
2026-06-05,Nagy-Balti-öv,dél,Tanker,257364000,5.4,92.0,14.0
2026-06-05,Nagy-Balti-öv,észak,Tanker,258915000,7.0,160.0,26.0
2026-06-05,Nagy-Balti-öv,dél,Teherhajó,259020000,7.8,124.0,17.0
2026-06-05,Nagy-Balti-öv,észak,Tanker,265610040,3.7,80.0,14.0
2026-06-05,Nagy-Balti-öv,dél,Teherhajó,304953000,4.2,82.0,11.0
2026-06-05,Nagy-Balti-öv,észak,Teherhajó,305522000,2.7,90.0,13.0
2026-06-05,Nagy-Balti-öv,dél,Teherhajó,305530000,8.9,176.0,26.0
2026-06-05,Nagy-Balti-öv,dél,Teherhajó,311000853,10.2,189.0,26.0
2026-06-05,Nagy-Balti-öv,észak,Teherhajó,314085000,9.8,178.0,28.0
2026-06-05,Nagy-Balti-öv,dél,Teherhajó,352001875,3.1,88.0,13.0
2026-06-05,Nagy-Balti-öv,észak,Teherhajó,352005037,8.3,189.0,30.0
2026-06-05,Nagy-Balti-öv,észak,Teherhajó,352006574,10.6,183.0,31.0
2026-06-05,Nagy-Balti-öv,dél,Teherhajó,352980867,13.0,199.0,32.0
2026-06-05,Nagy-Balti-öv,észak,Teherhajó,356631000,10.3,180.0,30.0
2026-06-05,Nagy-Balti-öv,észak,Tanker,461000243,11.7,300.0,46.0
2026-06-05,Nagy-Balti-öv,észak,Tanker,511101602,12.2,184.0,32.0
2026-06-05,Nagy-Balti-öv,észak,Teherhajó,538005278,10.0,188.0,27.0
2026-06-05,Nagy-Balti-öv,észak,Teherhajó,538006054,14.6,228.0,32.0
2026-06-05,Nagy-Balti-öv,észak,Teherhajó,538011997,12.0,200.0,32.0
2026-06-05,Nagy-Balti-öv,észak,Teherhajó,538012766,8.4,180.0,30.0
2026-06-05,Nagy-Balti-öv,dél,Teherhajó,563288800,9.2,208.0,30.0
2026-06-05,Nagy-Balti-öv,észak,Tanker,563326000,9.5,244.0,42.0
2026-06-05,Nagy-Balti-öv,dél,Tanker,631010070,8.5,250.0,44.0
2026-06-05,Nagy-Balti-öv,észak,Tanker,636022121,14.7,274.0,47.0
2026-06-05,Nagy-Balti-öv,észak,Teherhajó,636022919,7.8,175.0,29.0
2026-06-05,Nagy-Balti-öv,észak,Teherhajó,636023215,14.2,229.0,36.0
2026-06-05,Nagy-Balti-öv,észak,Teherhajó,636093318,10.9,180.0,32.0
2026-06-05,Øresund,dél,Teherhajó,205011000,5.5,89.0,12.0
2026-06-05,Øresund,dél,Teherhajó,209708000,4.4,90.0,14.0
2026-06-05,Øresund,dél,Teherhajó,209823000,4.7,92.0,15.0
2026-06-05,Øresund,dél,Teherhajó,210704000,4.3,90.0,13.0
2026-06-05,Øresund,dél,Teherhajó,212949000,4.8,100.0,20.0
2026-06-05,Øresund,dél,Teherhajó,230091950,4.4,83.0,13.0
2026-06-05,Øresund,észak,Tanker,230689000,6.8,156.0,24.0
2026-06-05,Øresund,észak,Teherhajó,230693000,5.1,88.0,13.0
2026-06-05,Øresund,dél,Teherhajó,231023000,4.3,90.0,14.0
2026-06-05,Øresund,dél,Teherhajó,231873000,6.5,100.0,14.0
2026-06-05,Øresund,dél,Teherhajó,231898000,5.1,89.0,13.0
2026-06-05,Øresund,dél,Teherhajó,236701000,4.7,100.0,17.0
2026-06-05,Øresund,észak,Teherhajó,244790715,5.4,89.0,14.0
2026-06-05,Øresund,dél,Tanker,244870429,6.4,115.0,20.0
2026-06-05,Øresund,dél,Teherhajó,245197000,4.4,115.0,17.0
2026-06-05,Øresund,észak,Tanker,245313000,6.4,115.0,16.0
2026-06-05,Øresund,dél,Teherhajó,246278000,5.4,121.0,21.0
2026-06-05,Øresund,észak,Teherhajó,246554000,7.4,205.0,26.0
2026-06-05,Øresund,észak,Teherhajó,246724000,3.8,89.0,12.0
2026-06-05,Øresund,dél,Tanker,248148000,7.4,249.0,44.0
2026-06-05,Øresund,dél,Tanker,249702000,6.7,105.0,16.0
2026-06-05,Øresund,észak,Tanker,255802940,5.8,88.0,15.0
2026-06-05,Øresund,dél,Teherhajó,255915627,4.4,99.0,16.0
2026-06-05,Øresund,észak,Teherhajó,255915955,5.3,88.0,13.0
2026-06-05,Øresund,észak,Teherhajó,255916546,4.7,89.0,16.0
2026-06-05,Øresund,dél,Teherhajó,256688000,7.2,190.0,32.0
2026-06-05,Øresund,dél,Teherhajó,256737000,6.8,179.0,32.0
2026-06-05,Øresund,észak,Teherhajó,257350220,5.1,100.0,16.0
2026-06-05,Øresund,észak,Tanker,257374000,6.4,140.0,22.0
2026-06-05,Øresund,dél,Tanker,265012140,5.6,100.0,19.0
2026-06-05,Øresund,észak,Teherhajó,304099000,4.3,105.0,16.0
2026-06-05,Øresund,dél,Teherhajó,304217000,3.4,107.0,16.0
2026-06-05,Øresund,dél,Teherhajó,304408000,6.2,100.0,15.0
2026-06-05,Øresund,dél,Teherhajó,305305000,4.8,146.0,18.0
2026-06-05,Øresund,észak,Teherhajó,305497000,5.4,90.0,15.0
2026-06-05,Øresund,észak,Teherhajó,311995000,6.7,148.0,25.0
2026-06-05,Øresund,dél,Teherhajó,314634000,5.8,88.0,12.0
2026-06-05,Øresund,dél,Tanker,352004375,6.8,183.0,32.0
2026-06-05,Øresund,dél,Teherhajó,352006250,6.6,188.0,32.0
2026-06-05,Øresund,dél,Teherhajó,538006940,7.5,229.0,37.0
2026-06-05,Øresund,dél,Teherhajó,538007150,7.2,190.0,32.0
2026-06-05,Øresund,dél,Tanker,538009157,7.0,186.0,31.0
2026-06-05,Øresund,dél,Teherhajó,538012015,6.9,229.0,32.0
2026-06-05,Øresund,dél,Teherhajó,572728220,6.2,133.0,19.0
2026-06-05,Øresund,dél,Teherhajó,636022047,8.5,161.0,25.0
2026-06-05,Øresund,észak,Teherhajó,636022047,8.5,161.0,25.0
2026-06-05,Øresund,dél,Teherhajó,636022248,7.6,229.0,38.0
2026-06-05,Øresund,dél,Tanker,636023893,6.8,250.0,44.0
2026-06-05,Øresund,észak,Teherhajó,636023981,5.6,180.0,30.0
2026-06-05,Øresund,dél,Teherhajó,636024910,6.8,180.0,30.0
2026-06-05,Øresund,dél,Teherhajó,636025461,7.1,199.0,32.0
2026-06-05,Øresund,dél,Teherhajó,636092977,7.2,235.0,38.0
2026-06-05,Øresund,dél,Teherhajó,636093237,7.4,229.0,32.0
2026-06-05,Øresund,dél,Teherhajó,636093385,7.5,229.0,32.0
2026-06-06,Nagy-Balti-öv,észak,Teherhajó,211141000,8.0,134.0,23.0
2026-06-06,Nagy-Balti-öv,észak,Teherhajó,211686000,2.7,75.0,10.0
2026-06-06,Nagy-Balti-öv,dél,Teherhajó,211845000,7.7,155.0,22.0
2026-06-06,Nagy-Balti-öv,észak,Tanker,219008000,8.3,147.0,22.0
2026-06-06,Nagy-Balti-öv,dél,Teherhajó,219115000,9.4,200.0,36.0
2026-06-06,Nagy-Balti-öv,dél,Teherhajó,219164000,7.4,86.0,14.0
2026-06-06,Nagy-Balti-öv,dél,Tanker,219554000,8.1,130.0,20.0
2026-06-06,Nagy-Balti-öv,dél,Tanker,228432700,11.5,299.0,46.0
2026-06-06,Nagy-Balti-öv,dél,Teherhajó,231843000,5.2,89.0,14.0
2026-06-06,Nagy-Balti-öv,észak,Teherhajó,244870673,4.1,88.0,12.0
2026-06-06,Nagy-Balti-öv,dél,Teherhajó,246456000,7.5,168.0,24.0
2026-06-06,Nagy-Balti-öv,dél,Teherhajó,250006161,4.4,120.0,15.0
2026-06-06,Nagy-Balti-öv,észak,Tanker,255915979,8.7,144.0,23.0
2026-06-06,Nagy-Balti-öv,észak,Teherhajó,256882000,10.1,205.0,30.0
2026-06-06,Nagy-Balti-öv,dél,Teherhajó,257064430,4.1,90.0,14.0
2026-06-06,Nagy-Balti-öv,észak,Teherhajó,257064430,4.1,90.0,14.0
2026-06-06,Nagy-Balti-öv,észak,Tanker,257089150,10.0,277.0,46.0
2026-06-06,Nagy-Balti-öv,észak,Tanker,257364000,6.0,92.0,14.0
2026-06-06,Nagy-Balti-öv,dél,Teherhajó,258014000,8.5,204.0,32.0
2026-06-06,Nagy-Balti-öv,észak,Tanker,259372000,7.4,124.0,20.0
2026-06-06,Nagy-Balti-öv,észak,Tanker,266220000,5.7,130.0,20.0
2026-06-06,Nagy-Balti-öv,dél,Tanker,273272850,7.9,249.0,44.0
2026-06-06,Nagy-Balti-öv,észak,Teherhajó,275518000,4.3,90.0,14.0
2026-06-06,Nagy-Balti-öv,észak,Teherhajó,305530000,6.6,176.0,26.0
2026-06-06,Nagy-Balti-öv,dél,Teherhajó,308315000,9.7,158.0,24.0
2026-06-06,Nagy-Balti-öv,dél,Teherhajó,314260000,4.4,78.0,10.0
2026-06-06,Nagy-Balti-öv,észak,Tanker,352003339,13.6,240.0,44.0
2026-06-06,Nagy-Balti-öv,dél,Teherhajó,352005011,8.8,188.0,27.0
2026-06-06,Nagy-Balti-öv,észak,Tanker,352005443,14.8,275.0,48.0
2026-06-06,Nagy-Balti-öv,dél,Teherhajó,356037000,8.0,202.0,31.0
2026-06-06,Nagy-Balti-öv,észak,Teherhajó,414057000,13.1,190.0,32.0
2026-06-06,Nagy-Balti-öv,észak,Teherhajó,477015800,10.3,179.0,30.0
2026-06-06,Nagy-Balti-öv,észak,Teherhajó,477172900,7.7,179.0,32.0
2026-06-06,Nagy-Balti-öv,észak,Teherhajó,477195100,14.1,291.0,32.0
2026-06-06,Nagy-Balti-öv,észak,Tanker,477591500,9.4,275.0,48.0
2026-06-06,Nagy-Balti-öv,észak,Teherhajó,538004153,10.4,196.0,32.0
2026-06-06,Nagy-Balti-öv,észak,Tanker,538005385,9.0,256.0,43.0
2026-06-06,Nagy-Balti-öv,dél,Tanker,538005654,12.0,183.0,32.0
2026-06-06,Nagy-Balti-öv,dél,Tanker,538006621,15.0,252.0,44.0
2026-06-06,Nagy-Balti-öv,észak,Tanker,563003300,8.3,250.0,44.0
2026-06-06,Nagy-Balti-öv,észak,Teherhajó,563156300,15.1,229.0,38.0
2026-06-06,Nagy-Balti-öv,észak,Tanker,563270800,10.7,183.0,32.0
2026-06-06,Nagy-Balti-öv,észak,Tanker,613471907,14.2,277.0,50.0
2026-06-06,Nagy-Balti-öv,észak,Teherhajó,636014740,10.7,222.0,30.0
2026-06-06,Nagy-Balti-öv,észak,Teherhajó,636021058,10.3,180.0,28.0
2026-06-06,Nagy-Balti-öv,észak,Tanker,636021942,10.1,183.0,32.0
2026-06-06,Nagy-Balti-öv,dél,Teherhajó,636024066,9.3,179.0,28.0
2026-06-06,Nagy-Balti-öv,dél,Tanker,636025811,8.5,250.0,44.0
2026-06-06,Nagy-Balti-öv,észak,Teherhajó,636026075,10.0,177.0,30.0
2026-06-06,Nagy-Balti-öv,dél,Teherhajó,636091995,10.0,208.0,30.0
2026-06-06,Nagy-Balti-öv,dél,Teherhajó,636093159,10.5,222.0,30.0
2026-06-06,Nagy-Balti-öv,észak,Teherhajó,636093372,14.5,229.0,32.0
2026-06-06,Øresund,észak,Tanker,210765000,7.1,118.0,17.0
2026-06-06,Øresund,dél,Teherhajó,211141000,8.0,134.0,23.0
2026-06-06,Øresund,észak,Teherhajó,212673000,6.2,89.0,14.0
2026-06-06,Øresund,dél,Teherhajó,230695000,6.2,89.0,13.0
2026-06-06,Øresund,észak,Teherhajó,230700000,7.4,238.0,35.0
2026-06-06,Øresund,észak,Tanker,231875000,6.1,144.0,23.0
2026-06-06,Øresund,észak,Teherhajó,232033026,6.3,106.0,14.0
2026-06-06,Øresund,dél,Teherhajó,235507000,5.2,193.0,26.0
2026-06-06,Øresund,dél,Tanker,236668000,6.4,90.0,14.0
2026-06-06,Øresund,észak,Teherhajó,236701000,7.4,100.0,17.0
2026-06-06,Øresund,észak,Tanker,244036000,6.7,108.0,16.0
2026-06-06,Øresund,dél,Teherhajó,244339000,3.9,87.0,14.0
2026-06-06,Øresund,dél,Teherhajó,244820165,4.2,119.0,15.0
2026-06-06,Øresund,dél,Teherhajó,244870000,3.8,90.0,14.0
2026-06-06,Øresund,észak,Teherhajó,245097000,7.4,205.0,26.0
2026-06-06,Øresund,dél,Teherhajó,245190000,6.0,89.0,14.0
2026-06-06,Øresund,észak,Teherhajó,245257000,4.1,86.0,11.0
2026-06-06,Øresund,dél,Teherhajó,246063000,6.0,90.0,15.0
2026-06-06,Øresund,dél,Tanker,246541000,6.7,116.0,15.0
2026-06-06,Øresund,dél,Teherhajó,246546000,4.1,90.0,14.0
2026-06-06,Øresund,dél,Tanker,248102000,4.9,100.0,18.0
2026-06-06,Øresund,észak,Teherhajó,255805842,7.1,141.0,22.0
2026-06-06,Øresund,dél,Teherhajó,255805881,6.2,98.0,16.0
2026-06-06,Øresund,dél,Teherhajó,255805993,3.5,88.0,12.0
2026-06-06,Øresund,dél,Teherhajó,255806300,6.3,135.0,22.0
2026-06-06,Øresund,észak,Teherhajó,255915581,3.4,89.0,12.0
2026-06-06,Øresund,észak,Teherhajó,255915634,5.9,99.0,16.0
2026-06-06,Øresund,dél,Teherhajó,255915749,5.1,89.0,12.0
2026-06-06,Øresund,dél,Tanker,257364000,6.0,92.0,14.0
2026-06-06,Øresund,dél,Teherhajó,258227000,6.4,87.0,15.0
2026-06-06,Øresund,dél,Teherhajó,258622000,5.4,101.0,17.0
2026-06-06,Øresund,dél,Teherhajó,258809000,6.4,90.0,14.0
2026-06-06,Øresund,észak,Teherhajó,258809000,6.4,90.0,14.0
2026-06-06,Øresund,dél,Teherhajó,259017000,6.4,90.0,14.0
2026-06-06,Øresund,észak,Tanker,265012140,5.4,100.0,19.0
2026-06-06,Øresund,észak,Tanker,265053000,6.1,150.0,23.0
2026-06-06,Øresund,dél,Tanker,265056000,4.0,67.0,12.0
2026-06-06,Øresund,észak,Tanker,265056000,4.0,67.0,12.0
2026-06-06,Øresund,dél,Tanker,266472000,6.8,88.0,13.0
2026-06-06,Øresund,észak,Tanker,266473000,5.0,87.0,13.0
2026-06-06,Øresund,dél,Teherhajó,304050000,5.8,89.0,12.0
2026-06-06,Øresund,dél,Teherhajó,305256000,6.1,143.0,22.0
2026-06-06,Øresund,dél,Teherhajó,305507000,7.4,132.0,16.0
2026-06-06,Øresund,észak,Teherhajó,311001499,6.4,89.0,14.0
2026-06-06,Øresund,dél,Teherhajó,311001786,5.8,90.0,15.0
2026-06-06,Øresund,dél,Teherhajó,319213600,6.3,181.0,30.0
2026-06-06,Øresund,dél,Tanker,511101845,6.8,251.0,44.0
2026-06-06,Øresund,észak,Teherhajó,538003973,6.5,190.0,32.0
2026-06-06,Øresund,dél,Teherhajó,538007141,6.7,200.0,32.0
2026-06-06,Øresund,dél,Tanker,636013409,7.4,183.0,27.0
2026-06-06,Øresund,dél,Teherhajó,636015461,6.2,180.0,30.0
2026-06-06,Øresund,dél,Teherhajó,636021080,4.7,111.0,15.0
2026-06-06,Øresund,észak,Teherhajó,636025385,7.1,229.0,32.0
2026-06-07,Nagy-Balti-öv,dél,Teherhajó,209535000,5.8,90.0,13.0
2026-06-07,Nagy-Balti-öv,észak,Teherhajó,209659000,10.1,170.0,27.0
2026-06-07,Nagy-Balti-öv,észak,Teherhajó,211577000,7.2,160.0,28.0
2026-06-07,Nagy-Balti-öv,észak,Tanker,219029880,7.7,147.0,22.0
2026-06-07,Nagy-Balti-öv,észak,Teherhajó,219136000,11.8,200.0,36.0
2026-06-07,Nagy-Balti-öv,észak,Teherhajó,219164000,4.5,86.0,14.0
2026-06-07,Nagy-Balti-öv,észak,Tanker,220018000,5.1,78.0,13.0
2026-06-07,Nagy-Balti-öv,észak,Tanker,220634000,11.4,183.0,32.0
2026-06-07,Nagy-Balti-öv,észak,Teherhajó,229648000,9.1,255.0,37.0
2026-06-07,Nagy-Balti-öv,észak,Teherhajó,230643000,6.3,187.0,27.0
2026-06-07,Nagy-Balti-öv,dél,Tanker,230707000,9.7,150.0,23.0
2026-06-07,Nagy-Balti-öv,észak,Teherhajó,231843000,3.8,89.0,14.0
2026-06-07,Nagy-Balti-öv,észak,Teherhajó,244301000,8.9,141.0,21.0
2026-06-07,Nagy-Balti-öv,dél,Teherhajó,244645000,3.0,68.0,14.0
2026-06-07,Nagy-Balti-öv,észak,Teherhajó,244903000,10.2,172.0,25.0
2026-06-07,Nagy-Balti-öv,dél,Teherhajó,246663000,8.2,157.0,26.0
2026-06-07,Nagy-Balti-öv,észak,Teherhajó,248630000,12.4,199.0,32.0
2026-06-07,Nagy-Balti-öv,dél,Teherhajó,255806189,8.0,150.0,26.0
2026-06-07,Nagy-Balti-öv,dél,Teherhajó,255806258,9.7,178.0,27.0
2026-06-07,Nagy-Balti-öv,észak,Teherhajó,255806513,10.7,168.0,25.0
2026-06-07,Nagy-Balti-öv,dél,Teherhajó,255915748,3.1,89.0,12.0
2026-06-07,Nagy-Balti-öv,észak,Tanker,256759000,9.6,300.0,49.0
2026-06-07,Nagy-Balti-öv,észak,Teherhajó,257211000,5.3,82.0,12.0
2026-06-07,Nagy-Balti-öv,dél,Teherhajó,258709000,3.2,88.0,13.0
2026-06-07,Nagy-Balti-öv,észak,Teherhajó,258709000,3.2,88.0,13.0
2026-06-07,Nagy-Balti-öv,dél,Tanker,265063000,9.2,149.0,23.0
2026-06-07,Nagy-Balti-öv,észak,Tanker,273254770,7.1,170.0,24.0
2026-06-07,Nagy-Balti-öv,dél,Teherhajó,304323000,3.2,88.0,13.0
2026-06-07,Nagy-Balti-öv,dél,Teherhajó,304783000,10.1,166.0,24.0
2026-06-07,Nagy-Balti-öv,észak,Teherhajó,305370000,5.7,88.0,12.0
2026-06-07,Nagy-Balti-öv,dél,Teherhajó,311000985,8.9,180.0,30.0
2026-06-07,Nagy-Balti-öv,dél,Teherhajó,352002531,8.0,227.0,32.0
2026-06-07,Nagy-Balti-öv,észak,Teherhajó,352004156,10.6,172.0,27.0
2026-06-07,Nagy-Balti-öv,észak,Tanker,352005354,15.0,244.0,42.0
2026-06-07,Nagy-Balti-öv,észak,Teherhajó,352821000,10.0,180.0,30.0
2026-06-07,Nagy-Balti-öv,dél,Teherhajó,374045000,8.9,148.0,18.0
2026-06-07,Nagy-Balti-öv,észak,Teherhajó,538002750,10.8,191.0,32.0
2026-06-07,Nagy-Balti-öv,dél,Teherhajó,538007705,7.7,225.0,48.0
2026-06-07,Nagy-Balti-öv,észak,Teherhajó,538008454,9.5,169.0,27.0
2026-06-07,Nagy-Balti-öv,dél,Tanker,538011693,11.7,298.0,51.0
2026-06-07,Nagy-Balti-öv,észak,Tanker,548930000,9.2,146.0,24.0
2026-06-07,Nagy-Balti-öv,dél,Teherhajó,566955000,12.3,398.0,51.0
2026-06-07,Nagy-Balti-öv,észak,Teherhajó,636017582,11.7,202.0,33.0
2026-06-07,Nagy-Balti-öv,dél,Teherhajó,636024103,10.2,180.0,28.0
2026-06-07,Nagy-Balti-öv,észak,Tanker,636025214,14.5,250.0,44.0
2026-06-07,Nagy-Balti-öv,észak,Tanker,667001243,9.5,274.0,50.0
2026-06-07,Øresund,észak,Teherhajó,209325000,4.9,88.0,13.0
2026-06-07,Øresund,dél,Teherhajó,209536000,5.9,90.0,13.0
2026-06-07,Øresund,észak,Teherhajó,212880000,5.8,100.0,14.0
2026-06-07,Øresund,észak,Teherhajó,212949000,5.5,100.0,20.0
2026-06-07,Øresund,dél,Teherhajó,219028337,5.4,30.0,13.0
2026-06-07,Øresund,dél,Teherhajó,230694000,6.9,238.0,35.0
2026-06-07,Øresund,észak,Teherhajó,231897000,5.5,89.0,13.0
2026-06-07,Øresund,dél,Teherhajó,244010873,5.4,95.0,13.0
2026-06-07,Øresund,dél,Teherhajó,244106000,5.1,107.0,18.0
2026-06-07,Øresund,dél,Teherhajó,244689000,4.1,111.0,14.0
2026-06-07,Øresund,észak,Tanker,244784000,5.5,100.0,16.0
2026-06-07,Øresund,észak,Teherhajó,245147000,4.8,118.0,14.0
2026-06-07,Øresund,dél,Teherhajó,245180000,6.0,89.0,13.0
2026-06-07,Øresund,észak,Teherhajó,245897000,7.5,205.0,26.0
2026-06-07,Øresund,észak,Teherhajó,246063000,4.1,90.0,15.0
2026-06-07,Øresund,észak,Teherhajó,246141000,5.2,100.0,17.0
2026-06-07,Øresund,dél,Teherhajó,246483000,5.7,88.0,13.0
2026-06-07,Øresund,dél,Tanker,249223000,7.1,100.0,18.0
2026-06-07,Øresund,észak,Tanker,249362000,5.5,100.0,18.0
2026-06-07,Øresund,észak,Tanker,249702000,5.4,105.0,16.0
2026-06-07,Øresund,észak,Teherhajó,249934000,4.0,88.0,13.0
2026-06-07,Øresund,dél,Teherhajó,250004424,6.2,87.0,15.0
2026-06-07,Øresund,észak,Teherhajó,255805390,6.5,97.0,17.0
2026-06-07,Øresund,dél,Teherhajó,255805577,7.1,140.0,23.0
2026-06-07,Øresund,dél,Teherhajó,255805907,7.2,181.0,32.0
2026-06-07,Øresund,észak,Teherhajó,255805907,7.2,181.0,32.0
2026-06-07,Øresund,dél,Teherhajó,255806344,6.1,150.0,26.0
2026-06-07,Øresund,dél,Teherhajó,255806352,5.9,141.0,22.0
2026-06-07,Øresund,észak,Teherhajó,255806352,5.9,141.0,22.0
2026-06-07,Øresund,észak,Teherhajó,255806436,6.9,141.0,22.0
2026-06-07,Øresund,dél,Teherhajó,255806463,5.8,88.0,14.0
2026-06-07,Øresund,észak,Teherhajó,255845000,5.9,90.0,16.0
2026-06-07,Øresund,észak,Teherhajó,255915683,5.6,89.0,12.0
2026-06-07,Øresund,dél,Teherhajó,255915848,5.9,89.0,16.0
2026-06-07,Øresund,dél,Teherhajó,255916550,6.3,89.0,16.0
2026-06-07,Øresund,dél,Tanker,256220000,7.0,183.0,32.0
2026-06-07,Øresund,dél,Teherhajó,257036300,4.3,106.0,14.0
2026-06-07,Øresund,észak,Tanker,257364000,5.2,92.0,14.0
2026-06-07,Øresund,dél,Teherhajó,257988000,7.4,119.0,17.0
2026-06-07,Øresund,dél,Teherhajó,258709000,3.2,88.0,13.0
2026-06-07,Øresund,észak,Tanker,259360000,6.3,96.0,15.0
2026-06-07,Øresund,dél,Teherhajó,265039000,7.5,242.0,36.0
2026-06-07,Øresund,dél,Tanker,265610040,6.1,80.0,14.0
2026-06-07,Øresund,dél,Tanker,266212000,5.0,80.0,14.0
2026-06-07,Øresund,észak,Tanker,266472000,5.1,88.0,13.0
2026-06-07,Øresund,dél,Teherhajó,277586000,8.7,148.0,25.0
2026-06-07,Øresund,észak,Teherhajó,277586000,8.7,148.0,25.0
2026-06-07,Øresund,észak,Teherhajó,305649000,6.0,95.0,14.0
2026-06-07,Øresund,észak,Tanker,305940000,6.9,100.0,16.0
2026-06-07,Øresund,észak,Teherhajó,314473000,5.0,83.0,11.0
2026-06-07,Øresund,dél,Teherhajó,314621000,5.6,88.0,12.0
2026-06-07,Øresund,dél,Tanker,352004147,6.9,180.0,32.0
2026-06-07,Øresund,észak,Teherhajó,353083000,6.4,140.0,22.0
2026-06-07,Øresund,dél,Teherhajó,354491000,7.1,225.0,32.0
2026-06-07,Øresund,dél,Tanker,538005799,5.9,100.0,17.0
2026-06-07,Øresund,dél,Teherhajó,538010700,6.7,190.0,32.0
2026-06-07,Øresund,észak,Tanker,636017106,7.3,274.0,48.0
2026-06-07,Øresund,dél,Teherhajó,636019581,6.5,180.0,30.0
2026-06-07,Øresund,dél,Teherhajó,636022144,7.4,230.0,37.0
2026-06-07,Øresund,dél,Tanker,636023571,7.0,183.0,32.0
2026-06-08,Nagy-Balti-öv,észak,Teherhajó,210017000,7.7,151.0,23.0
2026-06-08,Nagy-Balti-öv,dél,Teherhajó,210100000,3.8,89.0,13.0
2026-06-08,Nagy-Balti-öv,észak,Teherhajó,210704000,6.0,90.0,13.0
2026-06-08,Nagy-Balti-öv,dél,Teherhajó,211141000,8.5,134.0,23.0
2026-06-08,Nagy-Balti-öv,dél,Teherhajó,211718360,4.7,90.0,13.0
2026-06-08,Nagy-Balti-öv,dél,Teherhajó,212811000,7.2,100.0,16.0
2026-06-08,Nagy-Balti-öv,észak,Tanker,228432700,9.5,299.0,46.0
2026-06-08,Nagy-Balti-öv,észak,Tanker,229015000,4.7,109.0,16.0
2026-06-08,Nagy-Balti-öv,észak,Teherhajó,230666000,4.2,90.0,14.0
2026-06-08,Nagy-Balti-öv,dél,Tanker,230706000,7.8,150.0,23.0
2026-06-08,Nagy-Balti-öv,dél,Tanker,235076283,14.6,250.0,44.0
2026-06-08,Nagy-Balti-öv,észak,Tanker,244267000,6.6,104.0,16.0
2026-06-08,Nagy-Balti-öv,észak,Teherhajó,249814000,10.2,169.0,26.0
2026-06-08,Nagy-Balti-öv,észak,Tanker,249987000,9.2,250.0,44.0
2026-06-08,Nagy-Balti-öv,észak,Teherhajó,255806257,10.8,179.0,28.0
2026-06-08,Nagy-Balti-öv,észak,Teherhajó,255916298,11.3,200.0,24.0
2026-06-08,Nagy-Balti-öv,dél,Teherhajó,255924000,3.8,85.0,13.0
2026-06-08,Nagy-Balti-öv,dél,Teherhajó,256800000,8.4,205.0,30.0
2026-06-08,Nagy-Balti-öv,észak,Teherhajó,257113350,9.9,143.0,23.0
2026-06-08,Nagy-Balti-öv,dél,Teherhajó,257141000,5.4,88.0,13.0
2026-06-08,Nagy-Balti-öv,dél,Tanker,257364000,5.2,92.0,14.0
2026-06-08,Nagy-Balti-öv,észak,Teherhajó,265022000,7.3,242.0,36.0
2026-06-08,Nagy-Balti-öv,dél,Tanker,265071000,7.9,130.0,22.0
2026-06-08,Nagy-Balti-öv,észak,Tanker,266436000,5.5,100.0,18.0
2026-06-08,Nagy-Balti-öv,dél,Tanker,268250702,6.0,183.0,32.0
2026-06-08,Nagy-Balti-öv,dél,Tanker,273271850,8.2,244.0,42.0
2026-06-08,Nagy-Balti-öv,dél,Teherhajó,275518000,4.0,90.0,14.0
2026-06-08,Nagy-Balti-öv,dél,Teherhajó,305522000,4.6,90.0,13.0
2026-06-08,Nagy-Balti-öv,dél,Teherhajó,305978000,8.4,158.0,23.0
2026-06-08,Nagy-Balti-öv,dél,Teherhajó,311001906,9.9,188.0,26.0
2026-06-08,Nagy-Balti-öv,észak,Teherhajó,311358000,10.6,190.0,29.0
2026-06-08,Nagy-Balti-öv,dél,Tanker,352002809,8.2,249.0,44.0
2026-06-08,Nagy-Balti-öv,észak,Teherhajó,352004204,7.6,229.0,32.0
2026-06-08,Nagy-Balti-öv,észak,Teherhajó,353738000,14.8,245.0,43.0
2026-06-08,Nagy-Balti-öv,észak,Teherhajó,405000374,10.9,200.0,32.0
2026-06-08,Nagy-Balti-öv,észak,Tanker,419001224,8.2,244.0,42.0
2026-06-08,Nagy-Balti-öv,dél,Tanker,461000239,9.2,280.0,50.0
2026-06-08,Nagy-Balti-öv,észak,Teherhajó,477624400,14.5,289.0,45.0
2026-06-08,Nagy-Balti-öv,észak,Tanker,538012581,10.9,183.0,32.0
2026-06-08,Nagy-Balti-öv,dél,Teherhajó,563076300,12.8,292.0,32.0
2026-06-08,Nagy-Balti-öv,dél,Tanker,563100600,12.0,230.0,36.0
2026-06-08,Nagy-Balti-öv,észak,Tanker,613471908,14.9,275.0,48.0
2026-06-08,Nagy-Balti-öv,dél,Teherhajó,636015594,10.5,181.0,33.0
2026-06-08,Nagy-Balti-öv,észak,Teherhajó,636021622,9.5,181.0,31.0
2026-06-08,Nagy-Balti-öv,észak,Teherhajó,636023846,12.4,190.0,32.0
2026-06-08,Nagy-Balti-öv,dél,Teherhajó,636025351,14.3,368.0,51.0
2026-06-08,Nagy-Balti-öv,dél,Tanker,636025740,11.4,290.0,46.0
2026-06-08,Øresund,észak,Teherhajó,209114000,4.6,89.0,12.0
2026-06-08,Øresund,dél,Teherhajó,209239000,3.3,87.0,13.0
2026-06-08,Øresund,észak,Teherhajó,209536000,3.8,90.0,13.0
2026-06-08,Øresund,dél,Teherhajó,209608000,5.3,90.0,14.0
2026-06-08,Øresund,észak,Teherhajó,209977000,4.3,90.0,16.0
2026-06-08,Øresund,észak,Teherhajó,211141000,8.5,134.0,23.0
2026-06-08,Øresund,észak,Teherhajó,211219630,4.2,75.0,12.0
2026-06-08,Øresund,dél,Teherhajó,211870240,7.3,159.0,22.0
2026-06-08,Øresund,dél,Teherhajó,212810000,7.7,120.0,16.0
2026-06-08,Øresund,észak,Tanker,219034365,6.8,147.0,22.0
2026-06-08,Øresund,dél,Teherhajó,229202000,6.5,186.0,28.0
2026-06-08,Øresund,észak,Teherhajó,229246000,5.8,95.0,13.0
2026-06-08,Øresund,észak,Teherhajó,230050000,5.8,95.0,13.0
2026-06-08,Øresund,észak,Teherhajó,230351000,6.8,120.0,18.0
2026-06-08,Øresund,dél,Teherhajó,235002520,3.8,90.0,14.0
2026-06-08,Øresund,észak,Teherhajó,244339000,6.0,87.0,14.0
2026-06-08,Øresund,dél,Teherhajó,244630729,7.5,108.0,18.0
2026-06-08,Øresund,dél,Teherhajó,245029000,3.0,89.0,12.0
2026-06-08,Øresund,dél,Teherhajó,245257000,2.7,86.0,11.0
2026-06-08,Øresund,dél,Teherhajó,245278000,5.2,138.0,16.0
2026-06-08,Øresund,észak,Tanker,246354000,6.5,100.0,16.0
2026-06-08,Øresund,észak,Teherhajó,246483000,5.5,88.0,13.0
2026-06-08,Øresund,dél,Teherhajó,246507000,6.1,111.0,14.0
2026-06-08,Øresund,dél,Teherhajó,249934000,5.7,88.0,13.0
2026-06-08,Øresund,észak,Teherhajó,255806454,5.5,130.0,17.0
2026-06-08,Øresund,dél,Teherhajó,255909640,3.9,88.0,14.0
2026-06-08,Øresund,dél,Teherhajó,256956000,5.2,101.0,15.0
2026-06-08,Øresund,dél,Teherhajó,257115000,5.6,88.0,13.0
2026-06-08,Øresund,dél,Teherhajó,257588000,6.2,122.0,20.0
2026-06-08,Øresund,észak,Tanker,258715000,3.8,89.0,13.0
2026-06-08,Øresund,dél,Teherhajó,259143000,6.3,119.0,16.0
2026-06-08,Øresund,észak,Tanker,266212000,4.7,80.0,14.0
2026-06-08,Øresund,dél,Teherhajó,275545000,5.2,100.0,16.0
2026-06-08,Øresund,észak,Teherhajó,304783000,6.6,166.0,24.0
2026-06-08,Øresund,észak,Teherhajó,304964000,3.7,104.0,16.0
2026-06-08,Øresund,dél,Teherhajó,305412000,6.0,129.0,20.0
2026-06-08,Øresund,észak,Teherhajó,305412000,6.0,129.0,20.0
2026-06-08,Øresund,dél,Teherhajó,308803000,7.5,148.0,25.0
2026-06-08,Øresund,észak,Teherhajó,314149000,5.6,108.0,18.0
2026-06-08,Øresund,észak,Teherhajó,314526000,7.0,148.0,18.0
2026-06-08,Øresund,dél,Teherhajó,353321000,7.0,183.0,32.0
2026-06-08,Øresund,észak,Teherhajó,414243000,7.5,235.0,43.0
2026-06-08,Øresund,észak,Tanker,538007403,6.5,160.0,26.0
2026-06-08,Øresund,dél,Teherhajó,538010031,10.1,161.0,25.0
2026-06-08,Øresund,dél,Teherhajó,636017109,7.2,225.0,32.0
2026-06-08,Øresund,észak,Tanker,636017416,6.9,160.0,26.0
2026-06-08,Øresund,dél,Teherhajó,636020270,7.1,225.0,32.0
2026-06-08,Øresund,dél,Teherhajó,636021798,5.5,180.0,30.0
2026-06-09,Nagy-Balti-öv,észak,Teherhajó,209535000,3.8,90.0,13.0
2026-06-09,Nagy-Balti-öv,dél,Teherhajó,209732000,3.3,88.0,12.0
2026-06-09,Nagy-Balti-öv,dél,Teherhajó,212809000,7.6,120.0,16.0
2026-06-09,Nagy-Balti-öv,észak,Teherhajó,212811000,4.3,100.0,16.0
2026-06-09,Nagy-Balti-öv,dél,Tanker,219008000,8.7,147.0,22.0
2026-06-09,Nagy-Balti-öv,észak,Teherhajó,219543000,8.8,172.0,32.0
2026-06-09,Nagy-Balti-öv,dél,Teherhajó,220474000,5.2,77.0,14.0
2026-06-09,Nagy-Balti-öv,dél,Teherhajó,230643000,5.9,187.0,27.0
2026-06-09,Nagy-Balti-öv,észak,Tanker,230688000,8.9,250.0,44.0
2026-06-09,Nagy-Balti-öv,dél,Teherhajó,236729000,6.9,116.0,16.0
2026-06-09,Nagy-Balti-öv,dél,Tanker,241455000,14.7,250.0,44.0
2026-06-09,Nagy-Balti-öv,dél,Tanker,241866000,14.9,250.0,44.0
2026-06-09,Nagy-Balti-öv,dél,Tanker,248006000,14.4,250.0,44.0
2026-06-09,Nagy-Balti-öv,észak,Teherhajó,248146000,14.6,225.0,32.0
2026-06-09,Nagy-Balti-öv,dél,Tanker,248960000,11.8,228.0,38.0
2026-06-09,Nagy-Balti-öv,észak,Teherhajó,255806307,7.7,150.0,26.0
2026-06-09,Nagy-Balti-öv,észak,Teherhajó,257141000,3.4,88.0,13.0
2026-06-09,Nagy-Balti-öv,dél,Teherhajó,257207000,6.5,90.0,14.0
2026-06-09,Nagy-Balti-öv,dél,Tanker,257895000,14.6,276.0,46.0
2026-06-09,Nagy-Balti-öv,dél,Tanker,259127000,11.9,225.0,36.0
2026-06-09,Nagy-Balti-öv,észak,Teherhajó,266247000,7.3,190.0,26.0
2026-06-09,Nagy-Balti-öv,dél,Tanker,273210220,7.2,183.0,28.0
2026-06-09,Nagy-Balti-öv,dél,Teherhajó,305412000,5.7,129.0,20.0
2026-06-09,Nagy-Balti-öv,dél,Teherhajó,305426000,10.9,176.0,26.0
2026-06-09,Nagy-Balti-öv,észak,Teherhajó,305762000,5.8,104.0,15.0
2026-06-09,Nagy-Balti-öv,észak,Teherhajó,351251000,11.9,210.0,33.0
2026-06-09,Nagy-Balti-öv,dél,Tanker,356075000,13.0,245.0,42.0
2026-06-09,Nagy-Balti-öv,észak,Teherhajó,356639000,8.0,190.0,30.0
2026-06-09,Nagy-Balti-öv,észak,Teherhajó,356680000,14.6,229.0,32.0
2026-06-09,Nagy-Balti-öv,észak,Teherhajó,373004000,12.0,366.0,48.0
2026-06-09,Nagy-Balti-öv,észak,Tanker,477049200,10.9,185.0,32.0
2026-06-09,Nagy-Balti-öv,dél,Teherhajó,477890700,14.2,399.0,61.0
2026-06-09,Nagy-Balti-öv,dél,Teherhajó,538005370,8.2,190.0,32.0
2026-06-09,Nagy-Balti-öv,dél,Tanker,538005398,10.6,184.0,27.0
2026-06-09,Nagy-Balti-öv,észak,Tanker,538005399,11.4,184.0,27.0
2026-06-09,Nagy-Balti-öv,észak,Teherhajó,538006813,9.6,186.0,28.0
2026-06-09,Nagy-Balti-öv,észak,Tanker,538010212,10.5,185.0,28.0
2026-06-09,Nagy-Balti-öv,észak,Tanker,538012337,8.5,145.0,23.0
2026-06-09,Nagy-Balti-öv,dél,Tanker,636015946,8.8,154.0,25.0
2026-06-09,Nagy-Balti-öv,dél,Teherhajó,636016601,7.2,200.0,32.0
2026-06-09,Nagy-Balti-öv,dél,Tanker,636020805,13.1,250.0,44.0
2026-06-09,Nagy-Balti-öv,dél,Tanker,636021583,10.9,183.0,32.0
2026-06-09,Nagy-Balti-öv,dél,Tanker,636026140,9.3,275.0,48.0
2026-06-09,Nagy-Balti-öv,észak,Tanker,636026318,12.1,183.0,32.0
2026-06-09,Nagy-Balti-öv,dél,Tanker,636091686,14.6,244.0,42.0
2026-06-09,Nagy-Balti-öv,észak,Teherhajó,636091995,10.9,208.0,30.0
2026-06-09,Nagy-Balti-öv,dél,Teherhajó,667002347,9.3,172.0,32.0
2026-06-09,Øresund,dél,Tanker,209221000,7.5,105.0,17.0
2026-06-09,Øresund,dél,Teherhajó,210017000,7.6,151.0,23.0
2026-06-09,Øresund,észak,Teherhajó,210017000,7.6,151.0,23.0
2026-06-09,Øresund,dél,Teherhajó,210534000,5.4,88.0,13.0
2026-06-09,Øresund,dél,Teherhajó,212673000,6.2,89.0,14.0
2026-06-09,Øresund,észak,Teherhajó,212810000,4.7,120.0,16.0
2026-06-09,Øresund,dél,Teherhajó,212882000,5.4,100.0,20.0
2026-06-09,Øresund,dél,Teherhajó,219000245,2.6,55.0,9.0
2026-06-09,Øresund,észak,Tanker,219015298,6.1,129.0,20.0
2026-06-09,Øresund,észak,Tanker,219029722,6.5,147.0,22.0
2026-06-09,Øresund,észak,Tanker,229994000,6.7,115.0,19.0
2026-06-09,Øresund,dél,Teherhajó,230693000,3.4,88.0,13.0
2026-06-09,Øresund,észak,Teherhajó,230984000,7.7,141.0,22.0
2026-06-09,Øresund,dél,Teherhajó,231897000,4.1,89.0,13.0
2026-06-09,Øresund,dél,Teherhajó,236622000,4.4,86.0,12.0
2026-06-09,Øresund,dél,Teherhajó,244246000,3.4,81.0,12.0
2026-06-09,Øresund,dél,Teherhajó,245147000,3.2,118.0,12.0
2026-06-09,Øresund,dél,Teherhajó,245246000,5.0,88.0,13.0
2026-06-09,Øresund,dél,Teherhajó,246554000,7.0,205.0,26.0
2026-06-09,Øresund,észak,Teherhajó,246639000,5.3,80.0,14.0
2026-06-09,Øresund,észak,Teherhajó,246798000,5.7,99.0,12.0
2026-06-09,Øresund,észak,Teherhajó,255806300,6.4,135.0,22.0
2026-06-09,Øresund,dél,Teherhajó,257094000,4.0,90.0,14.0
2026-06-09,Øresund,észak,Tanker,257600000,6.3,129.0,20.0
2026-06-09,Øresund,észak,Teherhajó,258227000,5.9,87.0,15.0
2026-06-09,Øresund,észak,Teherhajó,258622000,5.4,101.0,17.0
2026-06-09,Øresund,észak,Teherhajó,258709000,5.7,88.0,13.0
2026-06-09,Øresund,észak,Teherhajó,259017000,4.5,90.0,14.0
2026-06-09,Øresund,észak,Tanker,265062000,6.0,149.0,23.0
2026-06-09,Øresund,észak,Tanker,266466000,5.7,129.0,20.0
2026-06-09,Øresund,észak,Tanker,271002685,6.0,100.0,16.0
2026-06-09,Øresund,dél,Teherhajó,304145000,6.0,90.0,14.0
2026-06-09,Øresund,észak,Teherhajó,304491000,4.0,89.0,14.0
2026-06-09,Øresund,dél,Teherhajó,305468000,5.8,90.0,13.0
2026-06-09,Øresund,dél,Teherhajó,305531000,6.1,115.0,15.0
2026-06-09,Øresund,észak,Teherhajó,305656000,7.7,146.0,18.0
2026-06-09,Øresund,észak,Teherhajó,311000758,3.7,90.0,13.0
2026-06-09,Øresund,észak,Teherhajó,311001791,6.7,90.0,16.0
2026-06-09,Øresund,észak,Teherhajó,311001804,3.5,88.0,13.0
2026-06-09,Øresund,dél,Teherhajó,311001806,4.3,90.0,14.0
2026-06-09,Øresund,dél,Teherhajó,314377000,4.5,90.0,15.0
2026-06-09,Øresund,észak,Teherhajó,355390000,5.3,100.0,20.0
2026-06-09,Øresund,dél,Teherhajó,374249000,6.8,200.0,32.0
2026-06-09,Øresund,dél,Teherhajó,538007703,6.9,229.0,32.0
2026-06-09,Øresund,észak,Teherhajó,538010031,8.4,161.0,25.0
2026-06-09,Øresund,dél,Teherhajó,538010271,7.2,229.0,33.0
2026-06-09,Øresund,dél,Teherhajó,538011405,6.9,200.0,32.0
2026-06-09,Øresund,dél,Teherhajó,577165000,6.7,112.0,18.0
2026-06-09,Øresund,dél,Teherhajó,636023944,9.2,172.0,28.0
2026-06-10,Nagy-Balti-öv,észak,Teherhajó,210028000,7.7,170.0,27.0
2026-06-10,Nagy-Balti-öv,észak,Teherhajó,212802000,6.2,90.0,14.0
2026-06-10,Nagy-Balti-öv,dél,Teherhajó,212810000,6.4,120.0,16.0
2026-06-10,Nagy-Balti-öv,észak,Teherhajó,215517000,10.2,180.0,30.0
2026-06-10,Nagy-Balti-öv,dél,Teherhajó,218549000,11.7,255.0,38.0
2026-06-10,Nagy-Balti-öv,dél,Teherhajó,219001284,2.5,31.0,7.0
2026-06-10,Nagy-Balti-öv,dél,Tanker,219034365,9.0,147.0,22.0
2026-06-10,Nagy-Balti-öv,dél,Teherhajó,230050000,2.9,95.0,13.0
2026-06-10,Nagy-Balti-öv,észak,Tanker,230687000,8.5,250.0,44.0
2026-06-10,Nagy-Balti-öv,észak,Teherhajó,236729000,4.2,116.0,16.0
2026-06-10,Nagy-Balti-öv,észak,Tanker,241875000,9.4,250.0,44.0
2026-06-10,Nagy-Balti-öv,észak,Tanker,249098000,8.8,250.0,44.0
2026-06-10,Nagy-Balti-öv,észak,Teherhajó,250006161,7.4,120.0,15.0
2026-06-10,Nagy-Balti-öv,dél,Teherhajó,255769000,6.8,107.0,15.0
2026-06-10,Nagy-Balti-öv,dél,Teherhajó,255805917,8.4,107.0,18.0
2026-06-10,Nagy-Balti-öv,dél,Teherhajó,255806081,10.9,179.0,27.0
2026-06-10,Nagy-Balti-öv,észak,Teherhajó,257207000,3.9,90.0,14.0
2026-06-10,Nagy-Balti-öv,dél,Teherhajó,257355000,4.9,119.0,17.0
2026-06-10,Nagy-Balti-öv,dél,Teherhajó,258009780,5.3,88.0,12.0
2026-06-10,Nagy-Balti-öv,dél,Teherhajó,258656000,6.1,94.0,15.0
2026-06-10,Nagy-Balti-öv,észak,Tanker,265072000,8.2,130.0,22.0
2026-06-10,Nagy-Balti-öv,észak,Tanker,273277650,14.9,274.0,48.0
2026-06-10,Nagy-Balti-öv,észak,Teherhajó,304958000,5.2,106.0,15.0
2026-06-10,Nagy-Balti-öv,észak,Teherhajó,305522000,2.6,90.0,13.0
2026-06-10,Nagy-Balti-öv,dél,Teherhajó,305848000,8.2,132.0,16.0
2026-06-10,Nagy-Balti-öv,dél,Teherhajó,309841000,8.2,150.0,22.0
2026-06-10,Nagy-Balti-öv,észak,Teherhajó,311000724,8.3,154.0,24.0
2026-06-10,Nagy-Balti-öv,dél,Teherhajó,311000876,7.0,163.0,26.0
2026-06-10,Nagy-Balti-öv,észak,Teherhajó,311001560,12.3,199.0,32.0
2026-06-10,Nagy-Balti-öv,dél,Teherhajó,314438000,4.7,90.0,12.0
2026-06-10,Nagy-Balti-öv,észak,Teherhajó,414637000,14.6,229.0,38.0
2026-06-10,Nagy-Balti-öv,dél,Tanker,461000236,8.9,250.0,44.0
2026-06-10,Nagy-Balti-öv,dél,Teherhajó,477867700,10.1,180.0,30.0
2026-06-10,Nagy-Balti-öv,dél,Tanker,538006497,5.9,101.0,18.0
2026-06-10,Nagy-Balti-öv,dél,Teherhajó,538007274,8.1,190.0,24.0
2026-06-10,Nagy-Balti-öv,észak,Tanker,538008411,12.0,180.0,32.0
2026-06-10,Nagy-Balti-öv,észak,Tanker,538009211,14.3,250.0,44.0
2026-06-10,Nagy-Balti-öv,észak,Tanker,613411302,14.9,244.0,42.0
2026-06-10,Nagy-Balti-öv,észak,Teherhajó,636016303,9.2,148.0,23.0
2026-06-10,Nagy-Balti-öv,észak,Teherhajó,636016430,10.6,280.0,32.0
2026-06-10,Nagy-Balti-öv,dél,Teherhajó,636018322,9.9,217.0,27.0
2026-06-10,Nagy-Balti-öv,észak,Tanker,636019903,13.9,249.0,44.0
2026-06-10,Nagy-Balti-öv,észak,Teherhajó,636023501,10.5,180.0,30.0
2026-06-10,Nagy-Balti-öv,dél,Tanker,667002211,8.5,240.0,42.0
2026-06-10,Øresund,dél,Teherhajó,209536000,5.8,90.0,13.0
2026-06-10,Øresund,dél,Teherhajó,209977000,5.8,90.0,16.0
2026-06-10,Øresund,észak,Teherhajó,211317180,7.4,100.0,17.0
2026-06-10,Øresund,dél,Tanker,215033000,7.6,124.0,17.0
2026-06-10,Øresund,dél,Tanker,215211000,4.7,104.0,17.0
2026-06-10,Øresund,dél,Teherhajó,229246000,3.9,95.0,13.0
2026-06-10,Øresund,észak,Teherhajó,231068000,7.1,100.0,14.0
2026-06-10,Øresund,dél,Teherhajó,231766000,5.6,95.0,16.0
2026-06-10,Øresund,dél,Teherhajó,231860000,9.7,179.0,31.0
2026-06-10,Øresund,észak,Teherhajó,231860000,9.7,179.0,31.0
2026-06-10,Øresund,észak,Tanker,235095979,6.8,113.0,20.0
2026-06-10,Øresund,észak,Teherhajó,236108000,5.0,83.0,13.0
2026-06-10,Øresund,dél,Teherhajó,244810617,5.8,170.0,20.0
2026-06-10,Øresund,észak,Teherhajó,245190000,4.1,89.0,14.0
2026-06-10,Øresund,észak,Teherhajó,245246000,3.0,88.0,13.0
2026-06-10,Øresund,észak,Teherhajó,246218000,3.4,82.0,13.0
2026-06-10,Øresund,dél,Tanker,246354000,6.6,100.0,16.0
2026-06-10,Øresund,dél,Teherhajó,246499000,4.8,80.0,12.0
2026-06-10,Øresund,észak,Tanker,246541000,5.1,116.0,15.0
2026-06-10,Øresund,dél,Tanker,255802950,5.2,84.0,15.0
2026-06-10,Øresund,dél,Teherhajó,255915585,5.6,89.0,12.0
2026-06-10,Øresund,dél,Teherhajó,257076220,5.8,89.0,13.0
2026-06-10,Øresund,észak,Tanker,257136000,7.0,101.0,18.0
2026-06-10,Øresund,észak,Teherhajó,257673000,6.2,103.0,16.0
2026-06-10,Øresund,észak,Tanker,257970000,6.3,147.0,22.0
2026-06-10,Øresund,észak,Teherhajó,265412000,6.9,170.0,24.0
2026-06-10,Øresund,dél,Teherhajó,273299250,5.8,137.0,19.0
2026-06-10,Øresund,dél,Teherhajó,273352370,7.1,133.0,20.0
2026-06-10,Øresund,dél,Teherhajó,304099000,6.8,105.0,16.0
2026-06-10,Øresund,dél,Teherhajó,305238000,4.3,116.0,16.0
2026-06-10,Øresund,dél,Teherhajó,305342000,4.1,116.0,16.0
2026-06-10,Øresund,dél,Teherhajó,305375000,7.1,146.0,19.0
2026-06-10,Øresund,észak,Teherhajó,305445000,5.6,107.0,15.0
2026-06-10,Øresund,dél,Teherhajó,305476000,5.6,90.0,13.0
2026-06-10,Øresund,észak,Teherhajó,309701000,5.8,88.0,14.0
2026-06-10,Øresund,észak,Teherhajó,309807000,5.5,89.0,12.0
2026-06-10,Øresund,dél,Teherhajó,311001641,6.1,199.0,31.0
2026-06-10,Øresund,dél,Teherhajó,311001812,5.9,88.0,13.0
2026-06-10,Øresund,észak,Teherhajó,311001909,5.9,100.0,13.0
2026-06-10,Øresund,észak,Tanker,538005799,4.8,100.0,17.0
2026-06-10,Øresund,dél,Teherhajó,636015094,6.3,180.0,30.0
2026-06-10,Øresund,dél,Teherhajó,636017184,6.4,190.0,32.0
2026-06-10,Øresund,észak,Teherhajó,636023944,8.5,172.0,28.0
2026-06-10,Øresund,dél,Teherhajó,636026290,6.8,180.0,32.0
2026-06-11,Nagy-Balti-öv,dél,Tanker,205352000,10.3,180.0,30.0
2026-06-11,Nagy-Balti-öv,dél,Tanker,205648000,13.4,339.0,60.0
2026-06-11,Nagy-Balti-öv,dél,Teherhajó,210017000,7.9,151.0,23.0
2026-06-11,Nagy-Balti-öv,dél,Teherhajó,210028000,7.6,170.0,27.0
2026-06-11,Nagy-Balti-öv,dél,Teherhajó,211219630,2.8,75.0,12.0
2026-06-11,Nagy-Balti-öv,észak,Tanker,211333700,3.2,68.0,12.0
2026-06-11,Nagy-Balti-öv,dél,Tanker,211333700,3.2,68.0,12.0
2026-06-11,Nagy-Balti-öv,dél,Teherhajó,211577000,8.5,160.0,28.0
2026-06-11,Nagy-Balti-öv,észak,Teherhajó,211845000,8.1,155.0,22.0
2026-06-11,Nagy-Balti-öv,észak,Teherhajó,212809000,4.5,120.0,16.0
2026-06-11,Nagy-Balti-öv,észak,Teherhajó,212810000,5.0,120.0,16.0
2026-06-11,Nagy-Balti-öv,észak,Teherhajó,215672000,10.3,190.0,32.0
2026-06-11,Nagy-Balti-öv,dél,Tanker,219015298,6.0,129.0,20.0
2026-06-11,Nagy-Balti-öv,dél,Tanker,241570000,8.2,250.0,44.0
2026-06-11,Nagy-Balti-öv,észak,Teherhajó,244693000,9.4,143.0,22.0
2026-06-11,Nagy-Balti-öv,észak,Tanker,244870429,7.5,115.0,20.0
2026-06-11,Nagy-Balti-öv,dél,Teherhajó,245816000,8.3,168.0,25.0
2026-06-11,Nagy-Balti-öv,dél,Teherhajó,246535000,6.5,112.0,14.0
2026-06-11,Nagy-Balti-öv,észak,Teherhajó,246663000,8.7,157.0,26.0
2026-06-11,Nagy-Balti-öv,észak,Teherhajó,255769000,4.0,107.0,15.0
2026-06-11,Nagy-Balti-öv,dél,Teherhajó,255917283,8.1,170.0,25.0
2026-06-11,Nagy-Balti-öv,dél,Tanker,257374000,8.0,140.0,22.0
2026-06-11,Nagy-Balti-öv,észak,Teherhajó,258009780,3.8,88.0,12.0
2026-06-11,Nagy-Balti-öv,észak,Teherhajó,258656000,4.0,94.0,15.0
2026-06-11,Nagy-Balti-öv,dél,Tanker,266220000,7.8,130.0,20.0
2026-06-11,Nagy-Balti-öv,dél,Teherhajó,304028000,4.8,82.0,12.0
2026-06-11,Nagy-Balti-öv,észak,Teherhajó,304095000,7.9,132.0,16.0
2026-06-11,Nagy-Balti-öv,észak,Teherhajó,305426000,6.5,176.0,26.0
2026-06-11,Nagy-Balti-öv,dél,Teherhajó,305530000,10.5,176.0,26.0
2026-06-11,Nagy-Balti-öv,dél,Teherhajó,311000796,8.0,152.0,23.0
2026-06-11,Nagy-Balti-öv,észak,Teherhajó,341802001,11.0,180.0,27.0
2026-06-11,Nagy-Balti-öv,észak,Tanker,352003617,13.7,245.0,44.0
2026-06-11,Nagy-Balti-öv,dél,Teherhajó,352005801,10.2,190.0,30.0
2026-06-11,Nagy-Balti-öv,dél,Teherhajó,353328000,14.8,229.0,32.0
2026-06-11,Nagy-Balti-öv,észak,Teherhajó,373312000,11.0,183.0,32.0
2026-06-11,Nagy-Balti-öv,dél,Teherhajó,477552100,10.6,211.0,30.0
2026-06-11,Nagy-Balti-öv,észak,Teherhajó,538005698,10.6,180.0,32.0
2026-06-11,Nagy-Balti-öv,dél,Tanker,538006356,13.9,256.0,43.0
2026-06-11,Nagy-Balti-öv,észak,Tanker,538006621,8.9,252.0,44.0
2026-06-11,Nagy-Balti-öv,észak,Teherhajó,538008404,10.9,199.0,24.0
2026-06-11,Nagy-Balti-öv,észak,Tanker,538011693,9.5,298.0,51.0
2026-06-11,Nagy-Balti-öv,észak,Tanker,538012311,14.8,274.0,48.0
2026-06-11,Nagy-Balti-öv,észak,Teherhajó,538012512,10.2,180.0,30.0
2026-06-11,Nagy-Balti-öv,észak,Teherhajó,566955000,11.3,398.0,51.0
2026-06-11,Nagy-Balti-öv,észak,Tanker,636015946,7.8,154.0,25.0
2026-06-11,Nagy-Balti-öv,észak,Teherhajó,636019547,8.1,151.0,21.0
2026-06-11,Nagy-Balti-öv,észak,Teherhajó,636021202,11.9,233.0,32.0
2026-06-11,Nagy-Balti-öv,észak,Teherhajó,636022434,13.5,200.0,32.0
2026-06-11,Nagy-Balti-öv,észak,Teherhajó,636024334,12.3,200.0,32.0
2026-06-11,Nagy-Balti-öv,észak,Teherhajó,636093159,10.3,222.0,30.0
2026-06-11,Nagy-Balti-öv,észak,Tanker,667001318,11.5,183.0,32.0
2026-06-11,Nagy-Balti-öv,észak,Tanker,667002027,15.0,274.0,47.0
2026-06-11,Nagy-Balti-öv,dél,Teherhajó,667002348,9.0,172.0,32.0
2026-06-11,Øresund,észak,Teherhajó,209536000,3.8,90.0,13.0
2026-06-11,Øresund,észak,Tanker,209610000,5.5,119.0,16.0
2026-06-11,Øresund,észak,Teherhajó,209671000,5.6,89.0,13.0
2026-06-11,Øresund,dél,Teherhajó,210674000,4.6,90.0,16.0
2026-06-11,Øresund,észak,Teherhajó,211265530,5.5,100.0,19.0
2026-06-11,Øresund,dél,Teherhajó,211302790,4.1,87.0,15.0
2026-06-11,Øresund,dél,Teherhajó,211839040,2.2,85.0,11.0
2026-06-11,Øresund,észak,Teherhajó,212406000,5.6,90.0,16.0
2026-06-11,Øresund,észak,Tanker,215033000,5.9,124.0,17.0
2026-06-11,Øresund,észak,Teherhajó,215908000,5.3,95.0,13.0
2026-06-11,Øresund,dél,Tanker,219029722,8.7,147.0,22.0
2026-06-11,Øresund,észak,Tanker,219309000,6.9,187.0,28.0
2026-06-11,Øresund,dél,Teherhajó,219825000,6.0,197.0,26.0
2026-06-11,Øresund,dél,Teherhajó,230350000,7.0,120.0,18.0
2026-06-11,Øresund,észak,Tanker,231894000,6.5,144.0,23.0
2026-06-11,Øresund,észak,Teherhajó,231897000,5.3,89.0,13.0
2026-06-11,Øresund,észak,Teherhajó,231898000,5.3,89.0,13.0
2026-06-11,Øresund,észak,Tanker,236668000,5.8,90.0,14.0
2026-06-11,Øresund,dél,Teherhajó,244674000,7.1,126.0,16.0
2026-06-11,Øresund,észak,Teherhajó,244820165,7.0,119.0,15.0
2026-06-11,Øresund,észak,Tanker,244944000,6.9,117.0,18.0
2026-06-11,Øresund,dél,Teherhajó,245697000,5.9,162.0,26.0
2026-06-11,Øresund,dél,Teherhajó,246100000,6.9,185.0,25.0
2026-06-11,Øresund,dél,Teherhajó,246141000,4.7,100.0,17.0
2026-06-11,Øresund,észak,Tanker,246354000,5.5,100.0,16.0
2026-06-11,Øresund,dél,Teherhajó,246668000,5.9,117.0,14.0
2026-06-11,Øresund,észak,Teherhajó,246883000,4.7,151.0,26.0
2026-06-11,Øresund,észak,Teherhajó,255805955,5.9,97.0,16.0
2026-06-11,Øresund,észak,Teherhajó,255806463,4.0,88.0,14.0
2026-06-11,Øresund,észak,Teherhajó,255916550,6.6,89.0,16.0
2026-06-11,Øresund,észak,Teherhajó,257036300,6.4,106.0,14.0
2026-06-11,Øresund,észak,Teherhajó,257076220,4.5,89.0,13.0
2026-06-11,Øresund,észak,Tanker,257206000,5.2,82.0,12.0
2026-06-11,Øresund,észak,Teherhajó,257588000,5.2,122.0,20.0
2026-06-11,Øresund,dél,Teherhajó,261000205,5.3,90.0,14.0
2026-06-11,Øresund,észak,Teherhajó,265073780,,29.0,6.0
2026-06-11,Øresund,dél,Teherhajó,266203000,4.0,70.0,14.0
2026-06-11,Øresund,észak,Teherhajó,266203000,4.0,70.0,14.0
2026-06-11,Øresund,dél,Tanker,266212000,5.0,80.0,14.0
2026-06-11,Øresund,dél,Teherhajó,304791000,3.6,89.0,13.0
2026-06-11,Øresund,dél,Teherhajó,304958000,3.9,106.0,15.0
2026-06-11,Øresund,észak,Teherhajó,305411000,6.8,130.0,20.0
2026-06-11,Øresund,dél,Teherhajó,305415000,4.7,106.0,15.0
2026-06-11,Øresund,észak,Teherhajó,305466000,4.9,90.0,15.0
2026-06-11,Øresund,dél,Teherhajó,305598000,5.9,146.0,18.0
2026-06-11,Øresund,észak,Teherhajó,305804000,5.7,90.0,14.0
2026-06-11,Øresund,dél,Tanker,311001007,7.0,229.0,32.0
2026-06-11,Øresund,dél,Teherhajó,311001499,6.4,89.0,14.0
2026-06-11,Øresund,észak,Teherhajó,311001499,6.4,89.0,14.0
2026-06-11,Øresund,észak,Teherhajó,311001806,3.2,90.0,14.0
2026-06-11,Øresund,dél,Tanker,351341000,7.3,183.0,32.0
2026-06-11,Øresund,dél,Teherhajó,351639000,8.2,172.0,28.0
2026-06-11,Øresund,észak,Teherhajó,352006698,7.2,134.0,22.0
2026-06-11,Øresund,dél,Teherhajó,372781000,6.5,192.0,32.0
2026-06-11,Øresund,észak,Tanker,538005398,6.8,184.0,27.0
2026-06-11,Øresund,dél,Tanker,538008858,7.2,227.0,32.0
2026-06-11,Øresund,észak,Teherhajó,538011883,7.4,229.0,32.0
2026-06-11,Øresund,észak,Teherhajó,572728220,5.8,133.0,19.0
2026-06-11,Øresund,dél,Teherhajó,636018214,7.6,229.0,32.0
2026-06-11,Øresund,dél,Teherhajó,636022047,9.3,161.0,25.0
2026-06-12,Nagy-Balti-öv,dél,Tanker,209415000,5.7,107.0,18.0
2026-06-12,Nagy-Balti-öv,észak,Teherhajó,210195000,9.1,170.0,27.0
2026-06-12,Nagy-Balti-öv,észak,Teherhajó,210359000,7.2,152.0,24.0
2026-06-12,Nagy-Balti-öv,észak,Teherhajó,211219630,4.3,75.0,12.0
2026-06-12,Nagy-Balti-öv,dél,Teherhajó,212810000,6.4,120.0,16.0
2026-06-12,Nagy-Balti-öv,észak,Teherhajó,219000824,2.5,15.0,6.0
2026-06-12,Nagy-Balti-öv,dél,Teherhajó,219001284,2.5,31.0,7.0
2026-06-12,Nagy-Balti-öv,dél,Tanker,219029722,8.3,147.0,22.0
2026-06-12,Nagy-Balti-öv,észak,Tanker,219034372,7.9,147.0,22.0
2026-06-12,Nagy-Balti-öv,dél,Teherhajó,219136000,9.2,200.0,36.0
2026-06-12,Nagy-Balti-öv,dél,Tanker,219814000,9.1,147.0,22.0
2026-06-12,Nagy-Balti-öv,észak,Teherhajó,220474000,5.2,77.0,14.0
2026-06-12,Nagy-Balti-öv,észak,Tanker,229449000,11.4,180.0,32.0
2026-06-12,Nagy-Balti-öv,észak,Teherhajó,230618000,6.0,218.0,27.0
2026-06-12,Nagy-Balti-öv,dél,Teherhajó,230618000,6.0,218.0,27.0
2026-06-12,Nagy-Balti-öv,dél,Tanker,230689000,9.5,156.0,24.0
2026-06-12,Nagy-Balti-öv,dél,Teherhajó,245246000,5.1,88.0,13.0
2026-06-12,Nagy-Balti-öv,dél,Teherhajó,245578000,7.0,168.0,25.0
2026-06-12,Nagy-Balti-öv,dél,Teherhajó,249874000,6.2,169.0,26.0
2026-06-12,Nagy-Balti-öv,észak,Teherhajó,255806364,4.8,149.0,28.0
2026-06-12,Nagy-Balti-öv,észak,Teherhajó,255915966,9.5,181.0,30.0
2026-06-12,Nagy-Balti-öv,dél,Tanker,255915978,9.0,149.0,24.0
2026-06-12,Nagy-Balti-öv,észak,Teherhajó,255916493,5.0,89.0,13.0
2026-06-12,Nagy-Balti-öv,dél,Teherhajó,257064430,6.1,90.0,14.0
2026-06-12,Nagy-Balti-öv,dél,Tanker,265062000,8.6,149.0,23.0
2026-06-12,Nagy-Balti-öv,dél,Tanker,266436000,5.6,100.0,18.0
2026-06-12,Nagy-Balti-öv,észak,Teherhajó,304682000,5.6,89.0,13.0
2026-06-12,Nagy-Balti-öv,észak,Teherhajó,352003701,14.7,229.0,37.0
2026-06-12,Nagy-Balti-öv,észak,Teherhajó,352067000,10.7,180.0,30.0
2026-06-12,Nagy-Balti-öv,dél,Teherhajó,354540000,10.1,237.0,32.0
2026-06-12,Nagy-Balti-öv,észak,Tanker,356075000,8.2,245.0,42.0
2026-06-12,Nagy-Balti-öv,észak,Teherhajó,371707000,10.9,190.0,32.0
2026-06-12,Nagy-Balti-öv,dél,Tanker,372119000,9.6,277.0,48.0
2026-06-12,Nagy-Balti-öv,észak,Teherhajó,413256540,8.8,180.0,32.0
2026-06-12,Nagy-Balti-öv,észak,Teherhajó,414255000,14.5,225.0,32.0
2026-06-12,Nagy-Balti-öv,észak,Tanker,477156500,14.9,333.0,60.0
2026-06-12,Nagy-Balti-öv,dél,Tanker,538004027,14.8,274.0,48.0
2026-06-12,Nagy-Balti-öv,észak,Teherhajó,538007705,7.4,225.0,48.0
2026-06-12,Nagy-Balti-öv,dél,Teherhajó,538010944,10.2,179.0,28.0
2026-06-12,Nagy-Balti-öv,dél,Teherhajó,538011217,9.1,229.0,32.0
2026-06-12,Nagy-Balti-öv,észak,Teherhajó,563076300,11.6,292.0,32.0
2026-06-12,Nagy-Balti-öv,dél,Tanker,563271100,8.4,183.0,32.0
2026-06-12,Nagy-Balti-öv,dél,Teherhajó,566341000,9.5,163.0,26.0
2026-06-12,Nagy-Balti-öv,észak,Tanker,613003573,14.4,249.0,44.0
2026-06-12,Nagy-Balti-öv,észak,Tanker,631010086,14.2,250.0,44.0
2026-06-12,Nagy-Balti-öv,észak,Tanker,636019884,10.5,173.0,28.0
2026-06-12,Nagy-Balti-öv,dél,Teherhajó,636019973,7.4,229.0,32.0
2026-06-12,Nagy-Balti-öv,észak,Tanker,636021509,11.8,182.0,32.0
2026-06-12,Nagy-Balti-öv,észak,Teherhajó,636021871,9.2,148.0,23.0
2026-06-12,Nagy-Balti-öv,észak,Teherhajó,636023270,12.9,366.0,51.0
2026-06-12,Nagy-Balti-öv,dél,Teherhajó,636023608,10.9,216.0,27.0
2026-06-12,Nagy-Balti-öv,észak,Tanker,636023893,14.3,250.0,44.0
2026-06-12,Nagy-Balti-öv,észak,Tanker,636025740,9.6,290.0,46.0
2026-06-12,Øresund,dél,Teherhajó,209325000,3.1,88.0,13.0
2026-06-12,Øresund,észak,Teherhajó,209325000,3.1,88.0,13.0
2026-06-12,Øresund,észak,Teherhajó,210681000,7.1,120.0,16.0
2026-06-12,Øresund,dél,Tanker,212228000,5.2,105.0,16.0
2026-06-12,Øresund,dél,Teherhajó,212880000,3.9,100.0,14.0
2026-06-12,Øresund,észak,Tanker,219029722,8.3,147.0,22.0
2026-06-12,Øresund,dél,Tanker,220516000,5.0,106.0,16.0
2026-06-12,Øresund,dél,Tanker,229015000,5.6,109.0,16.0
2026-06-12,Øresund,dél,Teherhajó,231068000,4.0,100.0,14.0
2026-06-12,Øresund,észak,Teherhajó,232031869,5.7,90.0,14.0
2026-06-12,Øresund,dél,Teherhajó,244020808,5.3,98.0,13.0
2026-06-12,Øresund,dél,Teherhajó,244575000,6.2,110.0,14.0
2026-06-12,Øresund,dél,Teherhajó,244780424,5.2,118.0,13.0
2026-06-12,Øresund,dél,Tanker,244784000,6.6,100.0,16.0
2026-06-12,Øresund,dél,Teherhajó,245897000,7.2,205.0,26.0
2026-06-12,Øresund,észak,Teherhajó,246134000,5.8,100.0,13.0
2026-06-12,Øresund,dél,Teherhajó,246218000,5.1,82.0,13.0
2026-06-12,Øresund,észak,Teherhajó,246278000,6.7,121.0,21.0
2026-06-12,Øresund,dél,Tanker,246541000,6.6,116.0,15.0
2026-06-12,Øresund,észak,Teherhajó,246797000,6.7,142.0,21.0
2026-06-12,Øresund,dél,Teherhajó,250002443,5.5,89.0,14.0
2026-06-12,Øresund,észak,Tanker,255803000,6.4,161.0,22.0
2026-06-12,Øresund,dél,Teherhajó,255806119,5.4,100.0,12.0
2026-06-12,Øresund,dél,Teherhajó,255916023,5.6,90.0,14.0
2026-06-12,Øresund,dél,Tanker,256717000,5.9,90.0,15.0
2026-06-12,Øresund,dél,Teherhajó,257177000,5.5,89.0,14.0
2026-06-12,Øresund,dél,Teherhajó,257782000,6.4,116.0,16.0
2026-06-12,Øresund,észak,Teherhajó,257988000,6.3,119.0,17.0
2026-06-12,Øresund,észak,Tanker,265063000,5.9,149.0,23.0
2026-06-12,Øresund,észak,Tanker,265071000,5.8,130.0,22.0
2026-06-12,Øresund,dél,Tanker,266472000,4.7,88.0,13.0
2026-06-12,Øresund,dél,Teherhajó,268246900,5.1,88.0,12.0
2026-06-12,Øresund,dél,Teherhajó,304010515,6.0,97.0,16.0
2026-06-12,Øresund,észak,Teherhajó,304134000,6.0,115.0,14.0
2026-06-12,Øresund,észak,Teherhajó,304199000,6.1,115.0,15.0
2026-06-12,Øresund,észak,Teherhajó,304918000,5.7,140.0,20.0
2026-06-12,Øresund,dél,Teherhajó,305445000,3.5,107.0,15.0
2026-06-12,Øresund,dél,Teherhajó,305773000,6.4,140.0,22.0
2026-06-12,Øresund,dél,Teherhajó,305817000,3.8,82.0,12.0
2026-06-12,Øresund,észak,Teherhajó,308803000,6.8,148.0,25.0
2026-06-12,Øresund,észak,Teherhajó,351639000,7.9,172.0,28.0
2026-06-12,Øresund,dél,Teherhajó,405000306,7.0,200.0,32.0
2026-06-12,Øresund,dél,Tanker,477625100,6.5,183.0,32.0
2026-06-12,Øresund,dél,Teherhajó,538005791,6.3,190.0,32.0
2026-06-12,Øresund,dél,Teherhajó,538010031,8.7,161.0,25.0
2026-06-12,Øresund,észak,Teherhajó,538010031,8.7,161.0,25.0
2026-06-12,Øresund,dél,Tanker,538010193,7.0,182.0,32.0
2026-06-12,Øresund,dél,Teherhajó,538012155,7.0,200.0,32.0
2026-06-12,Øresund,dél,Teherhajó,636019972,7.5,229.0,32.0
2026-06-12,Øresund,dél,Tanker,636026411,7.2,274.0,48.0
2026-06-13,Nagy-Balti-öv,dél,Teherhajó,209536000,6.0,90.0,13.0
2026-06-13,Nagy-Balti-öv,dél,Teherhajó,209982000,2.8,80.0,12.0
2026-06-13,Nagy-Balti-öv,dél,Teherhajó,210704000,4.2,90.0,13.0
2026-06-13,Nagy-Balti-öv,dél,Teherhajó,211265530,5.8,100.0,19.0
2026-06-13,Nagy-Balti-öv,észak,Teherhajó,212810000,5.0,120.0,16.0
2026-06-13,Nagy-Balti-öv,dél,Teherhajó,212811000,7.2,100.0,16.0
2026-06-13,Nagy-Balti-öv,észak,Teherhajó,212811000,7.2,100.0,16.0
2026-06-13,Nagy-Balti-öv,észak,Tanker,215466000,13.1,249.0,44.0
2026-06-13,Nagy-Balti-öv,dél,Tanker,219775000,6.8,147.0,22.0
2026-06-13,Nagy-Balti-öv,dél,Teherhajó,231613000,4.7,73.0,12.0
2026-06-13,Nagy-Balti-öv,dél,Teherhajó,231843000,5.2,89.0,14.0
2026-06-13,Nagy-Balti-öv,dél,Teherhajó,244130873,7.8,137.0,22.0
2026-06-13,Nagy-Balti-öv,észak,Teherhajó,245546000,9.1,168.0,25.0
2026-06-13,Nagy-Balti-öv,észak,Teherhajó,246521000,8.4,205.0,26.0
2026-06-13,Nagy-Balti-öv,észak,Tanker,248006000,9.0,250.0,44.0
2026-06-13,Nagy-Balti-öv,dél,Tanker,249987000,14.5,250.0,44.0
2026-06-13,Nagy-Balti-öv,észak,Teherhajó,255806267,7.4,141.0,23.0
2026-06-13,Nagy-Balti-öv,észak,Teherhajó,256741000,12.5,200.0,32.0
2026-06-13,Nagy-Balti-öv,észak,Teherhajó,256800000,9.9,205.0,30.0
2026-06-13,Nagy-Balti-öv,dél,Tanker,257089150,13.5,277.0,46.0
2026-06-13,Nagy-Balti-öv,dél,Teherhajó,257141000,5.4,88.0,13.0
2026-06-13,Nagy-Balti-öv,dél,Tanker,257206000,3.6,82.0,12.0
2026-06-13,Nagy-Balti-öv,észak,Tanker,257895000,9.3,276.0,46.0
2026-06-13,Nagy-Balti-öv,dél,Tanker,257960000,14.3,277.0,46.0
2026-06-13,Nagy-Balti-öv,dél,Teherhajó,265022000,7.3,242.0,36.0
2026-06-13,Nagy-Balti-öv,észak,Teherhajó,305967000,5.6,82.0,13.0
2026-06-13,Nagy-Balti-öv,észak,Tanker,352004593,10.5,174.0,28.0
2026-06-13,Nagy-Balti-öv,észak,Teherhajó,354214000,11.0,190.0,32.0
2026-06-13,Nagy-Balti-öv,észak,Teherhajó,356037000,10.2,202.0,31.0
2026-06-13,Nagy-Balti-öv,észak,Teherhajó,357501000,14.3,225.0,32.0
2026-06-13,Nagy-Balti-öv,dél,Teherhajó,357926000,14.6,366.0,48.0
2026-06-13,Nagy-Balti-öv,észak,Teherhajó,370727000,14.6,235.0,38.0
2026-06-13,Nagy-Balti-öv,észak,Tanker,511102028,15.0,243.0,42.0
2026-06-13,Nagy-Balti-öv,dél,Teherhajó,538003379,10.1,175.0,29.0
2026-06-13,Nagy-Balti-öv,észak,Teherhajó,538011265,10.4,180.0,30.0
2026-06-13,Nagy-Balti-öv,észak,Teherhajó,538012015,14.7,229.0,32.0
2026-06-13,Nagy-Balti-öv,dél,Teherhajó,636017582,11.7,202.0,33.0
2026-06-13,Nagy-Balti-öv,észak,Teherhajó,636018490,10.5,178.0,28.0
2026-06-13,Nagy-Balti-öv,dél,Teherhajó,636019410,13.0,229.0,32.0
2026-06-13,Nagy-Balti-öv,észak,Teherhajó,636021003,14.8,229.0,32.0
2026-06-13,Nagy-Balti-öv,dél,Teherhajó,636025398,12.8,190.0,32.0
2026-06-13,Nagy-Balti-öv,észak,Tanker,667001270,14.8,249.0,44.0
2026-06-13,Nagy-Balti-öv,észak,Tanker,667002314,9.3,274.0,50.0
2026-06-13,Nagy-Balti-öv,észak,Tanker,667002574,14.5,274.0,48.0
2026-06-13,Øresund,dél,Tanker,209610000,6.9,119.0,16.0
2026-06-13,Øresund,dél,Teherhajó,211141000,8.2,134.0,23.0
2026-06-13,Øresund,dél,Teherhajó,212503000,3.7,88.0,13.0
2026-06-13,Øresund,észak,Tanker,215211000,6.3,104.0,17.0
2026-06-13,Øresund,észak,Tanker,215382000,6.4,109.0,16.0
2026-06-13,Øresund,észak,Tanker,219222000,5.9,130.0,20.0
2026-06-13,Øresund,észak,Tanker,219554000,7.2,130.0,20.0
2026-06-13,Øresund,dél,Teherhajó,229203000,6.1,186.0,28.0
2026-06-13,Øresund,dél,Teherhajó,230042000,4.9,134.0,20.0
2026-06-13,Øresund,dél,Teherhajó,230666000,4.1,90.0,14.0
2026-06-13,Øresund,észak,Teherhajó,230694000,7.3,238.0,35.0
2026-06-13,Øresund,dél,Teherhajó,231856000,5.7,88.0,13.0
2026-06-13,Øresund,észak,Teherhajó,235507000,5.4,193.0,26.0
2026-06-13,Øresund,dél,Tanker,244335000,6.7,115.0,16.0
2026-06-13,Øresund,dél,Teherhajó,244790715,4.6,89.0,14.0
2026-06-13,Øresund,észak,Teherhajó,245257000,4.4,86.0,11.0
2026-06-13,Øresund,észak,Teherhajó,245266000,6.4,115.0,17.0
2026-06-13,Øresund,dél,Teherhajó,245656000,6.0,154.0,22.0
2026-06-13,Øresund,dél,Teherhajó,246244000,5.4,141.0,24.0
2026-06-13,Øresund,dél,Tanker,246354000,6.6,100.0,16.0
2026-06-13,Øresund,dél,Tanker,249225000,6.9,100.0,18.0
2026-06-13,Øresund,észak,Teherhajó,249934000,5.7,88.0,13.0
2026-06-13,Øresund,dél,Teherhajó,255738000,7.5,169.0,28.0
2026-06-13,Øresund,észak,Teherhajó,255738000,7.5,169.0,28.0
2026-06-13,Øresund,észak,Tanker,255802950,5.5,84.0,15.0
2026-06-13,Øresund,észak,Teherhajó,255805577,6.9,140.0,23.0
2026-06-13,Øresund,dél,Teherhajó,255805842,7.2,141.0,22.0
2026-06-13,Øresund,dél,Teherhajó,255805907,8.2,181.0,32.0
2026-06-13,Øresund,dél,Teherhajó,255809000,6.2,89.0,16.0
2026-06-13,Øresund,észak,Teherhajó,255861000,4.2,89.0,15.0
2026-06-13,Øresund,észak,Teherhajó,255915585,5.6,89.0,12.0
2026-06-13,Øresund,dél,Teherhajó,256106000,7.3,199.0,32.0
2026-06-13,Øresund,észak,Tanker,256717000,4.6,90.0,15.0
2026-06-13,Øresund,dél,Teherhajó,257207000,6.4,90.0,14.0
2026-06-13,Øresund,dél,Tanker,257643000,6.3,104.0,16.0
2026-06-13,Øresund,észak,Teherhajó,259143000,5.5,119.0,16.0
2026-06-13,Øresund,észak,Tanker,265610040,3.8,80.0,14.0
2026-06-13,Øresund,dél,Tanker,266203000,4.3,70.0,14.0
2026-06-13,Øresund,észak,Tanker,266203000,4.3,70.0,14.0
2026-06-13,Øresund,észak,Tanker,266212000,4.5,80.0,14.0
2026-06-13,Øresund,észak,Tanker,266472000,5.6,88.0,13.0
2026-06-13,Øresund,dél,Teherhajó,275551000,4.8,81.0,12.0
2026-06-13,Øresund,dél,Teherhajó,304587000,4.7,145.0,18.0
2026-06-13,Øresund,észak,Teherhajó,304953000,3.8,82.0,11.0
2026-06-13,Øresund,észak,Teherhajó,311001786,5.5,90.0,15.0
2026-06-13,Øresund,dél,Teherhajó,311001790,6.7,90.0,16.0
2026-06-13,Øresund,észak,Teherhajó,311818000,4.2,82.0,11.0
2026-06-13,Øresund,észak,Teherhajó,314621000,3.1,88.0,12.0
2026-06-13,Øresund,dél,Teherhajó,319114200,6.5,180.0,30.0
2026-06-13,Øresund,dél,Teherhajó,352001149,7.3,225.0,32.0
2026-06-13,Øresund,dél,Teherhajó,352002638,6.4,190.0,32.0
2026-06-13,Øresund,dél,Teherhajó,353732000,6.8,177.0,29.0
2026-06-13,Øresund,dél,Tanker,511101346,6.6,183.0,32.0
2026-06-13,Øresund,dél,Teherhajó,538006054,6.5,228.0,32.0
2026-06-13,Øresund,dél,Tanker,538006310,5.7,95.0,16.0
2026-06-13,Øresund,dél,Teherhajó,538011304,7.4,178.0,29.0
2026-06-13,Øresund,dél,Teherhajó,538012279,7.0,225.0,32.0
2026-06-13,Øresund,dél,Tanker,636020569,7.6,250.0,44.0
2026-06-13,Øresund,észak,Teherhajó,636022047,8.6,161.0,25.0
2026-06-13,Øresund,észak,Teherhajó,636022144,7.1,230.0,37.0
2026-06-13,Øresund,észak,Tanker,636091686,7.7,244.0,42.0
2026-06-14,Nagy-Balti-öv,észak,Tanker,209217000,7.8,104.0,17.0
2026-06-14,Nagy-Balti-öv,észak,Teherhajó,209992000,3.8,90.0,15.0
2026-06-14,Nagy-Balti-öv,dél,Teherhajó,210359000,7.7,152.0,24.0
2026-06-14,Nagy-Balti-öv,észak,Tanker,215744000,12.5,183.0,32.0
2026-06-14,Nagy-Balti-öv,észak,Teherhajó,218549000,9.7,255.0,38.0
2026-06-14,Nagy-Balti-öv,észak,Teherhajó,219115000,12.0,200.0,36.0
2026-06-14,Nagy-Balti-öv,észak,Teherhajó,230643000,6.3,187.0,27.0
2026-06-14,Nagy-Balti-öv,észak,Tanker,235076283,8.8,250.0,44.0
2026-06-14,Nagy-Balti-öv,észak,Teherhajó,244850970,5.7,142.0,21.0
2026-06-14,Nagy-Balti-öv,dél,Teherhajó,246125000,5.5,89.0,14.0
2026-06-14,Nagy-Balti-öv,észak,Teherhajó,246554000,8.1,205.0,26.0
2026-06-14,Nagy-Balti-öv,dél,Teherhajó,248401000,8.7,130.0,22.0
2026-06-14,Nagy-Balti-öv,észak,Teherhajó,249148000,9.9,189.0,23.0
2026-06-14,Nagy-Balti-öv,dél,Teherhajó,255769000,6.8,107.0,15.0
2026-06-14,Nagy-Balti-öv,dél,Teherhajó,255806244,8.2,107.0,18.0
2026-06-14,Nagy-Balti-öv,dél,Teherhajó,255806257,9.0,179.0,28.0
2026-06-14,Nagy-Balti-öv,észak,Teherhajó,255806258,10.6,178.0,27.0
2026-06-14,Nagy-Balti-öv,dél,Teherhajó,255806364,5.1,149.0,28.0
2026-06-14,Nagy-Balti-öv,dél,Teherhajó,255916049,8.6,108.0,18.0
2026-06-14,Nagy-Balti-öv,észak,Teherhajó,255916084,5.1,89.0,12.0
2026-06-14,Nagy-Balti-öv,észak,Teherhajó,256675000,10.4,186.0,24.0
2026-06-14,Nagy-Balti-öv,észak,Teherhajó,256708000,10.0,205.0,30.0
2026-06-14,Nagy-Balti-öv,dél,Teherhajó,256883000,8.4,205.0,30.0
2026-06-14,Nagy-Balti-öv,észak,Teherhajó,257064430,4.1,90.0,14.0
2026-06-14,Nagy-Balti-öv,észak,Teherhajó,257141000,3.8,88.0,13.0
2026-06-14,Nagy-Balti-öv,észak,Tanker,257667000,6.7,144.0,23.0
2026-06-14,Nagy-Balti-öv,dél,Teherhajó,258009780,5.5,88.0,12.0
2026-06-14,Nagy-Balti-öv,dél,Teherhajó,258114000,6.4,90.0,16.0
2026-06-14,Nagy-Balti-öv,észak,Tanker,259127000,7.9,225.0,36.0
2026-06-14,Nagy-Balti-öv,dél,Tanker,265072000,8.2,130.0,22.0
2026-06-14,Nagy-Balti-öv,dél,Teherhajó,266247000,6.5,190.0,26.0
2026-06-14,Nagy-Balti-öv,észak,Tanker,266436000,5.8,100.0,18.0
2026-06-14,Nagy-Balti-öv,észak,Teherhajó,268269300,7.3,168.0,23.0
2026-06-14,Nagy-Balti-öv,dél,Teherhajó,305980000,5.4,83.0,12.0
2026-06-14,Nagy-Balti-öv,dél,Tanker,311000971,12.4,245.0,44.0
2026-06-14,Nagy-Balti-öv,észak,Teherhajó,311001073,7.9,144.0,24.0
2026-06-14,Nagy-Balti-öv,dél,Teherhajó,311024300,10.1,190.0,28.0
2026-06-14,Nagy-Balti-öv,dél,Tanker,311027400,12.5,248.0,44.0
2026-06-14,Nagy-Balti-öv,észak,Tanker,311046300,8.6,253.0,42.0
2026-06-14,Nagy-Balti-öv,dél,Tanker,352002925,11.3,299.0,46.0
2026-06-14,Nagy-Balti-öv,dél,Teherhajó,352004362,9.9,159.0,24.0
2026-06-14,Nagy-Balti-öv,dél,Teherhajó,352004538,10.8,259.0,33.0
2026-06-14,Nagy-Balti-öv,észak,Tanker,352004884,10.1,180.0,28.0
2026-06-14,Nagy-Balti-öv,észak,Tanker,352005486,15.0,244.0,42.0
2026-06-14,Nagy-Balti-öv,észak,Teherhajó,352006250,11.9,188.0,32.0
2026-06-14,Nagy-Balti-öv,észak,Teherhajó,355195000,6.8,190.0,32.0
2026-06-14,Nagy-Balti-öv,észak,Tanker,372172000,12.5,183.0,32.0
2026-06-14,Nagy-Balti-öv,észak,Teherhajó,414124000,12.7,225.0,34.0
2026-06-14,Nagy-Balti-öv,dél,Teherhajó,414341000,10.5,225.0,32.0
2026-06-14,Nagy-Balti-öv,észak,Teherhajó,422530300,10.9,197.0,30.0
2026-06-14,Nagy-Balti-öv,dél,Teherhajó,538002980,10.8,190.0,32.0
2026-06-14,Nagy-Balti-öv,észak,Teherhajó,538007274,7.8,190.0,24.0
2026-06-14,Nagy-Balti-öv,dél,Teherhajó,538011366,9.5,170.0,27.0
2026-06-14,Nagy-Balti-öv,észak,Tanker,563100600,10.4,230.0,36.0
2026-06-14,Nagy-Balti-öv,dél,Teherhajó,563234000,12.4,398.0,51.0
2026-06-14,Nagy-Balti-öv,dél,Tanker,613004310,9.0,250.0,44.0
2026-06-14,Nagy-Balti-öv,észak,Tanker,620800240,14.8,274.0,48.0
2026-06-14,Nagy-Balti-öv,észak,Tanker,636013409,11.0,183.0,27.0
2026-06-14,Nagy-Balti-öv,dél,Teherhajó,636014740,10.6,222.0,30.0
2026-06-14,Nagy-Balti-öv,dél,Teherhajó,636017478,14.5,229.0,32.0
2026-06-14,Nagy-Balti-öv,észak,Teherhajó,636018322,11.3,217.0,27.0
2026-06-14,Nagy-Balti-öv,dél,Teherhajó,636019364,10.8,161.0,25.0
2026-06-14,Nagy-Balti-öv,észak,Teherhajó,636022452,14.3,229.0,38.0
2026-06-14,Nagy-Balti-öv,észak,Teherhajó,636022986,10.7,190.0,32.0
2026-06-14,Nagy-Balti-öv,dél,Teherhajó,636025787,9.7,180.0,30.0
2026-06-14,Øresund,dél,Tanker,209217000,7.8,104.0,17.0
2026-06-14,Øresund,dél,Teherhajó,209325000,3.2,88.0,13.0
2026-06-14,Øresund,dél,Teherhajó,209535000,6.1,90.0,13.0
2026-06-14,Øresund,észak,Teherhajó,209968000,4.5,82.0,12.0
2026-06-14,Øresund,észak,Teherhajó,210803000,6.5,90.0,14.0
2026-06-14,Øresund,dél,Teherhajó,211686000,2.9,75.0,10.0
2026-06-14,Øresund,észak,Teherhajó,212882000,5.4,100.0,20.0
2026-06-14,Øresund,dél,Tanker,219034372,6.5,147.0,22.0
2026-06-14,Øresund,észak,Teherhajó,230336000,6.2,137.0,22.0
2026-06-14,Øresund,dél,Teherhajó,230941700,4.0,105.0,19.0
2026-06-14,Øresund,észak,Teherhajó,231873000,7.1,100.0,14.0
2026-06-14,Øresund,dél,Teherhajó,231902000,3.8,83.0,13.0
2026-06-14,Øresund,dél,Teherhajó,232008661,4.7,89.0,14.0
2026-06-14,Øresund,dél,Tanker,241406000,7.1,237.0,42.0
2026-06-14,Øresund,dél,Tanker,244678000,6.6,116.0,15.0
2026-06-14,Øresund,dél,Teherhajó,244710969,3.5,88.0,14.0
2026-06-14,Øresund,dél,Teherhajó,245097000,7.3,205.0,26.0
2026-06-14,Øresund,dél,Teherhajó,245257000,2.7,86.0,11.0
2026-06-14,Øresund,észak,Teherhajó,245697000,5.9,162.0,26.0
2026-06-14,Øresund,észak,Tanker,246359000,4.0,90.0,12.0
2026-06-14,Øresund,észak,Tanker,246541000,5.1,116.0,15.0
2026-06-14,Øresund,dél,Teherhajó,246798000,3.8,99.0,12.0
2026-06-14,Øresund,észak,Teherhajó,255805907,8.0,181.0,32.0
2026-06-14,Øresund,dél,Teherhajó,255806267,7.4,141.0,23.0
2026-06-14,Øresund,dél,Teherhajó,255916545,6.3,89.0,16.0
2026-06-14,Øresund,dél,Tanker,256717000,5.5,90.0,15.0
2026-06-14,Øresund,észak,Teherhajó,257207000,3.8,90.0,14.0
2026-06-14,Øresund,észak,Tanker,257550000,6.4,129.0,20.0
2026-06-14,Øresund,dél,Teherhajó,257859000,6.0,98.0,16.0
2026-06-14,Øresund,dél,Teherhajó,258006930,5.0,101.0,17.0
2026-06-14,Øresund,dél,Teherhajó,258356000,4.0,66.0,13.0
2026-06-14,Øresund,dél,Teherhajó,258761000,6.2,110.0,15.0
2026-06-14,Øresund,dél,Teherhajó,258809000,4.2,90.0,14.0
2026-06-14,Øresund,észak,Teherhajó,258809000,4.2,90.0,14.0
2026-06-14,Øresund,dél,Teherhajó,259794000,7.1,190.0,32.0
2026-06-14,Øresund,észak,Tanker,266220000,6.0,130.0,20.0
2026-06-14,Øresund,dél,Teherhajó,273354740,7.0,134.0,20.0
2026-06-14,Øresund,észak,Teherhajó,275510000,5.8,89.0,13.0
2026-06-14,Øresund,dél,Teherhajó,305370000,3.6,88.0,12.0
2026-06-14,Øresund,észak,Teherhajó,305530000,6.5,176.0,26.0
2026-06-14,Øresund,dél,Teherhajó,311001499,6.4,89.0,14.0
2026-06-14,Øresund,dél,Teherhajó,311001786,5.7,90.0,15.0
2026-06-14,Øresund,észak,Teherhajó,314438000,4.6,90.0,12.0
2026-06-14,Øresund,dél,Teherhajó,351639000,8.4,172.0,28.0
2026-06-14,Øresund,dél,Teherhajó,352005552,7.0,230.0,38.0
2026-06-14,Øresund,dél,Tanker,538010132,7.2,183.0,32.0
2026-06-14,Øresund,dél,Teherhajó,538011982,7.2,229.0,32.0
2026-06-14,Øresund,dél,Tanker,636026408,7.2,256.0,43.0
2026-06-15,Nagy-Balti-öv,észak,Tanker,205648000,11.2,339.0,60.0
2026-06-15,Nagy-Balti-öv,észak,Teherhajó,209536000,3.7,90.0,13.0
2026-06-15,Nagy-Balti-öv,észak,Teherhajó,211870240,7.8,159.0,22.0
2026-06-15,Nagy-Balti-öv,dél,Teherhajó,220474000,5.2,77.0,14.0
2026-06-15,Nagy-Balti-öv,dél,Tanker,229715000,8.5,251.0,45.0
2026-06-15,Nagy-Balti-öv,észak,Teherhajó,231613000,4.5,73.0,12.0
2026-06-15,Nagy-Balti-öv,észak,Teherhajó,231843000,3.9,89.0,14.0
2026-06-15,Nagy-Balti-öv,dél,Teherhajó,231908000,3.5,86.0,12.0
2026-06-15,Nagy-Balti-öv,észak,Tanker,236111791,5.6,95.0,14.0
2026-06-15,Nagy-Balti-öv,észak,Teherhajó,246456000,9.0,168.0,24.0
2026-06-15,Nagy-Balti-öv,észak,Tanker,248079000,5.0,107.0,16.0
2026-06-15,Nagy-Balti-öv,észak,Tanker,248960000,8.8,228.0,38.0
2026-06-15,Nagy-Balti-öv,dél,Teherhajó,249814000,10.0,169.0,26.0
2026-06-15,Nagy-Balti-öv,észak,Teherhajó,255769000,4.2,107.0,15.0
2026-06-15,Nagy-Balti-öv,dél,Tanker,255804340,9.6,162.0,23.0
2026-06-15,Nagy-Balti-öv,dél,Teherhajó,255806513,7.8,168.0,25.0
2026-06-15,Nagy-Balti-öv,észak,Teherhajó,255916048,7.9,110.0,18.0
2026-06-15,Nagy-Balti-öv,észak,Teherhajó,265039000,7.6,242.0,36.0
2026-06-15,Nagy-Balti-öv,dél,Tanker,265071000,8.8,130.0,22.0
2026-06-15,Nagy-Balti-öv,észak,Tanker,273270180,14.2,250.0,44.0
2026-06-15,Nagy-Balti-öv,dél,Teherhajó,304829000,10.3,190.0,29.0
2026-06-15,Nagy-Balti-öv,dél,Teherhajó,311000788,8.3,152.0,23.0
2026-06-15,Nagy-Balti-öv,észak,Tanker,314153000,15.0,274.0,48.0
2026-06-15,Nagy-Balti-öv,dél,Teherhajó,352001597,10.6,189.0,32.0
2026-06-15,Nagy-Balti-öv,észak,Tanker,352004147,12.6,180.0,32.0
2026-06-15,Nagy-Balti-öv,észak,Teherhajó,354537000,10.8,237.0,32.0
2026-06-15,Nagy-Balti-öv,dél,Teherhajó,477195100,11.6,291.0,32.0
2026-06-15,Nagy-Balti-öv,dél,Teherhajó,477588700,7.5,166.0,27.0
2026-06-15,Nagy-Balti-öv,észak,Teherhajó,477890700,14.5,399.0,61.0
2026-06-15,Nagy-Balti-öv,észak,Tanker,511102027,14.9,274.0,48.0
2026-06-15,Nagy-Balti-öv,dél,Tanker,538005385,12.4,256.0,43.0
2026-06-15,Nagy-Balti-öv,észak,Tanker,538005654,12.2,183.0,32.0
2026-06-15,Nagy-Balti-öv,észak,Tanker,538006356,9.2,256.0,43.0
2026-06-15,Nagy-Balti-öv,észak,Tanker,538006497,4.8,101.0,18.0
2026-06-15,Nagy-Balti-öv,dél,Teherhajó,538010200,7.0,185.0,31.0
2026-06-15,Nagy-Balti-öv,észak,Teherhajó,538011814,6.1,180.0,28.0
2026-06-15,Nagy-Balti-öv,észak,Teherhajó,538012546,10.2,180.0,30.0
2026-06-15,Nagy-Balti-öv,észak,Teherhajó,613115900,5.7,90.0,14.0
2026-06-15,Nagy-Balti-öv,dél,Tanker,613271404,8.2,244.0,42.0
2026-06-15,Nagy-Balti-öv,dél,Tanker,613881404,9.0,245.0,42.0
2026-06-15,Nagy-Balti-öv,észak,Teherhajó,636015461,10.1,180.0,30.0
2026-06-15,Nagy-Balti-öv,dél,Teherhajó,636016374,8.9,148.0,23.0
2026-06-15,Nagy-Balti-öv,dél,Teherhajó,636017921,14.0,366.0,48.0
2026-06-15,Nagy-Balti-öv,dél,Teherhajó,636021765,9.2,177.0,28.0
2026-06-15,Nagy-Balti-öv,dél,Teherhajó,636093202,10.0,180.0,30.0
2026-06-15,Øresund,dél,Teherhajó,209184000,6.0,186.0,27.0
2026-06-15,Øresund,észak,Teherhajó,209535000,3.9,90.0,13.0
2026-06-15,Øresund,észak,Teherhajó,210704000,6.2,90.0,13.0
2026-06-15,Øresund,észak,Teherhajó,210705000,6.2,98.0,16.0
2026-06-15,Øresund,észak,Teherhajó,211141000,8.7,134.0,23.0
2026-06-15,Øresund,dél,Teherhajó,211219630,2.8,75.0,12.0
2026-06-15,Øresund,dél,Teherhajó,212853000,5.8,88.0,13.0
2026-06-15,Øresund,észak,Teherhajó,218728000,2.8,60.0,12.0
2026-06-15,Øresund,dél,Teherhajó,218805000,3.2,90.0,15.0
2026-06-15,Øresund,észak,Teherhajó,219003452,2.3,14.0,4.0
2026-06-15,Øresund,észak,Teherhajó,219207000,2.6,66.0,10.0
2026-06-15,Øresund,észak,Teherhajó,230091950,4.4,83.0,13.0
2026-06-15,Øresund,dél,Teherhajó,230696000,5.8,122.0,21.0
2026-06-15,Øresund,észak,Teherhajó,231902000,5.0,83.0,13.0
2026-06-15,Øresund,észak,Teherhajó,236306000,5.7,90.0,14.0
2026-06-15,Øresund,dél,Teherhajó,244584000,6.6,173.0,25.0
2026-06-15,Øresund,észak,Teherhajó,244750397,5.6,89.0,13.0
2026-06-15,Øresund,észak,Teherhajó,244850116,4.8,88.0,14.0
2026-06-15,Øresund,észak,Teherhajó,244855000,7.3,143.0,16.0
2026-06-15,Øresund,észak,Teherhajó,246141000,4.7,100.0,17.0
2026-06-15,Øresund,dél,Tanker,249222000,5.8,100.0,18.0
2026-06-15,Øresund,észak,Tanker,249223000,5.9,100.0,18.0
2026-06-15,Øresund,észak,Teherhajó,255805881,4.0,98.0,16.0
2026-06-15,Øresund,észak,Teherhajó,255806267,7.5,141.0,23.0
2026-06-15,Øresund,dél,Tanker,255916108,7.6,150.0,23.0
2026-06-15,Øresund,dél,Teherhajó,255916493,3.7,89.0,13.0
2026-06-15,Øresund,dél,Teherhajó,257076220,3.5,89.0,13.0
2026-06-15,Øresund,dél,Tanker,265056000,4.5,67.0,12.0
2026-06-15,Øresund,észak,Tanker,265056000,4.5,67.0,12.0
2026-06-15,Øresund,dél,Tanker,265610040,6.1,80.0,14.0
2026-06-15,Øresund,dél,Tanker,266468000,7.3,119.0,17.0
2026-06-15,Øresund,dél,Tanker,266476000,7.1,119.0,17.0
2026-06-15,Øresund,észak,Teherhajó,304146000,6.0,88.0,14.0
2026-06-15,Øresund,dél,Teherhajó,305014400,6.2,142.0,22.0
2026-06-15,Øresund,dél,Teherhajó,305032300,5.2,135.0,23.0
2026-06-15,Øresund,észak,Teherhajó,305620000,4.2,100.0,14.0
2026-06-15,Øresund,dél,Teherhajó,305662000,6.5,90.0,14.0
2026-06-15,Øresund,észak,Teherhajó,305775000,5.5,130.0,16.0
2026-06-15,Øresund,dél,Tanker,305940000,6.4,100.0,16.0
2026-06-15,Øresund,észak,Teherhajó,311001499,4.0,89.0,14.0
2026-06-15,Øresund,dél,Teherhajó,311001804,5.8,88.0,13.0
2026-06-15,Øresund,dél,Teherhajó,311995000,7.5,148.0,25.0
2026-06-15,Øresund,észak,Teherhajó,351639000,7.9,172.0,28.0
2026-06-15,Øresund,dél,Teherhajó,352001586,6.6,200.0,32.0
2026-06-15,Øresund,dél,Teherhajó,354327000,7.2,225.0,32.0
2026-06-15,Øresund,dél,Teherhajó,538007176,6.4,190.0,32.0
2026-06-15,Øresund,dél,Teherhajó,538010031,9.3,161.0,25.0
2026-06-15,Øresund,észak,Teherhajó,538010507,6.7,177.0,30.0
2026-06-15,Øresund,dél,Teherhajó,538012218,5.8,180.0,28.0
2026-06-15,Øresund,dél,Teherhajó,636022414,7.3,229.0,38.0
2026-06-15,Øresund,dél,Teherhajó,636024335,7.0,199.0,32.0
2026-06-15,Øresund,dél,Tanker,636025354,7.0,180.0,32.0
2026-06-15,Øresund,dél,Teherhajó,636093339,6.9,180.0,32.0
2026-06-16,Nagy-Balti-öv,észak,Teherhajó,209974000,6.0,90.0,15.0
2026-06-16,Nagy-Balti-öv,dél,Teherhajó,211141000,8.7,134.0,23.0
2026-06-16,Nagy-Balti-öv,észak,Teherhajó,211265530,5.8,100.0,19.0
2026-06-16,Nagy-Balti-öv,dél,Teherhajó,212810000,7.7,120.0,16.0
2026-06-16,Nagy-Balti-öv,észak,Teherhajó,215887000,11.0,190.0,32.0
2026-06-16,Nagy-Balti-öv,észak,Teherhajó,229859000,13.8,225.0,32.0
2026-06-16,Nagy-Balti-öv,dél,Teherhajó,230643000,5.8,187.0,27.0
2026-06-16,Nagy-Balti-öv,észak,Tanker,230706000,8.9,150.0,23.0
2026-06-16,Nagy-Balti-öv,észak,Tanker,231918000,4.9,90.0,14.0
2026-06-16,Nagy-Balti-öv,dél,Teherhajó,244014000,6.3,138.0,21.0
2026-06-16,Nagy-Balti-öv,észak,Tanker,244090097,6.6,164.0,25.0
2026-06-16,Nagy-Balti-öv,dél,Tanker,246878000,6.8,155.0,22.0
2026-06-16,Nagy-Balti-öv,dél,Teherhajó,250005849,4.6,120.0,15.0
2026-06-16,Nagy-Balti-öv,észak,Tanker,257364000,6.0,92.0,14.0
2026-06-16,Nagy-Balti-öv,észak,Tanker,257643000,6.2,104.0,16.0
2026-06-16,Nagy-Balti-öv,dél,Teherhajó,257708000,3.4,89.0,13.0
2026-06-16,Nagy-Balti-öv,dél,Tanker,266220000,7.9,130.0,20.0
2026-06-16,Nagy-Balti-öv,észak,Teherhajó,266232000,7.5,191.0,26.0
2026-06-16,Nagy-Balti-öv,dél,Tanker,266466000,8.2,129.0,20.0
2026-06-16,Nagy-Balti-öv,észak,Teherhajó,305322000,3.2,88.0,13.0
2026-06-16,Nagy-Balti-öv,dél,Teherhajó,305967000,3.7,82.0,13.0
2026-06-16,Nagy-Balti-öv,észak,Teherhajó,311000853,8.6,189.0,26.0
2026-06-16,Nagy-Balti-öv,észak,Teherhajó,311001906,7.9,188.0,26.0
2026-06-16,Nagy-Balti-öv,észak,Teherhajó,352001928,4.4,74.0,11.0
2026-06-16,Nagy-Balti-öv,észak,Teherhajó,352005011,11.0,188.0,27.0
2026-06-16,Nagy-Balti-öv,dél,Teherhajó,373233000,12.2,366.0,51.0
2026-06-16,Nagy-Balti-öv,dél,Tanker,403503000,11.6,183.0,32.0
2026-06-16,Nagy-Balti-öv,dél,Teherhajó,477035800,14.0,400.0,59.0
2026-06-16,Nagy-Balti-öv,dél,Tanker,538010130,10.6,183.0,32.0
2026-06-16,Nagy-Balti-öv,észak,Teherhajó,538011363,14.6,229.0,32.0
2026-06-16,Nagy-Balti-öv,dél,Teherhajó,548991000,12.8,200.0,32.0
2026-06-16,Nagy-Balti-öv,észak,Teherhajó,563033400,12.8,200.0,32.0
2026-06-16,Nagy-Balti-öv,dél,Tanker,563049000,8.3,145.0,23.0
2026-06-16,Nagy-Balti-öv,dél,Tanker,563074600,15.0,250.0,44.0
2026-06-16,Nagy-Balti-öv,észak,Teherhajó,563223800,10.9,190.0,29.0
2026-06-16,Nagy-Balti-öv,észak,Teherhajó,563288800,9.3,208.0,30.0
2026-06-16,Nagy-Balti-öv,észak,Tanker,564329000,10.5,244.0,42.0
2026-06-16,Nagy-Balti-öv,dél,Teherhajó,636015849,10.0,190.0,32.0
2026-06-16,Nagy-Balti-öv,észak,Teherhajó,636017277,13.5,200.0,32.0
2026-06-16,Nagy-Balti-öv,dél,Tanker,636018682,14.4,250.0,44.0
2026-06-16,Nagy-Balti-öv,észak,Teherhajó,636019581,9.9,180.0,30.0
2026-06-16,Nagy-Balti-öv,észak,Teherhajó,636019710,5.1,116.0,20.0
2026-06-16,Nagy-Balti-öv,dél,Teherhajó,636019711,8.2,116.0,19.0
2026-06-16,Nagy-Balti-öv,észak,Tanker,636020805,8.9,250.0,44.0
2026-06-16,Nagy-Balti-öv,észak,Teherhajó,636022520,,289.0,45.0
2026-06-16,Nagy-Balti-öv,észak,Teherhajó,636024333,12.6,199.0,32.0
2026-06-16,Nagy-Balti-öv,észak,Teherhajó,636025351,13.8,368.0,51.0
2026-06-16,Nagy-Balti-öv,észak,Tanker,636026410,15.0,274.0,48.0
2026-06-16,Nagy-Balti-öv,észak,Teherhajó,636092977,14.3,235.0,38.0
2026-06-16,Nagy-Balti-öv,észak,Tanker,667002327,15.0,275.0,48.0
2026-06-16,Nagy-Balti-öv,észak,Teherhajó,667002347,10.4,172.0,32.0
2026-06-16,Øresund,észak,Teherhajó,209325000,4.8,88.0,13.0
2026-06-16,Øresund,észak,Teherhajó,209938000,5.0,82.0,11.0
2026-06-16,Øresund,dél,Teherhajó,212406000,4.9,90.0,16.0
2026-06-16,Øresund,észak,Teherhajó,212503000,3.7,88.0,13.0
2026-06-16,Øresund,dél,Teherhajó,218728000,3.7,60.0,12.0
2026-06-16,Øresund,észak,Tanker,219029722,6.8,147.0,22.0
2026-06-16,Øresund,észak,Teherhajó,219825000,6.0,197.0,26.0
2026-06-16,Øresund,észak,Tanker,220516000,6.2,106.0,16.0
2026-06-16,Øresund,észak,Teherhajó,230601000,4.0,102.0,19.0
2026-06-16,Øresund,dél,Teherhajó,230697000,6.8,238.0,35.0
2026-06-16,Øresund,észak,Teherhajó,231856000,4.0,88.0,13.0
2026-06-16,Øresund,dél,Teherhajó,231873000,4.7,100.0,14.0
2026-06-16,Øresund,dél,Teherhajó,231920000,4.0,89.0,13.0
2026-06-16,Øresund,dél,Teherhajó,232035207,4.3,90.0,15.0
2026-06-16,Øresund,észak,Tanker,235089046,5.2,90.0,16.0
2026-06-16,Øresund,észak,Teherhajó,236622000,4.8,86.0,12.0
2026-06-16,Øresund,észak,Teherhajó,244020808,3.6,98.0,13.0
2026-06-16,Øresund,észak,Teherhajó,244140468,7.1,110.0,14.0
2026-06-16,Øresund,észak,Teherhajó,244150516,7.8,123.0,18.0
2026-06-16,Øresund,észak,Teherhajó,244321000,5.2,89.0,14.0
2026-06-16,Øresund,dél,Tanker,244944000,6.2,117.0,18.0
2026-06-16,Øresund,dél,Teherhajó,246521000,7.0,205.0,26.0
2026-06-16,Øresund,dél,Tanker,246541000,6.7,116.0,15.0
2026-06-16,Øresund,dél,Tanker,248960000,8.8,228.0,38.0
2026-06-16,Øresund,dél,Tanker,249702000,6.5,105.0,16.0
2026-06-16,Øresund,dél,Tanker,255802940,6.1,88.0,15.0
2026-06-16,Øresund,észak,Teherhajó,255805989,5.4,100.0,14.0
2026-06-16,Øresund,dél,Teherhajó,255861000,6.2,89.0,15.0
2026-06-16,Øresund,dél,Teherhajó,255915585,3.3,89.0,12.0
2026-06-16,Øresund,észak,Teherhajó,255915625,6.3,99.0,16.0
2026-06-16,Øresund,észak,Tanker,256717000,5.0,90.0,15.0
2026-06-16,Øresund,észak,Teherhajó,257076220,4.6,89.0,13.0
2026-06-16,Øresund,dél,Teherhajó,257076850,5.3,82.0,12.0
2026-06-16,Øresund,dél,Tanker,257600000,7.9,129.0,20.0
2026-06-16,Øresund,észak,Teherhajó,258006930,5.2,101.0,17.0
2026-06-16,Øresund,dél,Teherhajó,258059000,6.1,87.0,15.0
2026-06-16,Øresund,dél,Teherhajó,265412000,6.4,170.0,24.0
2026-06-16,Øresund,dél,Teherhajó,304439000,6.3,161.0,25.0
2026-06-16,Øresund,észak,Teherhajó,304958000,4.6,106.0,15.0
2026-06-16,Øresund,dél,Teherhajó,305412000,5.8,129.0,20.0
2026-06-16,Øresund,észak,Teherhajó,305412000,5.8,129.0,20.0
2026-06-16,Øresund,dél,Teherhajó,305479000,5.2,90.0,15.0
2026-06-16,Øresund,észak,Teherhajó,305773000,6.4,140.0,22.0
2026-06-16,Øresund,dél,Teherhajó,305871000,7.0,116.0,16.0
2026-06-16,Øresund,észak,Teherhajó,305980000,3.7,83.0,12.0
2026-06-16,Øresund,dél,Teherhajó,305982000,5.5,90.0,15.0
2026-06-16,Øresund,észak,Teherhajó,311001804,5.8,88.0,13.0
2026-06-16,Øresund,észak,Teherhajó,314377000,6.1,90.0,15.0
2026-06-16,Øresund,dél,Teherhajó,314473000,5.0,83.0,11.0
2026-06-16,Øresund,dél,Teherhajó,412914000,7.1,225.0,32.0
2026-06-16,Øresund,észak,Tanker,538006310,4.7,95.0,16.0
2026-06-16,Øresund,dél,Tanker,538008065,6.9,186.0,33.0
2026-06-16,Øresund,észak,Teherhajó,538010031,8.3,161.0,25.0
2026-06-16,Øresund,dél,Teherhajó,636022840,7.3,180.0,32.0
2026-06-16,Øresund,észak,Tanker,636023006,6.5,144.0,23.0
2026-06-16,Øresund,dél,Teherhajó,636023944,8.4,172.0,28.0
2026-06-16,Øresund,dél,Teherhajó,636024192,7.5,200.0,32.0
2026-06-17,Nagy-Balti-öv,dél,Teherhajó,209535000,6.0,90.0,13.0
2026-06-17,Nagy-Balti-öv,dél,Teherhajó,209992000,5.1,90.0,15.0
2026-06-17,Nagy-Balti-öv,észak,Teherhajó,210544000,5.2,90.0,14.0
2026-06-17,Nagy-Balti-öv,észak,Teherhajó,210903000,5.5,130.0,19.0
2026-06-17,Nagy-Balti-öv,dél,Teherhajó,212060000,14.7,255.0,43.0
2026-06-17,Nagy-Balti-öv,észak,Tanker,212123000,4.9,100.0,15.0
2026-06-17,Nagy-Balti-öv,dél,Teherhajó,219001284,2.1,31.0,7.0
2026-06-17,Nagy-Balti-öv,dél,Tanker,219029722,9.0,147.0,22.0
2026-06-17,Nagy-Balti-öv,dél,Teherhajó,219543000,10.9,172.0,32.0
2026-06-17,Nagy-Balti-öv,dél,Tanker,220516000,4.8,106.0,16.0
2026-06-17,Nagy-Balti-öv,dél,Tanker,229767000,11.5,288.0,44.0
2026-06-17,Nagy-Balti-öv,dél,Teherhajó,230613000,9.4,156.0,26.0
2026-06-17,Nagy-Balti-öv,dél,Teherhajó,231897000,6.3,89.0,13.0
2026-06-17,Nagy-Balti-öv,észak,Teherhajó,231897000,6.3,89.0,13.0
2026-06-17,Nagy-Balti-öv,dél,Teherhajó,231898000,5.2,89.0,13.0
2026-06-17,Nagy-Balti-öv,dél,Teherhajó,255805989,4.5,100.0,14.0
2026-06-17,Nagy-Balti-öv,észak,Teherhajó,255916186,4.3,89.0,12.0
2026-06-17,Nagy-Balti-öv,észak,Teherhajó,255917283,9.8,170.0,25.0
2026-06-17,Nagy-Balti-öv,észak,Teherhajó,256737000,10.2,179.0,32.0
2026-06-17,Nagy-Balti-öv,észak,Teherhajó,257708000,6.1,89.0,13.0
2026-06-17,Nagy-Balti-öv,észak,Tanker,257960000,9.2,277.0,46.0
2026-06-17,Nagy-Balti-öv,észak,Teherhajó,258009780,5.4,88.0,12.0
2026-06-17,Nagy-Balti-öv,észak,Teherhajó,258114000,3.7,90.0,16.0
2026-06-17,Nagy-Balti-öv,dél,Teherhajó,277391000,3.2,88.0,13.0
2026-06-17,Nagy-Balti-öv,észak,Teherhajó,304829000,6.5,190.0,29.0
2026-06-17,Nagy-Balti-öv,dél,Teherhajó,305666000,3.8,119.0,14.0
2026-06-17,Nagy-Balti-öv,észak,Teherhajó,305874000,7.7,108.0,18.0
2026-06-17,Nagy-Balti-öv,dél,Teherhajó,308121000,10.2,159.0,24.0
2026-06-17,Nagy-Balti-öv,dél,Teherhajó,311001804,3.3,88.0,13.0
2026-06-17,Nagy-Balti-öv,dél,Teherhajó,314789000,8.8,152.0,23.0
2026-06-17,Nagy-Balti-öv,dél,Tanker,352002473,9.0,281.0,48.0
2026-06-17,Nagy-Balti-öv,észak,Tanker,352004375,10.7,183.0,32.0
2026-06-17,Nagy-Balti-öv,dél,Teherhajó,352004702,11.4,223.0,32.0
2026-06-17,Nagy-Balti-öv,észak,Teherhajó,352006093,10.9,185.0,32.0
2026-06-17,Nagy-Balti-öv,észak,Tanker,353221000,14.9,249.0,44.0
2026-06-17,Nagy-Balti-öv,észak,Teherhajó,353321000,10.8,183.0,32.0
2026-06-17,Nagy-Balti-öv,észak,Teherhajó,355465000,12.8,190.0,32.0
2026-06-17,Nagy-Balti-öv,észak,Teherhajó,477552100,10.8,211.0,30.0
2026-06-17,Nagy-Balti-öv,észak,Tanker,538005385,9.0,256.0,43.0
2026-06-17,Nagy-Balti-öv,észak,Teherhajó,538006940,14.4,229.0,37.0
2026-06-17,Nagy-Balti-öv,dél,Teherhajó,538007446,7.6,225.0,48.0
2026-06-17,Nagy-Balti-öv,dél,Teherhajó,538009131,13.0,200.0,32.0
2026-06-17,Nagy-Balti-öv,dél,Tanker,538009405,11.4,295.0,46.0
2026-06-17,Nagy-Balti-öv,dél,Teherhajó,563225200,8.0,225.0,32.0
2026-06-17,Nagy-Balti-öv,észak,Tanker,613004200,15.0,274.0,48.0
2026-06-17,Nagy-Balti-öv,észak,Tanker,636018688,14.4,250.0,44.0
2026-06-17,Nagy-Balti-öv,észak,Tanker,636019055,13.2,250.0,44.0
2026-06-17,Nagy-Balti-öv,észak,Teherhajó,636019364,9.2,161.0,25.0
2026-06-17,Nagy-Balti-öv,dél,Tanker,636020839,8.4,249.0,44.0
2026-06-17,Nagy-Balti-öv,dél,Tanker,636024466,9.4,150.0,23.0
2026-06-17,Nagy-Balti-öv,észak,Teherhajó,636025047,12.2,199.0,32.0
2026-06-17,Nagy-Balti-öv,észak,Teherhajó,636025461,13.8,199.0,32.0
2026-06-17,Nagy-Balti-öv,észak,Tanker,636025811,14.3,250.0,44.0
2026-06-17,Nagy-Balti-öv,észak,Teherhajó,636093385,14.8,229.0,32.0
2026-06-17,Øresund,észak,Teherhajó,209151000,6.1,88.0,12.0
2026-06-17,Øresund,észak,Tanker,209221000,6.4,105.0,17.0
2026-06-17,Øresund,dél,Teherhajó,209525000,6.1,90.0,13.0
2026-06-17,Øresund,dél,Tanker,209672000,6.1,93.0,15.0
2026-06-17,Øresund,észak,Teherhajó,212571000,5.4,82.0,12.0
2026-06-17,Øresund,dél,Teherhajó,212949000,5.4,100.0,20.0
2026-06-17,Øresund,dél,Teherhajó,218030270,4.8,83.0,12.0
2026-06-17,Øresund,dél,Teherhajó,218801000,3.6,82.0,11.0
2026-06-17,Øresund,észak,Tanker,219008000,7.1,147.0,22.0
2026-06-17,Øresund,dél,Teherhajó,219304000,10.0,179.0,31.0
2026-06-17,Øresund,észak,Teherhajó,219304000,10.0,179.0,31.0
2026-06-17,Øresund,dél,Tanker,219452000,11.1,183.0,32.0
2026-06-17,Øresund,dél,Teherhajó,230601000,4.2,102.0,19.0
2026-06-17,Øresund,dél,Teherhajó,236108000,5.4,83.0,13.0
2026-06-17,Øresund,dél,Teherhajó,244246000,2.8,81.0,12.0
2026-06-17,Øresund,észak,Teherhajó,244246000,2.8,81.0,12.0
2026-06-17,Øresund,dél,Teherhajó,244772000,4.6,90.0,13.0
2026-06-17,Øresund,dél,Tanker,245313000,5.0,115.0,16.0
2026-06-17,Øresund,dél,Teherhajó,245525000,4.9,127.0,15.0
2026-06-17,Øresund,dél,Tanker,246359000,4.0,90.0,12.0
2026-06-17,Øresund,észak,Tanker,249702000,5.4,105.0,16.0
2026-06-17,Øresund,észak,Teherhajó,255806139,4.2,116.0,17.0
2026-06-17,Øresund,dél,Teherhajó,255806352,7.2,141.0,22.0
2026-06-17,Øresund,észak,Teherhajó,255806478,6.4,98.0,15.0
2026-06-17,Øresund,észak,Teherhajó,255915582,5.6,89.0,12.0
2026-06-17,Øresund,dél,Teherhajó,255916047,5.5,106.0,18.0
2026-06-17,Øresund,észak,Tanker,255916108,7.6,150.0,23.0
2026-06-17,Øresund,dél,Teherhajó,255916295,5.4,107.0,18.0
2026-06-17,Øresund,dél,Teherhajó,255916550,6.4,89.0,16.0
2026-06-17,Øresund,észak,Teherhajó,255917229,3.8,115.0,15.0
2026-06-17,Øresund,dél,Teherhajó,257035870,4.5,90.0,14.0
2026-06-17,Øresund,észak,Teherhajó,257076850,5.5,82.0,12.0
2026-06-17,Øresund,észak,Teherhajó,257115000,5.7,88.0,13.0
2026-06-17,Øresund,dél,Teherhajó,257207000,6.4,90.0,14.0
2026-06-17,Øresund,észak,Tanker,257374000,6.2,140.0,22.0
2026-06-17,Øresund,észak,Tanker,257600000,6.2,129.0,20.0
2026-06-17,Øresund,dél,Teherhajó,258209000,6.5,156.0,22.0
2026-06-17,Øresund,észak,Teherhajó,258761000,4.3,110.0,15.0
2026-06-17,Øresund,dél,Teherhajó,265073780,,29.0,6.0
2026-06-17,Øresund,észak,Tanker,266468000,5.3,119.0,17.0
2026-06-17,Øresund,észak,Tanker,266475000,5.0,120.0,17.0
2026-06-17,Øresund,észak,Tanker,266476000,5.4,119.0,17.0
2026-06-17,Øresund,észak,Tanker,304050982,6.3,108.0,18.0
2026-06-17,Øresund,észak,Teherhajó,304972000,7.4,140.0,23.0
2026-06-17,Øresund,dél,Teherhajó,305665000,5.4,100.0,14.0
2026-06-17,Øresund,észak,Teherhajó,311001786,5.7,90.0,15.0
2026-06-17,Øresund,észak,Teherhajó,311001911,4.0,90.0,16.0
2026-06-17,Øresund,észak,Teherhajó,341656002,4.2,82.0,11.0
2026-06-17,Øresund,dél,Teherhajó,352005335,6.3,183.0,31.0
2026-06-17,Øresund,dél,Tanker,461000248,6.9,183.0,32.0
2026-06-17,Øresund,dél,Teherhajó,538004843,6.8,196.0,32.0
2026-06-17,Øresund,észak,Teherhajó,636021080,5.5,111.0,15.0
2026-06-17,Øresund,észak,Teherhajó,636023944,8.4,172.0,28.0
2026-06-17,Øresund,dél,Teherhajó,636025718,7.0,199.0,32.0
2026-06-18,Nagy-Balti-öv,dél,Teherhajó,209313000,3.2,82.0,12.0
2026-06-18,Nagy-Balti-öv,észak,Teherhajó,209535000,3.9,90.0,13.0
2026-06-18,Nagy-Balti-öv,észak,Teherhajó,210359000,7.3,152.0,24.0
2026-06-18,Nagy-Balti-öv,észak,Teherhajó,211577000,7.5,161.0,28.0
2026-06-18,Nagy-Balti-öv,dél,Teherhajó,212503000,4.7,88.0,13.0
2026-06-18,Nagy-Balti-öv,észak,Teherhajó,212810000,5.0,120.0,16.0
2026-06-18,Nagy-Balti-öv,dél,Teherhajó,215540000,7.7,118.0,15.0
2026-06-18,Nagy-Balti-öv,észak,Teherhajó,218007750,4.3,108.0,15.0
2026-06-18,Nagy-Balti-öv,észak,Teherhajó,219370000,8.8,100.0,40.0
2026-06-18,Nagy-Balti-öv,észak,Teherhajó,220474000,5.2,77.0,14.0
2026-06-18,Nagy-Balti-öv,észak,Teherhajó,231898000,3.9,89.0,13.0
2026-06-18,Nagy-Balti-öv,észak,Teherhajó,244632000,8.1,132.0,16.0
2026-06-18,Nagy-Balti-öv,dél,Teherhajó,246716000,8.2,138.0,16.0
2026-06-18,Nagy-Balti-öv,dél,Tanker,248006000,14.7,250.0,44.0
2026-06-18,Nagy-Balti-öv,dél,Tanker,249098000,10.0,250.0,44.0
2026-06-18,Nagy-Balti-öv,dél,Teherhajó,249403000,7.7,141.0,23.0
2026-06-18,Nagy-Balti-öv,észak,Tanker,249987000,9.2,250.0,44.0
2026-06-18,Nagy-Balti-öv,dél,Teherhajó,255769000,6.8,107.0,15.0
2026-06-18,Nagy-Balti-öv,észak,Teherhajó,255804490,5.2,89.0,12.0
2026-06-18,Nagy-Balti-öv,észak,Teherhajó,255805906,6.7,139.0,20.0
2026-06-18,Nagy-Balti-öv,észak,Tanker,255915968,4.5,100.0,18.0
2026-06-18,Nagy-Balti-öv,észak,Tanker,255946000,8.8,144.0,23.0
2026-06-18,Nagy-Balti-öv,észak,Tanker,256220000,11.3,183.0,32.0
2026-06-18,Nagy-Balti-öv,észak,Tanker,256371000,8.5,250.0,44.0
2026-06-18,Nagy-Balti-öv,észak,Teherhajó,257211000,5.1,82.0,12.0
2026-06-18,Nagy-Balti-öv,dél,Tanker,259300000,3.8,78.0,12.0
2026-06-18,Nagy-Balti-öv,észak,Teherhajó,275513000,3.3,82.0,13.0
2026-06-18,Nagy-Balti-öv,dél,Tanker,304070000,7.8,145.0,23.0
2026-06-18,Nagy-Balti-öv,észak,Teherhajó,304127000,6.0,120.0,20.0
2026-06-18,Nagy-Balti-öv,dél,Teherhajó,305162000,8.4,108.0,18.0
2026-06-18,Nagy-Balti-öv,dél,Teherhajó,305497000,5.1,90.0,15.0
2026-06-18,Nagy-Balti-öv,észak,Teherhajó,305666000,6.5,119.0,14.0
2026-06-18,Nagy-Balti-öv,észak,Tanker,311000971,8.6,245.0,44.0
2026-06-18,Nagy-Balti-öv,dél,Teherhajó,311000977,8.0,,
2026-06-18,Nagy-Balti-öv,dél,Teherhajó,311001021,7.5,145.0,22.0
2026-06-18,Nagy-Balti-öv,észak,Tanker,314001082,12.4,185.0,32.0
2026-06-18,Nagy-Balti-öv,dél,Tanker,314204000,9.0,245.0,42.0
2026-06-18,Nagy-Balti-öv,észak,Tanker,351341000,12.0,183.0,32.0
2026-06-18,Nagy-Balti-öv,észak,Tanker,352002925,9.2,299.0,46.0
2026-06-18,Nagy-Balti-öv,észak,Teherhajó,354491000,14.1,225.0,32.0
2026-06-18,Nagy-Balti-öv,dél,Teherhajó,356509000,12.0,229.0,32.0
2026-06-18,Nagy-Balti-öv,dél,Tanker,538008452,11.2,183.0,32.0
2026-06-18,Nagy-Balti-öv,észak,Teherhajó,563234000,11.8,398.0,51.0
2026-06-18,Nagy-Balti-öv,észak,Teherhajó,636014740,10.8,222.0,30.0
2026-06-18,Nagy-Balti-öv,észak,Teherhajó,636016601,9.3,200.0,32.0
2026-06-18,Nagy-Balti-öv,észak,Tanker,636019392,14.9,237.0,42.0
2026-06-18,Nagy-Balti-öv,dél,Tanker,636020815,9.0,274.0,48.0
2026-06-18,Nagy-Balti-öv,észak,Teherhajó,636021112,8.2,173.0,27.0
2026-06-18,Nagy-Balti-öv,észak,Teherhajó,636022248,14.5,229.0,38.0
2026-06-18,Nagy-Balti-öv,észak,Teherhajó,636022634,14.3,225.0,32.0
2026-06-18,Nagy-Balti-öv,észak,Teherhajó,636023608,11.3,216.0,27.0
2026-06-18,Nagy-Balti-öv,észak,Tanker,667002291,15.2,244.0,42.0
2026-06-18,Øresund,dél,Teherhajó,209325000,3.1,88.0,13.0
2026-06-18,Øresund,dél,Teherhajó,209968000,4.3,82.0,12.0
2026-06-18,Øresund,észak,Teherhajó,210388000,7.2,133.0,16.0
2026-06-18,Øresund,észak,Teherhajó,211219630,4.4,75.0,12.0
2026-06-18,Øresund,dél,Teherhajó,211265530,5.0,100.0,19.0
2026-06-18,Øresund,dél,Teherhajó,212763000,7.1,225.0,32.0
2026-06-18,Øresund,észak,Tanker,219034365,6.7,147.0,22.0
2026-06-18,Øresund,észak,Teherhajó,231766000,5.1,95.0,16.0
2026-06-18,Øresund,észak,Teherhajó,231800000,7.4,89.0,14.0
2026-06-18,Øresund,dél,Teherhajó,236746000,7.2,180.0,30.0
2026-06-18,Øresund,dél,Teherhajó,244110823,5.8,98.0,13.0
2026-06-18,Øresund,dél,Teherhajó,244140468,5.8,110.0,14.0
2026-06-18,Øresund,dél,Teherhajó,244482000,3.7,83.0,13.0
2026-06-18,Øresund,észak,Teherhajó,244710091,3.9,87.0,15.0
2026-06-18,Øresund,észak,Teherhajó,244790715,5.4,89.0,14.0
2026-06-18,Øresund,észak,Teherhajó,245097000,7.4,205.0,26.0
2026-06-18,Øresund,dél,Teherhajó,246141000,4.3,100.0,17.0
2026-06-18,Øresund,észak,Tanker,246354000,6.6,100.0,16.0
2026-06-18,Øresund,dél,Teherhajó,246415000,4.9,88.0,14.0
2026-06-18,Øresund,észak,Teherhajó,246499000,3.8,80.0,12.0
2026-06-18,Øresund,észak,Tanker,249222000,5.7,100.0,18.0
2026-06-18,Øresund,észak,Teherhajó,255802540,6.0,116.0,17.0
2026-06-18,Øresund,észak,Teherhajó,255806352,7.5,141.0,22.0
2026-06-18,Øresund,dél,Teherhajó,255806478,4.7,98.0,15.0
2026-06-18,Øresund,dél,Tanker,255806519,6.5,144.0,23.0
2026-06-18,Øresund,dél,Teherhajó,255915625,4.3,99.0,16.0
2026-06-18,Øresund,dél,Teherhajó,255915634,4.6,99.0,16.0
2026-06-18,Øresund,dél,Tanker,255915979,6.5,144.0,23.0
2026-06-18,Øresund,dél,Tanker,255946000,8.8,144.0,23.0
2026-06-18,Øresund,dél,Teherhajó,257076220,4.0,89.0,13.0
2026-06-18,Øresund,észak,Teherhajó,257076220,4.0,89.0,13.0
2026-06-18,Øresund,észak,Tanker,257086660,6.2,100.0,17.0
2026-06-18,Øresund,észak,Teherhajó,257207000,4.0,90.0,14.0
2026-06-18,Øresund,dél,Teherhajó,257755000,5.9,90.0,14.0
2026-06-18,Øresund,dél,Teherhajó,257857000,4.9,90.0,14.0
2026-06-18,Øresund,észak,Teherhajó,258209000,5.2,156.0,22.0
2026-06-18,Øresund,észak,Tanker,265072000,5.9,130.0,22.0
2026-06-18,Øresund,észak,Teherhajó,265411000,6.7,161.0,24.0
2026-06-18,Øresund,dél,Tanker,266436000,5.5,100.0,18.0
2026-06-18,Øresund,dél,Teherhajó,273414440,4.8,127.0,20.0
2026-06-18,Øresund,dél,Teherhajó,277586000,7.7,148.0,25.0
2026-06-18,Øresund,észak,Teherhajó,277586000,7.7,148.0,25.0
2026-06-18,Øresund,észak,Teherhajó,304010515,6.0,97.0,16.0
2026-06-18,Øresund,dél,Teherhajó,304958000,3.9,106.0,15.0
2026-06-18,Øresund,dél,Teherhajó,305466000,3.3,90.0,15.0
2026-06-18,Øresund,dél,Teherhajó,311001499,6.4,89.0,14.0
2026-06-18,Øresund,dél,Teherhajó,311001808,4.9,82.0,11.0
2026-06-18,Øresund,dél,Teherhajó,314167000,5.5,200.0,24.0
2026-06-18,Øresund,dél,Teherhajó,477813500,6.7,179.0,28.0
2026-06-18,Øresund,dél,Teherhajó,538005216,7.0,225.0,32.0
2026-06-18,Øresund,dél,Teherhajó,538009008,6.9,225.0,32.0
2026-06-18,Øresund,dél,Tanker,538009380,7.2,180.0,32.0
2026-06-18,Øresund,dél,Teherhajó,538010031,8.3,161.0,25.0
2026-06-18,Øresund,dél,Teherhajó,538011910,6.7,183.0,31.0
2026-06-18,Øresund,dél,Teherhajó,538090687,6.5,190.0,32.0
2026-06-18,Øresund,dél,Tanker,636023387,7.2,183.0,32.0
2026-06-18,Øresund,dél,Tanker,636025443,7.0,183.0,33.0
2026-06-19,Nagy-Balti-öv,észak,Teherhajó,209659000,10.1,170.0,27.0
2026-06-19,Nagy-Balti-öv,észak,Teherhajó,211141000,8.0,134.0,23.0
2026-06-19,Nagy-Balti-öv,dél,Tanker,219008000,8.9,147.0,22.0
2026-06-19,Nagy-Balti-öv,dél,Tanker,219554000,8.0,130.0,20.0
2026-06-19,Nagy-Balti-öv,észak,Tanker,219814000,8.1,147.0,22.0
2026-06-19,Nagy-Balti-öv,észak,Teherhajó,229202000,10.9,186.0,28.0
2026-06-19,Nagy-Balti-öv,észak,Teherhajó,230618000,6.0,218.0,27.0
2026-06-19,Nagy-Balti-öv,dél,Teherhajó,230618000,6.0,218.0,27.0
2026-06-19,Nagy-Balti-öv,észak,Tanker,241866000,9.0,250.0,44.0
2026-06-19,Nagy-Balti-öv,észak,Teherhajó,244067000,4.2,88.0,13.0
2026-06-19,Nagy-Balti-öv,észak,Teherhajó,246100000,10.4,185.0,25.0
2026-06-19,Nagy-Balti-öv,dél,Teherhajó,246572000,9.5,143.0,22.0
2026-06-19,Nagy-Balti-öv,észak,Tanker,248148000,14.1,249.0,44.0
2026-06-19,Nagy-Balti-öv,észak,Teherhajó,250005849,7.3,120.0,15.0
2026-06-19,Nagy-Balti-öv,észak,Teherhajó,255769000,4.1,107.0,15.0
2026-06-19,Nagy-Balti-öv,dél,Teherhajó,255805906,5.1,139.0,20.0
2026-06-19,Nagy-Balti-öv,dél,Teherhajó,255805981,7.3,118.0,14.0
2026-06-19,Nagy-Balti-öv,észak,Teherhajó,256883000,10.3,205.0,30.0
2026-06-19,Nagy-Balti-öv,dél,Teherhajó,257114000,5.8,95.0,14.0
2026-06-19,Nagy-Balti-öv,dél,Teherhajó,257708000,5.8,89.0,13.0
2026-06-19,Nagy-Balti-öv,észak,Teherhajó,273299250,6.3,137.0,19.0
2026-06-19,Nagy-Balti-öv,dél,Teherhajó,275513000,3.6,82.0,13.0
2026-06-19,Nagy-Balti-öv,dél,Teherhajó,304783000,9.0,166.0,24.0
2026-06-19,Nagy-Balti-öv,dél,Teherhajó,305322000,5.7,88.0,13.0
2026-06-19,Nagy-Balti-öv,dél,Teherhajó,305522000,4.6,90.0,13.0
2026-06-19,Nagy-Balti-öv,észak,Teherhajó,308315000,7.4,158.0,24.0
2026-06-19,Nagy-Balti-öv,észak,Teherhajó,311001804,5.7,88.0,13.0
2026-06-19,Nagy-Balti-öv,észak,Tanker,311027600,8.9,249.0,44.0
2026-06-19,Nagy-Balti-öv,észak,Teherhajó,352006699,7.0,134.0,24.0
2026-06-19,Nagy-Balti-öv,dél,Tanker,353287000,8.3,127.0,21.0
2026-06-19,Nagy-Balti-öv,dél,Teherhajó,413489920,7.5,190.0,29.0
2026-06-19,Nagy-Balti-öv,észak,Teherhajó,477195100,12.7,291.0,32.0
2026-06-19,Nagy-Balti-öv,észak,Tanker,511101845,8.8,251.0,44.0
2026-06-19,Nagy-Balti-öv,észak,Tanker,538004027,9.0,274.0,48.0
2026-06-19,Nagy-Balti-öv,észak,Teherhajó,538007782,10.7,199.0,36.0
2026-06-19,Nagy-Balti-öv,dél,Tanker,538008070,12.2,243.0,42.0
2026-06-19,Nagy-Balti-öv,észak,Tanker,538008565,11.6,195.0,32.0
2026-06-19,Nagy-Balti-öv,észak,Tanker,538010132,10.9,183.0,32.0
2026-06-19,Nagy-Balti-öv,észak,Teherhajó,538010308,10.3,180.0,30.0
2026-06-19,Nagy-Balti-öv,észak,Teherhajó,538011405,13.7,200.0,32.0
2026-06-19,Nagy-Balti-öv,dél,Teherhajó,563078800,7.9,253.0,43.0
2026-06-19,Nagy-Balti-öv,dél,Tanker,572116220,6.0,176.0,28.0
2026-06-19,Nagy-Balti-öv,észak,Tanker,613510201,15.0,244.0,42.0
2026-06-19,Nagy-Balti-öv,észak,Tanker,613881500,14.9,250.0,44.0
2026-06-19,Nagy-Balti-öv,dél,Teherhajó,620999953,8.5,178.0,27.0
2026-06-19,Nagy-Balti-öv,dél,Teherhajó,636016416,9.8,175.0,29.0
2026-06-19,Nagy-Balti-öv,dél,Teherhajó,636016431,10.9,281.0,32.0
2026-06-19,Nagy-Balti-öv,észak,Teherhajó,636018491,10.6,179.0,27.0
2026-06-19,Nagy-Balti-öv,dél,Tanker,636021135,15.0,250.0,44.0
2026-06-19,Nagy-Balti-öv,észak,Tanker,636022074,10.5,183.0,32.0
2026-06-19,Nagy-Balti-öv,észak,Tanker,636023192,12.6,183.0,32.0
2026-06-19,Nagy-Balti-öv,észak,Teherhajó,636024910,10.5,180.0,30.0
2026-06-19,Nagy-Balti-öv,dél,Tanker,636024998,8.7,274.0,48.0
2026-06-19,Nagy-Balti-öv,észak,Tanker,636025413,14.6,250.0,44.0
2026-06-19,Nagy-Balti-öv,dél,Teherhajó,636091995,9.7,208.0,30.0
2026-06-19,Nagy-Balti-öv,észak,Teherhajó,667002348,10.4,172.0,32.0
2026-06-19,Øresund,észak,Teherhajó,209325000,4.3,88.0,13.0
2026-06-19,Øresund,dél,Teherhajó,212810000,5.0,120.0,16.0
2026-06-19,Øresund,dél,Tanker,215064000,5.9,88.0,15.0
2026-06-19,Øresund,dél,Tanker,215935000,7.2,183.0,32.0
2026-06-19,Øresund,dél,Teherhajó,229013000,6.3,186.0,24.0
2026-06-19,Øresund,dél,Teherhajó,230039000,3.9,90.0,14.0
2026-06-19,Øresund,észak,Teherhajó,230042000,5.6,134.0,20.0
2026-06-19,Øresund,dél,Teherhajó,230091950,4.5,83.0,13.0
2026-06-19,Øresund,észak,Teherhajó,230350000,7.2,120.0,18.0
2026-06-19,Øresund,észak,Teherhajó,231920000,5.1,89.0,13.0
2026-06-19,Øresund,dél,Teherhajó,235507000,5.2,193.0,26.0
2026-06-19,Øresund,észak,Teherhajó,236108000,5.5,83.0,13.0
2026-06-19,Øresund,észak,Tanker,244335000,4.7,115.0,16.0
2026-06-19,Øresund,dél,Teherhajó,244995000,5.5,90.0,13.0
2026-06-19,Øresund,dél,Teherhajó,245455000,6.9,107.0,15.0
2026-06-19,Øresund,dél,Teherhajó,246263000,5.5,143.0,22.0
2026-06-19,Øresund,észak,Teherhajó,246668000,4.0,117.0,14.0
2026-06-19,Øresund,észak,Tanker,248960000,8.3,228.0,38.0
2026-06-19,Øresund,dél,Tanker,249223000,7.1,100.0,18.0
2026-06-19,Øresund,dél,Teherhajó,255752000,6.6,116.0,16.0
2026-06-19,Øresund,dél,Teherhajó,255805881,6.3,98.0,16.0
2026-06-19,Øresund,dél,Teherhajó,255806300,6.4,135.0,22.0
2026-06-19,Øresund,észak,Teherhajó,255915848,5.8,89.0,16.0
2026-06-19,Øresund,dél,Tanker,256656000,6.9,95.0,15.0
2026-06-19,Øresund,dél,Teherhajó,257737000,6.4,86.0,16.0
2026-06-19,Øresund,észak,Teherhajó,257859000,4.8,98.0,16.0
2026-06-19,Øresund,észak,Teherhajó,258059000,4.5,87.0,15.0
2026-06-19,Øresund,dél,Tanker,258715000,4.3,89.0,13.0
2026-06-19,Øresund,dél,Teherhajó,261208000,5.1,56.0,11.0
2026-06-19,Øresund,dél,Tanker,265012140,5.2,100.0,19.0
2026-06-19,Øresund,dél,Tanker,266472000,5.8,88.0,13.0
2026-06-19,Øresund,dél,Teherhajó,275510000,5.8,89.0,13.0
2026-06-19,Øresund,dél,Teherhajó,304027000,5.2,83.0,13.0
2026-06-19,Øresund,dél,Teherhajó,304176000,4.8,107.0,15.0
2026-06-19,Øresund,dél,Teherhajó,304482000,2.7,85.0,13.0
2026-06-19,Øresund,dél,Teherhajó,305201000,7.5,120.0,15.0
2026-06-19,Øresund,észak,Teherhajó,311001499,4.0,89.0,14.0
2026-06-19,Øresund,észak,Teherhajó,311001826,4.4,74.0,10.0
2026-06-19,Øresund,dél,Teherhajó,357224000,4.5,109.0,19.0
2026-06-19,Øresund,dél,Teherhajó,538009486,7.1,180.0,30.0
2026-06-19,Øresund,észak,Teherhajó,538010031,10.0,161.0,25.0
2026-06-19,Øresund,dél,Tanker,538010487,7.0,229.0,32.0
2026-06-19,Øresund,észak,Teherhajó,538011217,7.5,229.0,32.0
2026-06-19,Øresund,észak,Tanker,636021583,7.6,183.0,32.0
2026-06-19,Øresund,dél,Teherhajó,636022047,9.1,161.0,25.0
2026-06-19,Øresund,észak,Teherhajó,636022047,9.1,161.0,25.0
2026-06-19,Øresund,dél,Tanker,636023238,7.0,183.0,32.0
2026-06-20,Nagy-Balti-öv,dél,Teherhajó,209892000,6.4,90.0,15.0
2026-06-20,Nagy-Balti-öv,észak,Teherhajó,210100000,3.7,89.0,13.0
2026-06-20,Nagy-Balti-öv,dél,Teherhajó,210359000,8.4,152.0,24.0
2026-06-20,Nagy-Balti-öv,dél,Teherhajó,210704000,4.3,90.0,13.0
2026-06-20,Nagy-Balti-öv,dél,Teherhajó,219115000,9.6,200.0,36.0
2026-06-20,Nagy-Balti-öv,dél,Teherhajó,230336000,5.5,137.0,22.0
2026-06-20,Nagy-Balti-öv,észak,Tanker,230707000,9.5,150.0,23.0
2026-06-20,Nagy-Balti-öv,dél,Teherhajó,236108000,3.6,83.0,13.0
2026-06-20,Nagy-Balti-öv,észak,Teherhajó,245816000,9.1,168.0,25.0
2026-06-20,Nagy-Balti-öv,észak,Tanker,246878000,6.3,155.0,22.0
2026-06-20,Nagy-Balti-öv,észak,Teherhajó,255805993,5.2,88.0,12.0
2026-06-20,Nagy-Balti-öv,észak,Teherhajó,255806343,8.9,150.0,26.0
2026-06-20,Nagy-Balti-öv,dél,Teherhajó,255915668,4.2,90.0,13.0
2026-06-20,Nagy-Balti-öv,észak,Tanker,255915978,9.5,149.0,24.0
2026-06-20,Nagy-Balti-öv,dél,Teherhajó,255916590,10.3,168.0,26.0
2026-06-20,Nagy-Balti-öv,dél,Teherhajó,256708000,7.5,205.0,30.0
2026-06-20,Nagy-Balti-öv,észak,Tanker,257089150,9.4,277.0,46.0
2026-06-20,Nagy-Balti-öv,dél,Teherhajó,257211000,3.2,82.0,12.0
2026-06-20,Nagy-Balti-öv,észak,Tanker,265062000,6.2,149.0,23.0
2026-06-20,Nagy-Balti-öv,észak,Tanker,273278840,15.0,245.0,42.0
2026-06-20,Nagy-Balti-öv,dél,Teherhajó,304274000,4.3,80.0,12.0
2026-06-20,Nagy-Balti-öv,dél,Teherhajó,305762000,5.6,104.0,15.0
2026-06-20,Nagy-Balti-öv,észak,Teherhajó,309193000,8.4,165.0,24.0
2026-06-20,Nagy-Balti-öv,észak,Tanker,311001007,10.0,229.0,32.0
2026-06-20,Nagy-Balti-öv,dél,Tanker,311001106,14.5,237.0,44.0
2026-06-20,Nagy-Balti-öv,észak,Tanker,311027400,9.3,248.0,44.0
2026-06-20,Nagy-Balti-öv,észak,Tanker,314001079,12.1,186.0,32.0
2026-06-20,Nagy-Balti-öv,észak,Teherhajó,319213600,10.3,181.0,30.0
2026-06-20,Nagy-Balti-öv,dél,Teherhajó,352001928,4.6,74.0,11.0
2026-06-20,Nagy-Balti-öv,észak,Teherhajó,354408000,10.8,179.0,29.0
2026-06-20,Nagy-Balti-öv,észak,Tanker,372119000,14.7,277.0,48.0
2026-06-20,Nagy-Balti-öv,észak,Teherhajó,374249000,13.0,200.0,32.0
2026-06-20,Nagy-Balti-öv,dél,Tanker,538005773,11.4,184.0,27.0
2026-06-20,Nagy-Balti-öv,dél,Tanker,538007133,14.7,251.0,44.0
2026-06-20,Nagy-Balti-öv,észak,Teherhajó,538007141,13.3,200.0,32.0
2026-06-20,Nagy-Balti-öv,dél,Tanker,538007621,11.6,293.0,46.0
2026-06-20,Nagy-Balti-öv,észak,Tanker,538009157,10.6,186.0,31.0
2026-06-20,Nagy-Balti-öv,észak,Tanker,538009405,10.5,295.0,46.0
2026-06-20,Nagy-Balti-öv,észak,Teherhajó,538010700,12.0,190.0,32.0
2026-06-20,Nagy-Balti-öv,észak,Tanker,563074600,9.0,250.0,44.0
2026-06-20,Nagy-Balti-öv,dél,Teherhajó,566090000,9.4,163.0,26.0
2026-06-20,Nagy-Balti-öv,dél,Tanker,613009690,7.2,239.0,42.0
2026-06-20,Nagy-Balti-öv,dél,Tanker,613881403,8.0,244.0,42.0
2026-06-20,Nagy-Balti-öv,észak,Teherhajó,636016161,11.3,199.0,32.0
2026-06-20,Nagy-Balti-öv,észak,Teherhajó,636017184,12.8,190.0,32.0
2026-06-20,Nagy-Balti-öv,észak,Teherhajó,636017921,11.0,366.0,48.0
2026-06-20,Nagy-Balti-öv,dél,Teherhajó,636018490,10.8,178.0,28.0
2026-06-20,Nagy-Balti-öv,észak,Tanker,636020569,14.5,250.0,44.0
2026-06-20,Nagy-Balti-öv,dél,Teherhajó,636023319,8.6,140.0,25.0
2026-06-20,Nagy-Balti-öv,dél,Tanker,636024820,9.5,180.0,29.0
2026-06-20,Nagy-Balti-öv,dél,Tanker,636025412,8.8,250.0,44.0
2026-06-20,Nagy-Balti-öv,észak,Tanker,667002369,15.0,274.0,48.0
2026-06-20,Øresund,észak,Teherhajó,205465000,3.2,87.0,12.0
2026-06-20,Øresund,észak,Teherhajó,209823000,5.8,92.0,15.0
2026-06-20,Øresund,dél,Teherhajó,211141000,8.0,134.0,23.0
2026-06-20,Øresund,dél,Tanker,212123000,5.1,100.0,15.0
2026-06-20,Øresund,észak,Teherhajó,212810000,7.7,120.0,16.0
2026-06-20,Øresund,dél,Teherhajó,215908000,6.1,95.0,13.0
2026-06-20,Øresund,dél,Teherhajó,231613000,4.7,73.0,12.0
2026-06-20,Øresund,dél,Teherhajó,244059000,5.5,89.0,14.0
2026-06-20,Øresund,észak,Teherhajó,244674000,7.1,126.0,16.0
2026-06-20,Øresund,észak,Tanker,244678000,5.0,116.0,15.0
2026-06-20,Øresund,észak,Teherhajó,245223000,5.8,89.0,12.0
2026-06-20,Øresund,észak,Teherhajó,245897000,7.6,205.0,26.0
2026-06-20,Øresund,dél,Teherhajó,246293000,6.7,184.0,27.0
2026-06-20,Øresund,dél,Teherhajó,246394000,5.4,88.0,14.0
2026-06-20,Øresund,észak,Teherhajó,246443000,5.6,89.0,12.0
2026-06-20,Øresund,észak,Tanker,246541000,5.1,116.0,15.0
2026-06-20,Øresund,dél,Teherhajó,246924000,5.0,82.0,12.0
2026-06-20,Øresund,dél,Teherhajó,249742000,6.5,190.0,24.0
2026-06-20,Øresund,észak,Teherhajó,255752000,4.3,116.0,16.0
2026-06-20,Øresund,dél,Teherhajó,255802570,3.2,89.0,13.0
2026-06-20,Øresund,észak,Teherhajó,255805842,7.1,141.0,22.0
2026-06-20,Øresund,észak,Teherhajó,255806344,6.1,150.0,26.0
2026-06-20,Øresund,dél,Tanker,255915690,6.2,116.0,18.0
2026-06-20,Øresund,dél,Teherhajó,255915955,5.7,88.0,13.0
2026-06-20,Øresund,észak,Teherhajó,255916023,3.8,90.0,14.0
2026-06-20,Øresund,dél,Teherhajó,255916186,5.2,89.0,12.0
2026-06-20,Øresund,dél,Teherhajó,255917229,6.1,115.0,15.0
2026-06-20,Øresund,dél,Tanker,256585000,6.2,118.0,19.0
2026-06-20,Øresund,dél,Teherhajó,257076220,5.9,89.0,13.0
2026-06-20,Øresund,dél,Tanker,257643000,6.1,104.0,16.0
2026-06-20,Øresund,dél,Teherhajó,258622000,5.2,101.0,17.0
2026-06-20,Øresund,észak,Tanker,258715000,4.0,89.0,13.0
2026-06-20,Øresund,dél,Teherhajó,258809000,6.1,90.0,14.0
2026-06-20,Øresund,észak,Tanker,265610040,3.9,80.0,14.0
2026-06-20,Øresund,észak,Tanker,266220000,5.6,130.0,20.0
2026-06-20,Øresund,észak,Teherhajó,275334000,2.1,66.0,11.0
2026-06-20,Øresund,dél,Teherhajó,304323000,3.2,88.0,13.0
2026-06-20,Øresund,dél,Teherhajó,304627000,6.0,95.0,14.0
2026-06-20,Øresund,észak,Teherhajó,304944000,6.0,99.0,16.0
2026-06-20,Øresund,észak,Teherhajó,305821000,5.9,95.0,14.0
2026-06-20,Øresund,észak,Teherhajó,309841000,6.6,150.0,22.0
2026-06-20,Øresund,észak,Teherhajó,311001799,6.0,88.0,13.0
2026-06-20,Øresund,észak,Teherhajó,311995000,7.5,148.0,25.0
2026-06-20,Øresund,észak,Teherhajó,371950000,3.6,89.0,13.0
2026-06-20,Øresund,dél,Teherhajó,374891000,7.0,249.0,43.0
2026-06-20,Øresund,észak,Teherhajó,376532000,3.1,81.0,10.0
2026-06-20,Øresund,dél,Teherhajó,538009654,6.3,177.0,27.0
2026-06-20,Øresund,dél,Teherhajó,538012668,6.7,190.0,33.0
2026-06-20,Øresund,észak,Tanker,563049000,6.0,145.0,23.0
2026-06-20,Øresund,dél,Teherhajó,577282000,6.0,120.0,20.0
2026-06-20,Øresund,dél,Teherhajó,636024016,6.1,190.0,33.0
2026-06-20,Øresund,dél,Teherhajó,636024902,7.0,198.0,32.0
2026-06-20,Øresund,dél,Tanker,667002414,6.4,175.0,31.0
2026-06-21,Nagy-Balti-öv,észak,Teherhajó,209184000,10.4,186.0,27.0
2026-06-21,Nagy-Balti-öv,dél,Teherhajó,228386700,13.0,400.0,62.0
2026-06-21,Nagy-Balti-öv,észak,Teherhajó,230643000,6.1,187.0,27.0
2026-06-21,Nagy-Balti-öv,észak,Tanker,230689000,9.7,156.0,24.0
2026-06-21,Nagy-Balti-öv,dél,Teherhajó,231099000,4.2,75.0,12.0
2026-06-21,Nagy-Balti-öv,észak,Tanker,241455000,9.0,250.0,44.0
2026-06-21,Nagy-Balti-öv,észak,Teherhajó,244130690,5.5,195.0,26.0
2026-06-21,Nagy-Balti-öv,észak,Teherhajó,255805981,4.8,118.0,14.0
2026-06-21,Nagy-Balti-öv,észak,Teherhajó,255806257,10.5,179.0,28.0
2026-06-21,Nagy-Balti-öv,dél,Teherhajó,255806258,9.8,178.0,27.0
2026-06-21,Nagy-Balti-öv,dél,Tanker,256037000,11.4,183.0,32.0
2026-06-21,Nagy-Balti-öv,észak,Teherhajó,256882000,10.1,205.0,30.0
2026-06-21,Nagy-Balti-öv,észak,Teherhajó,257114000,4.2,95.0,14.0
2026-06-21,Nagy-Balti-öv,dél,Teherhajó,257350220,5.5,100.0,16.0
2026-06-21,Nagy-Balti-öv,észak,Teherhajó,257532000,10.5,198.0,31.0
2026-06-21,Nagy-Balti-öv,dél,Tanker,257970000,8.8,147.0,22.0
2026-06-21,Nagy-Balti-öv,dél,Teherhajó,258009780,5.5,88.0,12.0
2026-06-21,Nagy-Balti-öv,dél,Teherhajó,258656000,6.1,94.0,15.0
2026-06-21,Nagy-Balti-öv,észak,Teherhajó,304717000,3.2,88.0,12.0
2026-06-21,Nagy-Balti-öv,észak,Teherhajó,304783000,7.1,166.0,24.0
2026-06-21,Nagy-Balti-öv,észak,Teherhajó,305779000,5.3,115.0,15.0
2026-06-21,Nagy-Balti-öv,észak,Teherhajó,305967000,5.8,82.0,13.0
2026-06-21,Nagy-Balti-öv,dél,Teherhajó,338145000,9.2,200.0,32.0
2026-06-21,Nagy-Balti-öv,észak,Teherhajó,341810000,3.0,80.0,12.0
2026-06-21,Nagy-Balti-öv,észak,Teherhajó,352003857,14.3,225.0,32.0
2026-06-21,Nagy-Balti-öv,észak,Teherhajó,352004819,13.6,200.0,32.0
2026-06-21,Nagy-Balti-öv,dél,Teherhajó,477308100,13.1,400.0,59.0
2026-06-21,Nagy-Balti-öv,észak,Tanker,538010193,10.2,182.0,32.0
2026-06-21,Nagy-Balti-öv,dél,Tanker,538012621,9.0,274.0,48.0
2026-06-21,Nagy-Balti-öv,észak,Teherhajó,548991000,10.2,200.0,32.0
2026-06-21,Nagy-Balti-öv,dél,Teherhajó,563246600,10.5,178.0,29.0
2026-06-21,Nagy-Balti-öv,dél,Tanker,563262400,14.9,249.0,44.0
2026-06-21,Nagy-Balti-öv,dél,Tanker,613003594,8.2,243.0,42.0
2026-06-21,Nagy-Balti-öv,észak,Tanker,613661400,15.0,246.0,42.0
2026-06-21,Nagy-Balti-öv,észak,Teherhajó,636017582,11.1,202.0,33.0
2026-06-21,Nagy-Balti-öv,észak,Teherhajó,636021798,10.2,180.0,30.0
2026-06-21,Nagy-Balti-öv,dél,Tanker,636023006,9.4,144.0,23.0
2026-06-21,Nagy-Balti-öv,dél,Teherhajó,636025110,14.9,229.0,33.0
2026-06-21,Nagy-Balti-öv,dél,Teherhajó,636093159,10.4,222.0,30.0
2026-06-21,Nagy-Balti-öv,észak,Teherhajó,636093237,14.7,229.0,32.0
2026-06-21,Nagy-Balti-öv,dél,Tanker,667002026,8.0,249.0,44.0
2026-06-21,Øresund,észak,Teherhajó,209525000,3.8,90.0,13.0
2026-06-21,Øresund,dél,Teherhajó,209536000,5.8,90.0,13.0
2026-06-21,Øresund,dél,Teherhajó,211870240,6.9,159.0,22.0
2026-06-21,Øresund,észak,Teherhajó,212949000,4.7,100.0,20.0
2026-06-21,Øresund,észak,Teherhajó,230351000,7.2,120.0,18.0
2026-06-21,Øresund,dél,Teherhajó,230700000,6.6,238.0,35.0
2026-06-21,Øresund,észak,Teherhajó,231025000,5.9,90.0,14.0
2026-06-21,Øresund,észak,Teherhajó,232033027,6.5,106.0,15.0
2026-06-21,Øresund,dél,Teherhajó,235114799,6.4,180.0,30.0
2026-06-21,Øresund,dél,Tanker,244335000,5.7,115.0,16.0
2026-06-21,Øresund,észak,Teherhajó,244750716,6.8,145.0,16.0
2026-06-21,Øresund,észak,Tanker,244944000,7.0,117.0,18.0
2026-06-21,Øresund,észak,Teherhajó,245278000,6.7,138.0,16.0
2026-06-21,Øresund,észak,Teherhajó,246141000,5.2,100.0,17.0
2026-06-21,Øresund,észak,Teherhajó,246218000,5.3,82.0,13.0
2026-06-21,Øresund,dél,Teherhajó,246483000,5.7,88.0,13.0
2026-06-21,Øresund,észak,Teherhajó,246521000,7.2,205.0,26.0
2026-06-21,Øresund,dél,Tanker,247433300,6.4,149.0,22.0
2026-06-21,Øresund,észak,Tanker,249225000,5.5,100.0,18.0
2026-06-21,Øresund,dél,Tanker,255801270,8.1,120.0,18.0
2026-06-21,Øresund,észak,Tanker,255802940,5.8,88.0,15.0
2026-06-21,Øresund,dél,Teherhajó,255805577,6.9,140.0,23.0
2026-06-21,Øresund,dél,Teherhajó,255806139,5.7,116.0,17.0
2026-06-21,Øresund,észak,Teherhajó,255806436,7.0,141.0,22.0
2026-06-21,Øresund,észak,Teherhajó,255809000,6.1,89.0,16.0
2026-06-21,Øresund,észak,Teherhajó,255916067,6.0,100.0,14.0
2026-06-21,Øresund,észak,Teherhajó,255916550,5.5,89.0,16.0
2026-06-21,Øresund,észak,Tanker,256585000,5.5,118.0,19.0
2026-06-21,Øresund,dél,Teherhajó,257207000,6.5,90.0,14.0
2026-06-21,Øresund,dél,Tanker,257601000,5.3,100.0,17.0
2026-06-21,Øresund,észak,Teherhajó,258809000,4.2,90.0,14.0
2026-06-21,Øresund,észak,Tanker,265012140,5.3,100.0,19.0
2026-06-21,Øresund,dél,Tanker,265610040,6.0,80.0,14.0
2026-06-21,Øresund,észak,Tanker,266466000,5.7,129.0,20.0
2026-06-21,Øresund,észak,Tanker,266472000,6.8,88.0,13.0
2026-06-21,Øresund,észak,Teherhajó,268246900,5.4,88.0,12.0
2026-06-21,Øresund,észak,Teherhajó,273148510,6.0,133.0,20.0
2026-06-21,Øresund,dél,Teherhajó,275545000,4.5,100.0,16.0
2026-06-21,Øresund,dél,Teherhajó,277586000,8.3,148.0,25.0
2026-06-21,Øresund,észak,Teherhajó,277586000,8.3,148.0,25.0
2026-06-21,Øresund,észak,Teherhajó,305167000,3.6,107.0,14.0
2026-06-21,Øresund,dél,Teherhajó,305649000,3.6,95.0,14.0
2026-06-21,Øresund,dél,Teherhajó,305804000,6.1,90.0,14.0
2026-06-21,Øresund,dél,Teherhajó,309186000,5.3,89.0,12.0
2026-06-21,Øresund,észak,Teherhajó,311001793,3.6,88.0,13.0
2026-06-21,Øresund,észak,Teherhajó,311028300,5.2,91.0,14.0
2026-06-21,Øresund,dél,Tanker,314175000,7.1,205.0,32.0
2026-06-21,Øresund,észak,Tanker,403503000,7.2,183.0,32.0
2026-06-21,Øresund,dél,Tanker,538011353,7.6,228.0,32.0
2026-06-21,Øresund,dél,Teherhajó,563234800,6.9,200.0,32.0
2026-06-21,Øresund,dél,Teherhajó,572728220,6.7,133.0,19.0
2026-06-22,Nagy-Balti-öv,észak,Teherhajó,205346000,3.7,89.0,12.0
2026-06-22,Nagy-Balti-öv,dél,Teherhajó,209151000,3.1,88.0,12.0
2026-06-22,Nagy-Balti-öv,dél,Teherhajó,210544000,3.6,90.0,14.0
2026-06-22,Nagy-Balti-öv,dél,Teherhajó,211141000,8.6,134.0,23.0
2026-06-22,Nagy-Balti-öv,észak,Teherhajó,211341960,4.6,149.0,28.0
2026-06-22,Nagy-Balti-öv,észak,Teherhajó,219136000,11.8,200.0,36.0
2026-06-22,Nagy-Balti-öv,észak,Tanker,229767000,9.8,288.0,44.0
2026-06-22,Nagy-Balti-öv,észak,Teherhajó,230666000,4.3,90.0,14.0
2026-06-22,Nagy-Balti-öv,észak,Tanker,230690000,9.6,156.0,24.0
2026-06-22,Nagy-Balti-öv,dél,Tanker,244090097,7.5,164.0,25.0
2026-06-22,Nagy-Balti-öv,dél,Teherhajó,246367000,2.9,99.0,11.0
2026-06-22,Nagy-Balti-öv,dél,Tanker,249473000,10.3,183.0,32.0
2026-06-22,Nagy-Balti-öv,dél,Tanker,249498000,8.1,128.0,19.0
2026-06-22,Nagy-Balti-öv,észak,Teherhajó,249814000,10.3,169.0,26.0
2026-06-22,Nagy-Balti-öv,dél,Teherhajó,249934000,5.5,88.0,13.0
2026-06-22,Nagy-Balti-öv,dél,Teherhajó,250005913,4.5,120.0,15.0
2026-06-22,Nagy-Balti-öv,dél,Teherhajó,255805916,8.6,107.0,18.0
2026-06-22,Nagy-Balti-öv,dél,Teherhajó,255915747,12.9,229.0,32.0
2026-06-22,Nagy-Balti-öv,dél,Teherhajó,257186000,6.5,87.0,15.0
2026-06-22,Nagy-Balti-öv,észak,Teherhajó,257211000,4.9,82.0,12.0
2026-06-22,Nagy-Balti-öv,észak,Teherhajó,258656000,4.0,94.0,15.0
2026-06-22,Nagy-Balti-öv,észak,Teherhajó,259794000,9.1,190.0,32.0
2026-06-22,Nagy-Balti-öv,észak,Teherhajó,265022000,8.0,242.0,36.0
2026-06-22,Nagy-Balti-öv,dél,Tanker,265062000,7.7,149.0,23.0
2026-06-22,Nagy-Balti-öv,észak,Tanker,266436000,5.5,100.0,18.0
2026-06-22,Nagy-Balti-öv,dél,Tanker,273279840,8.5,244.0,42.0
2026-06-22,Nagy-Balti-öv,észak,Teherhajó,304559000,2.4,74.0,11.0
2026-06-22,Nagy-Balti-öv,dél,Teherhajó,304953000,4.2,82.0,11.0
2026-06-22,Nagy-Balti-öv,észak,Teherhajó,305032300,8.3,135.0,23.0
2026-06-22,Nagy-Balti-öv,dél,Teherhajó,305245000,6.6,138.0,21.0
2026-06-22,Nagy-Balti-öv,észak,Teherhajó,305256000,9.7,143.0,22.0
2026-06-22,Nagy-Balti-öv,dél,Teherhajó,305967000,3.2,82.0,13.0
2026-06-22,Nagy-Balti-öv,észak,Teherhajó,311000557,10.0,200.0,24.0
2026-06-22,Nagy-Balti-öv,dél,Teherhajó,311001499,6.4,89.0,14.0
2026-06-22,Nagy-Balti-öv,észak,Teherhajó,352004538,10.8,259.0,33.0
2026-06-22,Nagy-Balti-öv,észak,Teherhajó,352004702,8.0,223.0,32.0
2026-06-22,Nagy-Balti-öv,dél,Teherhajó,352004953,8.3,193.0,28.0
2026-06-22,Nagy-Balti-öv,észak,Tanker,353287000,4.9,127.0,21.0
2026-06-22,Nagy-Balti-öv,észak,Teherhajó,354540000,10.1,237.0,32.0
2026-06-22,Nagy-Balti-öv,dél,Teherhajó,354711000,10.4,196.0,33.0
2026-06-22,Nagy-Balti-öv,dél,Teherhajó,366479000,8.6,265.0,32.0
2026-06-22,Nagy-Balti-öv,észak,Tanker,461000236,14.3,250.0,44.0
2026-06-22,Nagy-Balti-öv,észak,Tanker,477625100,10.3,183.0,32.0
2026-06-22,Nagy-Balti-öv,észak,Teherhajó,538007446,6.5,225.0,48.0
2026-06-22,Nagy-Balti-öv,észak,Teherhajó,538007703,14.6,229.0,32.0
2026-06-22,Nagy-Balti-öv,észak,Tanker,538008070,8.2,243.0,42.0
2026-06-22,Nagy-Balti-öv,észak,Tanker,538009926,10.5,180.0,29.0
2026-06-22,Nagy-Balti-öv,észak,Teherhajó,538010271,14.5,229.0,33.0
2026-06-22,Nagy-Balti-öv,észak,Teherhajó,538010686,10.3,180.0,28.0
2026-06-22,Nagy-Balti-öv,dél,Teherhajó,538010803,13.1,199.0,32.0
2026-06-22,Nagy-Balti-öv,észak,Teherhajó,538011982,10.7,229.0,32.0
2026-06-22,Nagy-Balti-öv,dél,Teherhajó,636018322,10.9,217.0,27.0
2026-06-22,Nagy-Balti-öv,észak,Teherhajó,636024066,10.5,179.0,28.0
2026-06-22,Nagy-Balti-öv,észak,Tanker,636026140,15.0,275.0,48.0
2026-06-22,Nagy-Balti-öv,észak,Tanker,636026411,15.0,274.0,48.0
2026-06-22,Øresund,észak,Tanker,205352000,7.0,180.0,30.0
2026-06-22,Øresund,dél,Tanker,209275000,4.2,117.0,20.0
2026-06-22,Øresund,dél,Teherhajó,209525000,6.1,90.0,13.0
2026-06-22,Øresund,észak,Teherhajó,209536000,3.8,90.0,13.0
2026-06-22,Øresund,észak,Teherhajó,209732000,5.9,88.0,12.0
2026-06-22,Øresund,dél,Teherhajó,209903000,4.7,113.0,15.0
2026-06-22,Øresund,dél,Teherhajó,210681000,6.6,120.0,16.0
2026-06-22,Øresund,dél,Teherhajó,210705000,4.5,98.0,16.0
2026-06-22,Øresund,észak,Teherhajó,211141000,8.6,134.0,23.0
2026-06-22,Øresund,észak,Teherhajó,211265530,5.2,100.0,19.0
2026-06-22,Øresund,dél,Teherhajó,218816000,8.3,135.0,23.0
2026-06-22,Øresund,észak,Teherhajó,218816000,8.3,135.0,23.0
2026-06-22,Øresund,dél,Teherhajó,219003452,2.3,14.0,4.0
2026-06-22,Øresund,dél,Teherhajó,219028337,5.4,30.0,13.0
2026-06-22,Øresund,észak,Tanker,219029722,6.9,147.0,22.0
2026-06-22,Øresund,észak,Tanker,220625000,6.0,130.0,19.0
2026-06-22,Øresund,észak,Teherhajó,230697000,7.0,238.0,35.0
2026-06-22,Øresund,észak,Teherhajó,230984000,7.2,141.0,22.0
2026-06-22,Øresund,észak,Teherhajó,231907000,5.3,89.0,13.0
2026-06-22,Øresund,dél,Teherhajó,244637000,6.9,130.0,16.0
2026-06-22,Øresund,dél,Teherhajó,244850900,4.7,135.0,17.0
2026-06-22,Øresund,dél,Teherhajó,245097000,7.5,205.0,26.0
2026-06-22,Øresund,dél,Teherhajó,245137000,5.4,83.0,13.0
2026-06-22,Øresund,észak,Teherhajó,245455000,4.1,107.0,15.0
2026-06-22,Øresund,észak,Teherhajó,246244000,5.3,141.0,24.0
2026-06-22,Øresund,észak,Teherhajó,246483000,5.0,88.0,13.0
2026-06-22,Øresund,dél,Tanker,248221000,4.8,109.0,17.0
2026-06-22,Øresund,észak,Tanker,248886000,6.2,88.0,14.0
2026-06-22,Øresund,észak,Tanker,249223000,6.0,100.0,18.0
2026-06-22,Øresund,észak,Tanker,255801270,8.0,120.0,18.0
2026-06-22,Øresund,dél,Teherhajó,255805993,3.2,88.0,12.0
2026-06-22,Øresund,észak,Teherhajó,255806468,6.2,106.0,16.0
2026-06-22,Øresund,észak,Teherhajó,255854000,6.4,89.0,16.0
2026-06-22,Øresund,dél,Tanker,255917319,7.5,124.0,17.0
2026-06-22,Øresund,észak,Teherhajó,257035870,6.2,90.0,14.0
2026-06-22,Øresund,észak,Teherhajó,257076220,4.8,89.0,13.0
2026-06-22,Øresund,észak,Teherhajó,257207000,3.9,90.0,14.0
2026-06-22,Øresund,észak,Teherhajó,258014000,7.4,204.0,32.0
2026-06-22,Øresund,dél,Tanker,258715000,5.9,89.0,13.0
2026-06-22,Øresund,dél,Teherhajó,259034000,6.7,123.0,16.0
2026-06-22,Øresund,dél,Teherhajó,265039000,7.3,242.0,36.0
2026-06-22,Øresund,dél,Teherhajó,268260102,6.2,185.0,30.0
2026-06-22,Øresund,észak,Teherhajó,273352370,5.9,133.0,20.0
2026-06-22,Øresund,dél,Teherhajó,305631000,6.9,126.0,14.0
2026-06-22,Øresund,dél,Teherhajó,305783000,5.8,87.0,13.0
2026-06-22,Øresund,észak,Teherhajó,305976000,7.5,101.0,15.0
2026-06-22,Øresund,dél,Teherhajó,308803000,7.4,148.0,25.0
2026-06-22,Øresund,dél,Teherhajó,311000758,5.1,90.0,13.0
2026-06-22,Øresund,dél,Teherhajó,352005165,7.2,225.0,32.0
2026-06-22,Øresund,dél,Teherhajó,370417000,5.6,101.0,16.0
2026-06-22,Øresund,dél,Teherhajó,538010031,9.1,161.0,25.0
2026-06-22,Øresund,észak,Tanker,538010130,7.2,183.0,32.0
2026-06-22,Øresund,dél,Tanker,636021509,7.6,182.0,32.0
2026-06-23,Nagy-Balti-öv,dél,Teherhajó,205346000,3.2,89.0,12.0
2026-06-23,Nagy-Balti-öv,dél,Teherhajó,209823000,3.8,92.0,15.0
2026-06-23,Nagy-Balti-öv,észak,Teherhajó,210568000,7.4,139.0,22.0
2026-06-23,Nagy-Balti-öv,észak,Teherhajó,210704000,6.2,90.0,13.0
2026-06-23,Nagy-Balti-öv,dél,Teherhajó,211219630,2.8,75.0,12.0
2026-06-23,Nagy-Balti-öv,dél,Teherhajó,218441000,13.3,366.0,51.0
2026-06-23,Nagy-Balti-öv,dél,Teherhajó,218816000,8.5,135.0,23.0
2026-06-23,Nagy-Balti-öv,dél,Teherhajó,219001284,2.5,31.0,7.0
2026-06-23,Nagy-Balti-öv,észak,Teherhajó,219543000,8.3,172.0,32.0
2026-06-23,Nagy-Balti-öv,dél,Teherhajó,230643000,5.8,187.0,27.0
2026-06-23,Nagy-Balti-öv,dél,Teherhajó,244129000,7.2,169.0,26.0
2026-06-23,Nagy-Balti-öv,dél,Teherhajó,244830814,5.0,173.0,42.0
2026-06-23,Nagy-Balti-öv,észak,Tanker,248102000,4.5,100.0,18.0
2026-06-23,Nagy-Balti-öv,dél,Teherhajó,255769000,6.8,107.0,15.0
2026-06-23,Nagy-Balti-öv,észak,Teherhajó,255769000,6.8,107.0,15.0
2026-06-23,Nagy-Balti-öv,észak,Teherhajó,255806513,8.6,168.0,25.0
2026-06-23,Nagy-Balti-öv,dél,Teherhajó,255916084,5.2,89.0,12.0
2026-06-23,Nagy-Balti-öv,dél,Tanker,256647000,11.7,290.0,46.0
2026-06-23,Nagy-Balti-öv,dél,Teherhajó,256800000,8.1,205.0,30.0
2026-06-23,Nagy-Balti-öv,dél,Tanker,257409000,8.0,140.0,22.0
2026-06-23,Nagy-Balti-öv,dél,Tanker,257600000,8.2,129.0,20.0
2026-06-23,Nagy-Balti-öv,észak,Teherhajó,258009780,5.5,88.0,12.0
2026-06-23,Nagy-Balti-öv,észak,Teherhajó,266247000,7.0,190.0,26.0
2026-06-23,Nagy-Balti-öv,észak,Tanker,273257120,6.6,96.0,15.0
2026-06-23,Nagy-Balti-öv,dél,Tanker,304955000,5.0,103.0,16.0
2026-06-23,Nagy-Balti-öv,észak,Teherhajó,305211000,5.4,95.0,14.0
2026-06-23,Nagy-Balti-öv,dél,Teherhajó,305522000,4.6,90.0,13.0
2026-06-23,Nagy-Balti-öv,dél,Teherhajó,311000795,8.1,150.0,22.0
2026-06-23,Nagy-Balti-öv,észak,Teherhajó,311001499,4.0,89.0,14.0
2026-06-23,Nagy-Balti-öv,dél,Teherhajó,314037000,4.2,88.0,12.0
2026-06-23,Nagy-Balti-öv,dél,Teherhajó,352001364,5.9,183.0,31.0
2026-06-23,Nagy-Balti-öv,észak,Teherhajó,352001928,4.4,74.0,11.0
2026-06-23,Nagy-Balti-öv,dél,Teherhajó,352001939,12.1,229.0,32.0
2026-06-23,Nagy-Balti-öv,észak,Teherhajó,352002638,12.6,190.0,32.0
2026-06-23,Nagy-Balti-öv,dél,Teherhajó,352004686,8.2,179.0,28.0
2026-06-23,Nagy-Balti-öv,dél,Teherhajó,352005578,12.7,190.0,32.0
2026-06-23,Nagy-Balti-öv,észak,Teherhajó,352005801,8.4,190.0,30.0
2026-06-23,Nagy-Balti-öv,észak,Teherhajó,353732000,10.2,177.0,29.0
2026-06-23,Nagy-Balti-öv,dél,Teherhajó,357656000,6.4,186.0,28.0
2026-06-23,Nagy-Balti-öv,észak,Teherhajó,357926000,12.8,366.0,48.0
2026-06-23,Nagy-Balti-öv,észak,Teherhajó,440897000,11.1,190.0,33.0
2026-06-23,Nagy-Balti-öv,észak,Teherhajó,477035800,13.5,400.0,59.0
2026-06-23,Nagy-Balti-öv,észak,Tanker,511101398,10.6,184.0,27.0
2026-06-23,Nagy-Balti-öv,észak,Tanker,538007621,9.2,293.0,46.0
2026-06-23,Nagy-Balti-öv,dél,Teherhajó,538090735,8.6,197.0,32.0
2026-06-23,Nagy-Balti-öv,dél,Teherhajó,563076300,11.8,292.0,32.0
2026-06-23,Nagy-Balti-öv,észak,Teherhajó,566341000,8.2,163.0,26.0
2026-06-23,Nagy-Balti-öv,dél,Tanker,626304000,11.2,333.0,60.0
2026-06-23,Nagy-Balti-öv,észak,Tanker,631010070,14.5,250.0,44.0
2026-06-23,Nagy-Balti-öv,észak,Teherhajó,636018214,14.4,229.0,32.0
2026-06-23,Nagy-Balti-öv,észak,Tanker,636021135,8.5,250.0,44.0
2026-06-23,Nagy-Balti-öv,észak,Teherhajó,636026290,10.8,180.0,32.0
2026-06-23,Nagy-Balti-öv,észak,Tanker,667001624,10.1,272.0,46.0
2026-06-23,Nagy-Balti-öv,dél,Teherhajó,667002349,8.9,172.0,32.0
2026-06-23,Øresund,észak,Teherhajó,210223000,6.3,104.0,16.0
2026-06-23,Øresund,észak,Tanker,210253000,6.8,118.0,17.0
2026-06-23,Øresund,dél,Tanker,210445000,4.3,90.0,12.0
2026-06-23,Øresund,dél,Teherhajó,210568000,7.4,139.0,22.0
2026-06-23,Øresund,dél,Teherhajó,211265530,4.5,100.0,19.0
2026-06-23,Øresund,dél,Teherhajó,212571000,5.4,82.0,12.0
2026-06-23,Øresund,észak,Tanker,215064000,5.7,88.0,15.0
2026-06-23,Øresund,dél,Tanker,215253000,6.8,106.0,17.0
2026-06-23,Øresund,dél,Teherhajó,218007750,6.5,108.0,15.0
2026-06-23,Øresund,dél,Teherhajó,219016585,,20.0,6.0
2026-06-23,Øresund,észak,Tanker,219031111,5.4,130.0,20.0
2026-06-23,Øresund,észak,Teherhajó,231613000,3.0,73.0,12.0
2026-06-23,Øresund,észak,Teherhajó,236108000,5.5,83.0,13.0
2026-06-23,Øresund,észak,Tanker,244335000,4.7,115.0,16.0
2026-06-23,Øresund,dél,Teherhajó,244615929,5.4,140.0,24.0
2026-06-23,Øresund,észak,Teherhajó,244772000,3.8,90.0,13.0
2026-06-23,Øresund,dél,Teherhajó,246554000,6.9,205.0,26.0
2026-06-23,Øresund,észak,Teherhajó,255805993,4.7,88.0,12.0
2026-06-23,Øresund,észak,Teherhajó,255806300,6.5,135.0,22.0
2026-06-23,Øresund,dél,Teherhajó,255864560,6.3,89.0,15.0
2026-06-23,Øresund,dél,Teherhajó,255915970,6.3,114.0,14.0
2026-06-23,Øresund,dél,Tanker,255915983,6.5,144.0,24.0
2026-06-23,Øresund,észak,Tanker,255917319,8.3,124.0,17.0
2026-06-23,Øresund,dél,Teherhajó,257588000,6.1,122.0,20.0
2026-06-23,Øresund,észak,Teherhajó,257857000,5.1,90.0,14.0
2026-06-23,Øresund,észak,Teherhajó,258622000,4.9,101.0,17.0
2026-06-23,Øresund,dél,Teherhajó,265411000,6.3,161.0,24.0
2026-06-23,Øresund,dél,Tanker,266466000,8.2,129.0,20.0
2026-06-23,Øresund,dél,Tanker,266472000,4.9,88.0,13.0
2026-06-23,Øresund,dél,Teherhajó,273148810,5.7,95.0,13.0
2026-06-23,Øresund,dél,Teherhajó,304045000,4.3,90.0,15.0
2026-06-23,Øresund,dél,Teherhajó,305411000,6.2,130.0,20.0
2026-06-23,Øresund,dél,Teherhajó,305412000,6.3,129.0,20.0
2026-06-23,Øresund,észak,Teherhajó,305466000,5.4,90.0,15.0
2026-06-23,Øresund,észak,Teherhajó,305662000,6.0,90.0,14.0
2026-06-23,Øresund,dél,Teherhajó,305779000,3.7,115.0,15.0
2026-06-23,Øresund,dél,Teherhajó,305966000,2.8,83.0,11.0
2026-06-23,Øresund,dél,Tanker,308665000,4.9,85.0,18.0
2026-06-23,Øresund,dél,Teherhajó,311001803,3.3,88.0,13.0
2026-06-23,Øresund,dél,Teherhajó,314554000,5.5,88.0,13.0
2026-06-23,Øresund,dél,Teherhajó,341810000,4.9,80.0,12.0
2026-06-23,Øresund,észak,Teherhajó,357224000,7.2,109.0,19.0
2026-06-23,Øresund,dél,Teherhajó,372002000,6.9,140.0,22.0
2026-06-23,Øresund,dél,Teherhajó,414689000,7.3,229.0,32.0
2026-06-23,Øresund,dél,Teherhajó,538004327,6.7,190.0,32.0
2026-06-23,Øresund,észak,Teherhajó,538010031,8.4,161.0,25.0
2026-06-23,Øresund,észak,Teherhajó,636017478,7.3,229.0,32.0
2026-06-23,Øresund,dél,Teherhajó,636023944,7.6,172.0,28.0
2026-06-24,Nagy-Balti-öv,észak,Teherhajó,209731000,4.0,88.0,12.0
2026-06-24,Nagy-Balti-öv,dél,Teherhajó,210100000,3.7,89.0,13.0
2026-06-24,Nagy-Balti-öv,észak,Tanker,241406000,14.3,237.0,42.0
2026-06-24,Nagy-Balti-öv,észak,Tanker,247433300,9.4,149.0,22.0
2026-06-24,Nagy-Balti-öv,észak,Tanker,248006000,9.0,250.0,44.0
2026-06-24,Nagy-Balti-öv,észak,Teherhajó,255806328,3.6,107.0,16.0
2026-06-24,Nagy-Balti-öv,észak,Teherhajó,257350220,4.3,100.0,16.0
2026-06-24,Nagy-Balti-öv,dél,Tanker,257942000,4.5,89.0,13.0
2026-06-24,Nagy-Balti-öv,dél,Teherhajó,258809000,6.3,90.0,14.0
2026-06-24,Nagy-Balti-öv,dél,Tanker,266266000,8.1,130.0,20.0
2026-06-24,Nagy-Balti-öv,észak,Tanker,273271850,15.0,244.0,42.0
2026-06-24,Nagy-Balti-öv,észak,Teherhajó,275516000,4.8,81.0,12.0
2026-06-24,Nagy-Balti-öv,dél,Teherhajó,304196000,3.2,88.0,12.0
2026-06-24,Nagy-Balti-öv,észak,Teherhajó,305522000,2.6,90.0,13.0
2026-06-24,Nagy-Balti-öv,dél,Teherhajó,314083000,9.6,180.0,30.0
2026-06-24,Nagy-Balti-öv,dél,Teherhajó,314377000,5.9,90.0,15.0
2026-06-24,Nagy-Balti-öv,észak,Teherhajó,314377000,5.9,90.0,15.0
2026-06-24,Nagy-Balti-öv,észak,Teherhajó,319114200,10.4,180.0,30.0
2026-06-24,Nagy-Balti-öv,észak,Teherhajó,352001586,12.4,200.0,32.0
2026-06-24,Nagy-Balti-öv,dél,Teherhajó,354195000,7.6,181.0,28.0
2026-06-24,Nagy-Balti-öv,észak,Teherhajó,354327000,14.1,225.0,32.0
2026-06-24,Nagy-Balti-öv,dél,Tanker,374987000,8.0,249.0,44.0
2026-06-24,Nagy-Balti-öv,dél,Tanker,461000242,9.3,280.0,50.0
2026-06-24,Nagy-Balti-öv,dél,Tanker,461001004,9.6,300.0,46.0
2026-06-24,Nagy-Balti-öv,dél,Teherhajó,477849400,13.9,292.0,32.0
2026-06-24,Nagy-Balti-öv,dél,Tanker,538005398,10.6,184.0,27.0
2026-06-24,Nagy-Balti-öv,dél,Tanker,538007403,8.8,160.0,26.0
2026-06-24,Nagy-Balti-öv,dél,Teherhajó,538007921,9.8,180.0,28.0
2026-06-24,Nagy-Balti-öv,észak,Teherhajó,538011366,9.4,170.0,27.0
2026-06-24,Nagy-Balti-öv,észak,Teherhajó,538012155,11.7,200.0,32.0
2026-06-24,Nagy-Balti-öv,dél,Teherhajó,563288800,10.5,208.0,30.0
2026-06-24,Nagy-Balti-öv,észak,Teherhajó,566029000,8.2,162.0,26.0
2026-06-24,Nagy-Balti-öv,észak,Teherhajó,636015094,10.1,180.0,30.0
2026-06-24,Nagy-Balti-öv,észak,Teherhajó,636019625,13.4,200.0,32.0
2026-06-24,Nagy-Balti-öv,dél,Tanker,636020805,15.0,250.0,44.0
2026-06-24,Nagy-Balti-öv,észak,Tanker,636020839,14.9,249.0,44.0
2026-06-24,Nagy-Balti-öv,észak,Tanker,636025354,10.9,180.0,32.0
2026-06-24,Nagy-Balti-öv,észak,Tanker,636026408,14.5,256.0,43.0
2026-06-24,Nagy-Balti-öv,észak,Teherhajó,636091995,10.3,208.0,30.0
2026-06-24,Nagy-Balti-öv,dél,Tanker,667001407,8.0,243.0,42.0
2026-06-24,Nagy-Balti-öv,dél,Tanker,667002004,8.2,239.0,42.0
2026-06-24,Øresund,észak,Teherhajó,209332000,4.2,90.0,12.0
2026-06-24,Øresund,észak,Teherhajó,210090000,5.8,89.0,13.0
2026-06-24,Øresund,észak,Teherhajó,211265530,4.8,100.0,19.0
2026-06-24,Øresund,dél,Teherhajó,212810000,7.6,120.0,16.0
2026-06-24,Øresund,dél,Teherhajó,212882000,5.4,100.0,20.0
2026-06-24,Øresund,dél,Teherhajó,219000245,2.6,55.0,9.0
2026-06-24,Øresund,észak,Tanker,219008000,7.2,147.0,22.0
2026-06-24,Øresund,észak,Teherhajó,219016585,,20.0,6.0
2026-06-24,Øresund,dél,Teherhajó,230350000,6.8,120.0,18.0
2026-06-24,Øresund,észak,Teherhajó,231815000,6.1,105.0,14.0
2026-06-24,Øresund,dél,Teherhajó,231836000,9.3,179.0,31.0
2026-06-24,Øresund,észak,Teherhajó,235507000,6.0,193.0,26.0
2026-06-24,Øresund,észak,Tanker,244784000,5.2,100.0,16.0
2026-06-24,Øresund,észak,Teherhajó,244790608,5.8,111.0,17.0
2026-06-24,Øresund,észak,Teherhajó,244995000,3.6,90.0,13.0
2026-06-24,Øresund,dél,Teherhajó,245190000,5.7,89.0,14.0
2026-06-24,Øresund,dél,Tanker,248886000,4.5,88.0,14.0
2026-06-24,Øresund,dél,Teherhajó,255805887,5.2,89.0,16.0
2026-06-24,Øresund,észak,Tanker,255915690,6.5,116.0,18.0
2026-06-24,Øresund,észak,Tanker,256831000,5.3,108.0,17.0
2026-06-24,Øresund,dél,Teherhajó,257031080,6.5,89.0,14.0
2026-06-24,Øresund,dél,Teherhajó,257076220,3.6,89.0,13.0
2026-06-24,Øresund,észak,Teherhajó,257737000,6.0,86.0,16.0
2026-06-24,Øresund,észak,Tanker,258715000,4.0,89.0,13.0
2026-06-24,Øresund,dél,Tanker,265013000,7.2,150.0,23.0
2026-06-24,Øresund,dél,Tanker,265072000,7.9,130.0,22.0
2026-06-24,Øresund,észak,Tanker,266466000,5.7,129.0,20.0
2026-06-24,Øresund,észak,Teherhajó,304028000,2.7,82.0,12.0
2026-06-24,Øresund,észak,Tanker,304070000,6.0,145.0,23.0
2026-06-24,Øresund,észak,Teherhajó,304482000,4.9,85.0,13.0
2026-06-24,Øresund,dél,Teherhajó,304559000,3.3,74.0,11.0
2026-06-24,Øresund,dél,Teherhajó,305167000,4.7,107.0,14.0
2026-06-24,Øresund,észak,Teherhajó,305412000,7.3,129.0,20.0
2026-06-24,Øresund,észak,Tanker,316040257,5.6,137.0,20.0
2026-06-24,Øresund,dél,Teherhajó,538002853,6.9,225.0,32.0
2026-06-24,Øresund,észak,Tanker,538008452,7.2,183.0,32.0
2026-06-24,Øresund,dél,Teherhajó,636018217,7.6,229.0,32.0
2026-06-24,Øresund,dél,Teherhajó,636023497,6.2,190.0,32.0
2026-06-24,Øresund,észak,Teherhajó,636023944,7.9,172.0,28.0
2026-06-24,Øresund,dél,Teherhajó,636024841,7.2,200.0,32.0
2026-06-24,Øresund,dél,Teherhajó,636093239,7.3,179.0,32.0
2026-06-24,Øresund,dél,Tanker,667001300,6.8,189.0,32.0
2026-06-25,Nagy-Balti-öv,dél,Teherhajó,209325000,3.2,88.0,13.0
2026-06-25,Nagy-Balti-öv,észak,Teherhajó,209325000,3.2,88.0,13.0
2026-06-25,Nagy-Balti-öv,észak,Teherhajó,210028000,8.8,170.0,27.0
2026-06-25,Nagy-Balti-öv,észak,Teherhajó,219001284,2.6,31.0,7.0
2026-06-25,Nagy-Balti-öv,dél,Teherhajó,219001284,2.6,31.0,7.0
2026-06-25,Nagy-Balti-öv,dél,Tanker,219029722,8.8,147.0,22.0
2026-06-25,Nagy-Balti-öv,dél,Tanker,219061000,10.6,286.0,43.0
2026-06-25,Nagy-Balti-öv,észak,Teherhajó,228386700,12.1,400.0,62.0
2026-06-25,Nagy-Balti-öv,dél,Teherhajó,229587000,14.3,229.0,32.0
2026-06-25,Nagy-Balti-öv,észak,Tanker,241614000,14.1,250.0,44.0
2026-06-25,Nagy-Balti-öv,észak,Teherhajó,244347000,4.3,101.0,15.0
2026-06-25,Nagy-Balti-öv,dél,Teherhajó,244347000,4.3,101.0,15.0
2026-06-25,Nagy-Balti-öv,dél,Teherhajó,244995000,3.6,90.0,13.0
2026-06-25,Nagy-Balti-öv,észak,Teherhajó,246887000,8.1,173.0,22.0
2026-06-25,Nagy-Balti-öv,észak,Teherhajó,249302000,14.4,229.0,32.0
2026-06-25,Nagy-Balti-öv,észak,Teherhajó,250005913,7.9,120.0,15.0
2026-06-25,Nagy-Balti-öv,dél,Teherhajó,255805993,5.3,88.0,12.0
2026-06-25,Nagy-Balti-öv,dél,Teherhajó,255806435,11.0,177.0,27.0
2026-06-25,Nagy-Balti-öv,dél,Teherhajó,255917283,7.6,170.0,25.0
2026-06-25,Nagy-Balti-öv,észak,Teherhajó,256688000,10.4,190.0,32.0
2026-06-25,Nagy-Balti-öv,dél,Teherhajó,257988000,7.1,119.0,17.0
2026-06-25,Nagy-Balti-öv,észak,Teherhajó,258809000,4.3,90.0,14.0
2026-06-25,Nagy-Balti-öv,dél,Tanker,266436000,5.9,100.0,18.0
2026-06-25,Nagy-Balti-öv,észak,Teherhajó,268251601,2.4,79.0,10.0
2026-06-25,Nagy-Balti-öv,észak,Teherhajó,304274000,4.3,80.0,12.0
2026-06-25,Nagy-Balti-öv,dél,Teherhajó,304819000,10.3,190.0,29.0
2026-06-25,Nagy-Balti-öv,észak,Teherhajó,305245000,6.9,138.0,21.0
2026-06-25,Nagy-Balti-öv,dél,Teherhajó,305466000,3.0,90.0,15.0
2026-06-25,Nagy-Balti-öv,észak,Teherhajó,311001003,8.5,156.0,23.0
2026-06-25,Nagy-Balti-öv,dél,Teherhajó,316013340,8.5,188.0,27.0
2026-06-25,Nagy-Balti-öv,észak,Teherhajó,338145000,8.6,200.0,32.0
2026-06-25,Nagy-Balti-öv,dél,Teherhajó,354537000,10.2,237.0,32.0
2026-06-25,Nagy-Balti-öv,dél,Teherhajó,372078000,10.1,190.0,31.0
2026-06-25,Nagy-Balti-öv,észak,Teherhajó,477019400,10.8,190.0,29.0
2026-06-25,Nagy-Balti-öv,észak,Teherhajó,538004843,13.0,196.0,32.0
2026-06-25,Nagy-Balti-öv,dél,Tanker,538005390,8.6,256.0,43.0
2026-06-25,Nagy-Balti-öv,észak,Tanker,538006514,14.7,244.0,42.0
2026-06-25,Nagy-Balti-öv,észak,Teherhajó,538007150,11.9,190.0,32.0
2026-06-25,Nagy-Balti-öv,észak,Tanker,538008065,10.7,186.0,33.0
2026-06-25,Nagy-Balti-öv,észak,Tanker,538008858,13.0,227.0,32.0
2026-06-25,Nagy-Balti-öv,észak,Teherhajó,538011040,10.6,180.0,30.0
2026-06-25,Nagy-Balti-öv,dél,Tanker,563160500,7.3,115.0,19.0
2026-06-25,Nagy-Balti-öv,észak,Tanker,563262400,9.2,249.0,44.0
2026-06-25,Nagy-Balti-öv,dél,Tanker,631010074,9.1,244.0,42.0
2026-06-25,Nagy-Balti-öv,észak,Teherhajó,636016431,10.1,281.0,32.0
2026-06-25,Nagy-Balti-öv,észak,Teherhajó,636019973,12.8,229.0,32.0
2026-06-25,Nagy-Balti-öv,észak,Teherhajó,636020270,12.6,225.0,32.0
2026-06-25,Nagy-Balti-öv,dél,Teherhajó,636020315,7.2,180.0,30.0
2026-06-25,Nagy-Balti-öv,észak,Teherhajó,636093159,11.0,222.0,30.0
2026-06-25,Nagy-Balti-öv,dél,Tanker,667002310,8.2,189.0,32.0
2026-06-25,Øresund,dél,Teherhajó,209536000,6.2,90.0,13.0
2026-06-25,Øresund,észak,Tanker,209672000,4.4,93.0,15.0
2026-06-25,Øresund,észak,Teherhajó,209977000,5.9,90.0,16.0
2026-06-25,Øresund,észak,Teherhajó,210607000,6.2,98.0,16.0
2026-06-25,Øresund,észak,Teherhajó,212810000,5.0,120.0,16.0
2026-06-25,Øresund,észak,Teherhajó,212882000,5.3,100.0,20.0
2026-06-25,Øresund,észak,Tanker,215253000,5.5,106.0,17.0
2026-06-25,Øresund,dél,Teherhajó,215881000,7.0,224.0,32.0
2026-06-25,Øresund,észak,Tanker,219015298,6.2,129.0,20.0
2026-06-25,Øresund,észak,Tanker,219452000,8.0,183.0,32.0
2026-06-25,Øresund,észak,Teherhajó,230039000,6.0,90.0,14.0
2026-06-25,Øresund,dél,Teherhajó,231025000,4.5,90.0,14.0
2026-06-25,Øresund,észak,Teherhajó,231836000,9.3,179.0,31.0
2026-06-25,Øresund,dél,Teherhajó,232025009,4.2,90.0,15.0
2026-06-25,Øresund,észak,Teherhajó,236746000,8.1,180.0,30.0
2026-06-25,Øresund,észak,Teherhajó,244106000,7.2,107.0,18.0
2026-06-25,Øresund,dél,Tanker,244335000,6.9,115.0,16.0
2026-06-25,Øresund,dél,Teherhajó,244772000,5.4,90.0,13.0
2026-06-25,Øresund,dél,Tanker,244944000,6.5,117.0,18.0
2026-06-25,Øresund,észak,Teherhajó,245257000,4.2,86.0,11.0
2026-06-25,Øresund,dél,Teherhajó,245281000,3.9,89.0,12.0
2026-06-25,Øresund,dél,Teherhajó,246061000,5.1,90.0,14.0
2026-06-25,Øresund,dél,Teherhajó,246141000,4.5,100.0,17.0
2026-06-25,Øresund,dél,Teherhajó,246218000,3.5,82.0,13.0
2026-06-25,Øresund,észak,Tanker,249473000,7.0,183.0,32.0
2026-06-25,Øresund,észak,Tanker,256656000,4.8,95.0,15.0
2026-06-25,Øresund,dél,Teherhajó,257207000,4.0,90.0,14.0
2026-06-25,Øresund,észak,Teherhajó,257207000,4.0,90.0,14.0
2026-06-25,Øresund,észak,Teherhajó,257588000,5.3,122.0,20.0
2026-06-25,Øresund,dél,Teherhajó,257836000,5.8,88.0,13.0
2026-06-25,Øresund,észak,Tanker,265071000,6.7,130.0,22.0
2026-06-25,Øresund,dél,Tanker,266465000,7.3,120.0,20.0
2026-06-25,Øresund,dél,Teherhajó,268246900,3.1,88.0,12.0
2026-06-25,Øresund,dél,Teherhajó,273297850,5.2,127.0,20.0
2026-06-25,Øresund,észak,Teherhajó,273362290,4.1,99.0,14.0
2026-06-25,Øresund,észak,Teherhajó,304145000,5.6,90.0,14.0
2026-06-25,Øresund,észak,Teherhajó,304323000,5.9,88.0,13.0
2026-06-25,Øresund,észak,Teherhajó,305411000,6.4,130.0,20.0
2026-06-25,Øresund,észak,Teherhajó,305779000,6.4,115.0,15.0
2026-06-25,Øresund,dél,Teherhajó,305810000,3.0,88.0,13.0
2026-06-25,Øresund,dél,Teherhajó,305912000,5.5,90.0,14.0
2026-06-25,Øresund,dél,Teherhajó,305937000,3.2,88.0,12.0
2026-06-25,Øresund,észak,Teherhajó,311001021,5.6,145.0,22.0
2026-06-25,Øresund,dél,Teherhajó,311001625,6.6,199.0,30.0
2026-06-25,Øresund,dél,Tanker,311001728,7.3,183.0,33.0
2026-06-25,Øresund,észak,Teherhajó,311001899,6.5,90.0,16.0
2026-06-25,Øresund,dél,Teherhajó,351639000,7.8,172.0,28.0
2026-06-25,Øresund,észak,Teherhajó,351639000,7.8,172.0,28.0
2026-06-25,Øresund,dél,Teherhajó,355390000,4.7,100.0,20.0
2026-06-25,Øresund,észak,Teherhajó,636017813,6.8,120.0,17.0
2026-06-25,Øresund,dél,Teherhajó,636022047,8.5,161.0,25.0
2026-06-25,Øresund,dél,Teherhajó,636022653,7.0,218.0,43.0
2026-06-25,Øresund,dél,Teherhajó,636022919,6.0,175.0,29.0
2026-06-25,Øresund,dél,Teherhajó,636093385,7.5,229.0,32.0
2026-06-26,Nagy-Balti-öv,észak,Teherhajó,210359000,7.6,152.0,24.0
2026-06-26,Nagy-Balti-öv,észak,Teherhajó,211141000,7.8,134.0,23.0
2026-06-26,Nagy-Balti-öv,dél,Teherhajó,215626000,6.3,186.0,28.0
2026-06-26,Nagy-Balti-öv,dél,Tanker,219008000,9.0,147.0,22.0
2026-06-26,Nagy-Balti-öv,dél,Teherhajó,219136000,9.2,200.0,36.0
2026-06-26,Nagy-Balti-öv,észak,Teherhajó,229203000,10.6,186.0,28.0
2026-06-26,Nagy-Balti-öv,észak,Tanker,229715000,13.5,251.0,45.0
2026-06-26,Nagy-Balti-öv,észak,Teherhajó,230618000,6.3,218.0,27.0
2026-06-26,Nagy-Balti-öv,dél,Tanker,230687000,14.6,250.0,44.0
2026-06-26,Nagy-Balti-öv,dél,Tanker,230706000,7.7,150.0,23.0
2026-06-26,Nagy-Balti-öv,dél,Teherhajó,235090537,10.5,153.0,24.0
2026-06-26,Nagy-Balti-öv,észak,Teherhajó,235114799,9.9,180.0,30.0
2026-06-26,Nagy-Balti-öv,észak,Tanker,241570000,13.1,250.0,44.0
2026-06-26,Nagy-Balti-öv,észak,Teherhajó,244014000,6.5,138.0,21.0
2026-06-26,Nagy-Balti-öv,észak,Teherhajó,244584000,9.2,173.0,25.0
2026-06-26,Nagy-Balti-öv,észak,Teherhajó,244830814,5.6,173.0,42.0
2026-06-26,Nagy-Balti-öv,észak,Teherhajó,245017000,4.6,89.0,14.0
2026-06-26,Nagy-Balti-öv,észak,Teherhajó,249990000,9.9,180.0,30.0
2026-06-26,Nagy-Balti-öv,észak,Teherhajó,255805980,5.1,88.0,12.0
2026-06-26,Nagy-Balti-öv,dél,Teherhajó,255915809,10.0,200.0,24.0
2026-06-26,Nagy-Balti-öv,észak,Tanker,255916283,6.5,115.0,19.0
2026-06-26,Nagy-Balti-öv,észak,Teherhajó,255962000,7.5,133.0,23.0
2026-06-26,Nagy-Balti-öv,dél,Tanker,256770000,8.5,162.0,23.0
2026-06-26,Nagy-Balti-öv,észak,Teherhajó,257708000,5.4,89.0,13.0
2026-06-26,Nagy-Balti-öv,észak,Tanker,266266000,5.5,130.0,20.0
2026-06-26,Nagy-Balti-öv,észak,Tanker,273272850,14.1,249.0,44.0
2026-06-26,Nagy-Balti-öv,észak,Teherhajó,304819000,6.8,190.0,29.0
2026-06-26,Nagy-Balti-öv,dél,Teherhajó,305425000,10.5,176.0,26.0
2026-06-26,Nagy-Balti-öv,dél,Teherhajó,305540000,9.8,172.0,29.0
2026-06-26,Nagy-Balti-öv,dél,Teherhajó,305677000,8.2,107.0,18.0
2026-06-26,Nagy-Balti-öv,észak,Teherhajó,305762000,3.6,104.0,15.0
2026-06-26,Nagy-Balti-öv,dél,Teherhajó,352005147,8.8,183.0,31.0
2026-06-26,Nagy-Balti-öv,észak,Teherhajó,352005552,14.3,230.0,38.0
2026-06-26,Nagy-Balti-öv,észak,Teherhajó,370417000,5.6,101.0,16.0
2026-06-26,Nagy-Balti-öv,észak,Teherhajó,373233000,11.7,366.0,51.0
2026-06-26,Nagy-Balti-öv,észak,Tanker,461000239,14.4,280.0,50.0
2026-06-26,Nagy-Balti-öv,észak,Teherhajó,538002179,9.7,177.0,29.0
2026-06-26,Nagy-Balti-öv,dél,Tanker,538005512,13.8,256.0,43.0
2026-06-26,Nagy-Balti-öv,észak,Teherhajó,538005791,13.0,190.0,32.0
2026-06-26,Nagy-Balti-öv,észak,Teherhajó,538006817,12.4,189.0,32.0
2026-06-26,Nagy-Balti-öv,észak,Tanker,538007133,9.0,251.0,44.0
2026-06-26,Nagy-Balti-öv,dél,Teherhajó,538010031,9.0,161.0,25.0
2026-06-26,Nagy-Balti-öv,észak,Tanker,538011785,8.9,129.0,22.0
2026-06-26,Nagy-Balti-öv,dél,Tanker,538012387,9.0,274.0,48.0
2026-06-26,Nagy-Balti-öv,dél,Tanker,563260600,10.5,250.0,44.0
2026-06-26,Nagy-Balti-öv,észak,Tanker,613004310,15.0,250.0,44.0
2026-06-26,Nagy-Balti-öv,dél,Tanker,631010091,8.0,244.0,42.0
2026-06-26,Nagy-Balti-öv,dél,Tanker,636023096,9.6,185.0,28.0
2026-06-26,Nagy-Balti-öv,észak,Tanker,636023387,11.8,183.0,32.0
2026-06-26,Nagy-Balti-öv,észak,Teherhajó,636026291,10.8,180.0,32.0
2026-06-26,Nagy-Balti-öv,észak,Tanker,667001255,14.5,228.0,42.0
2026-06-26,Øresund,észak,Teherhajó,209336000,3.2,88.0,11.0
2026-06-26,Øresund,észak,Teherhajó,209525000,3.8,90.0,13.0
2026-06-26,Øresund,észak,Teherhajó,209903000,4.7,113.0,15.0
2026-06-26,Øresund,dél,Teherhajó,212882000,4.8,100.0,20.0
2026-06-26,Øresund,észak,Tanker,215211000,6.4,104.0,17.0
2026-06-26,Øresund,dél,Teherhajó,230042000,5.0,134.0,20.0
2026-06-26,Øresund,észak,Teherhajó,230352000,7.3,120.0,18.0
2026-06-26,Øresund,dél,Teherhajó,230618000,6.3,218.0,27.0
2026-06-26,Øresund,észak,Teherhajó,230696000,6.6,122.0,21.0
2026-06-26,Øresund,észak,Teherhajó,231025000,6.0,90.0,14.0
2026-06-26,Øresund,dél,Teherhajó,231920000,4.0,89.0,13.0
2026-06-26,Øresund,dél,Teherhajó,236306000,3.9,90.0,14.0
2026-06-26,Øresund,dél,Tanker,244784000,6.5,100.0,16.0
2026-06-26,Øresund,észak,Tanker,244790523,6.7,100.0,17.0
2026-06-26,Øresund,észak,Teherhajó,244850900,7.1,135.0,17.0
2026-06-26,Øresund,dél,Teherhajó,245230000,4.9,150.0,15.0
2026-06-26,Øresund,dél,Teherhajó,245257000,2.7,86.0,11.0
2026-06-26,Øresund,dél,Teherhajó,245267000,6.4,115.0,17.0
2026-06-26,Øresund,észak,Teherhajó,246218000,5.2,82.0,13.0
2026-06-26,Øresund,dél,Teherhajó,246521000,7.1,205.0,26.0
2026-06-26,Øresund,észak,Teherhajó,246807000,4.3,87.0,11.0
2026-06-26,Øresund,észak,Tanker,248897000,6.0,144.0,23.0
2026-06-26,Øresund,dél,Teherhajó,250002033,6.3,90.0,15.0
2026-06-26,Øresund,dél,Tanker,253000150,5.8,119.0,20.0
2026-06-26,Øresund,észak,Teherhajó,255802570,3.2,89.0,13.0
2026-06-26,Øresund,dél,Teherhajó,255804490,5.3,89.0,12.0
2026-06-26,Øresund,észak,Teherhajó,255805887,4.7,89.0,16.0
2026-06-26,Øresund,dél,Teherhajó,255806352,7.9,141.0,22.0
2026-06-26,Øresund,észak,Teherhajó,255806352,7.9,141.0,22.0
2026-06-26,Øresund,észak,Teherhajó,255915748,5.6,89.0,12.0
2026-06-26,Øresund,észak,Tanker,255915983,6.5,144.0,24.0
2026-06-26,Øresund,dél,Teherhajó,255916067,4.0,100.0,14.0
2026-06-26,Øresund,dél,Teherhajó,255916550,5.0,89.0,16.0
2026-06-26,Øresund,észak,Teherhajó,257031080,4.4,89.0,14.0
2026-06-26,Øresund,dél,Teherhajó,257114000,5.5,95.0,14.0
2026-06-26,Øresund,dél,Teherhajó,257141000,5.4,88.0,13.0
2026-06-26,Øresund,észak,Teherhajó,257141000,5.4,88.0,13.0
2026-06-26,Øresund,észak,Tanker,257643000,7.4,104.0,16.0
2026-06-26,Øresund,észak,Teherhajó,259020000,4.9,124.0,17.0
2026-06-26,Øresund,észak,Tanker,265072000,5.7,130.0,22.0
2026-06-26,Øresund,dél,Tanker,266212000,4.8,80.0,14.0
2026-06-26,Øresund,dél,Tanker,266468000,5.6,119.0,17.0
2026-06-26,Øresund,észak,Tanker,266472000,4.9,88.0,13.0
2026-06-26,Øresund,dél,Tanker,273276930,6.7,183.0,32.0
2026-06-26,Øresund,észak,Teherhajó,273354740,6.2,134.0,20.0
2026-06-26,Øresund,észak,Teherhajó,275514000,3.7,83.0,12.0
2026-06-26,Øresund,észak,Teherhajó,304958000,5.7,106.0,15.0
2026-06-26,Øresund,dél,Teherhajó,305001300,4.3,82.0,12.0
2026-06-26,Øresund,dél,Teherhajó,305036000,5.0,132.0,16.0
2026-06-26,Øresund,dél,Teherhajó,305773000,6.2,140.0,22.0
2026-06-26,Øresund,észak,Teherhajó,305966000,4.4,83.0,11.0
2026-06-26,Øresund,dél,Teherhajó,309701000,5.1,88.0,14.0
2026-06-26,Øresund,dél,Teherhajó,352001588,6.9,189.0,32.0
2026-06-26,Øresund,dél,Teherhajó,352003644,6.3,186.0,30.0
2026-06-26,Øresund,dél,Tanker,538004215,7.2,228.0,32.0
2026-06-26,Øresund,dél,Teherhajó,538010283,6.7,180.0,28.0
2026-06-26,Øresund,dél,Teherhajó,636015335,6.0,147.0,23.0
2026-06-26,Øresund,észak,Teherhajó,636022047,8.4,161.0,25.0
2026-06-27,Nagy-Balti-öv,dél,Tanker,205691000,6.6,182.0,30.0
2026-06-27,Nagy-Balti-öv,dél,Teherhajó,209731000,4.0,88.0,12.0
2026-06-27,Nagy-Balti-öv,észak,Teherhajó,209823000,5.5,92.0,15.0
2026-06-27,Nagy-Balti-öv,dél,Teherhajó,210028000,8.7,170.0,27.0
2026-06-27,Nagy-Balti-öv,észak,Teherhajó,210195000,9.0,170.0,27.0
2026-06-27,Nagy-Balti-öv,dél,Teherhajó,210359000,7.8,152.0,24.0
2026-06-27,Nagy-Balti-öv,dél,Teherhajó,212810000,6.4,120.0,16.0
2026-06-27,Nagy-Balti-öv,dél,Teherhajó,215114000,8.6,134.0,16.0
2026-06-27,Nagy-Balti-öv,dél,Tanker,219814000,9.1,147.0,22.0
2026-06-27,Nagy-Balti-öv,észak,Teherhajó,229013000,10.5,186.0,24.0
2026-06-27,Nagy-Balti-öv,dél,Teherhajó,230916000,8.4,137.0,22.0
2026-06-27,Nagy-Balti-öv,dél,Tanker,240565000,13.0,249.0,44.0
2026-06-27,Nagy-Balti-öv,dél,Tanker,241747000,11.5,295.0,46.0
2026-06-27,Nagy-Balti-öv,dél,Teherhajó,244850612,7.7,132.0,15.0
2026-06-27,Nagy-Balti-öv,dél,Teherhajó,246660000,7.3,157.0,26.0
2026-06-27,Nagy-Balti-öv,dél,Teherhajó,246846000,8.6,145.0,16.0
2026-06-27,Nagy-Balti-öv,dél,Teherhajó,255769000,6.8,107.0,15.0
2026-06-27,Nagy-Balti-öv,észak,Teherhajó,255806081,10.9,179.0,27.0
2026-06-27,Nagy-Balti-öv,dél,Teherhajó,257127140,10.0,143.0,22.0
2026-06-27,Nagy-Balti-öv,észak,Teherhajó,257186000,6.6,87.0,15.0
2026-06-27,Nagy-Balti-öv,észak,Tanker,257206000,4.7,82.0,12.0
2026-06-27,Nagy-Balti-öv,dél,Tanker,257364000,5.2,92.0,14.0
2026-06-27,Nagy-Balti-öv,dél,Teherhajó,257556000,12.7,189.0,32.0
2026-06-27,Nagy-Balti-öv,dél,Teherhajó,257708000,3.5,89.0,13.0
2026-06-27,Nagy-Balti-öv,észak,Teherhajó,257988000,4.6,119.0,17.0
2026-06-27,Nagy-Balti-öv,észak,Tanker,265610040,3.8,80.0,14.0
2026-06-27,Nagy-Balti-öv,dél,Tanker,266464000,6.0,120.0,19.0
2026-06-27,Nagy-Balti-öv,észak,Teherhajó,304217000,4.6,107.0,16.0
2026-06-27,Nagy-Balti-öv,észak,Teherhajó,305055000,6.9,139.0,22.0
2026-06-27,Nagy-Balti-öv,dél,Tanker,311000765,14.8,228.0,42.0
2026-06-27,Nagy-Balti-öv,észak,Tanker,311001106,8.5,237.0,44.0
2026-06-27,Nagy-Balti-öv,észak,Tanker,314204000,14.7,245.0,42.0
2026-06-27,Nagy-Balti-öv,észak,Teherhajó,314881000,8.9,116.0,20.0
2026-06-27,Nagy-Balti-öv,dél,Tanker,352003060,8.5,240.0,44.0
2026-06-27,Nagy-Balti-öv,észak,Teherhajó,352005681,8.5,180.0,28.0
2026-06-27,Nagy-Balti-öv,észak,Teherhajó,477813500,10.3,179.0,28.0
2026-06-27,Nagy-Balti-öv,észak,Teherhajó,538007176,9.6,190.0,32.0
2026-06-27,Nagy-Balti-öv,észak,Teherhajó,538007948,10.2,171.0,27.0
2026-06-27,Nagy-Balti-öv,dél,Teherhajó,538008298,7.4,225.0,48.0
2026-06-27,Nagy-Balti-öv,dél,Tanker,538009197,14.7,250.0,44.0
2026-06-27,Nagy-Balti-öv,észak,Teherhajó,538009654,10.2,177.0,27.0
2026-06-27,Nagy-Balti-öv,észak,Teherhajó,538011304,10.9,178.0,29.0
2026-06-27,Nagy-Balti-öv,észak,Teherhajó,563076300,12.6,292.0,32.0
2026-06-27,Nagy-Balti-öv,észak,Teherhajó,563225200,14.6,225.0,32.0
2026-06-27,Nagy-Balti-öv,észak,Tanker,613881404,15.0,245.0,42.0
2026-06-27,Nagy-Balti-öv,dél,Teherhajó,636017582,8.7,202.0,33.0
2026-06-27,Nagy-Balti-öv,észak,Teherhajó,636022414,14.1,229.0,38.0
2026-06-27,Nagy-Balti-öv,észak,Teherhajó,636024212,6.4,150.0,23.0
2026-06-27,Nagy-Balti-öv,észak,Teherhajó,636025787,10.2,180.0,30.0
2026-06-27,Nagy-Balti-öv,észak,Teherhajó,636092666,12.9,200.0,32.0
2026-06-27,Øresund,észak,Tanker,209275000,4.9,117.0,20.0
2026-06-27,Øresund,dél,Teherhajó,209325000,3.1,88.0,13.0
2026-06-27,Øresund,dél,Teherhajó,209535000,6.2,90.0,13.0
2026-06-27,Øresund,észak,Teherhajó,209536000,3.8,90.0,13.0
2026-06-27,Øresund,észak,Teherhajó,209608000,5.7,90.0,14.0
2026-06-27,Øresund,dél,Teherhajó,211141000,7.8,134.0,23.0
2026-06-27,Øresund,dél,Teherhajó,230351000,7.0,120.0,18.0
2026-06-27,Øresund,észak,Teherhajó,230359000,4.0,44.0,12.0
2026-06-27,Øresund,dél,Teherhajó,230666000,4.7,90.0,14.0
2026-06-27,Øresund,észak,Teherhajó,230700000,7.4,238.0,35.0
2026-06-27,Øresund,észak,Teherhajó,231915000,5.0,90.0,13.0
2026-06-27,Øresund,dél,Teherhajó,244020808,5.3,98.0,13.0
2026-06-27,Øresund,észak,Tanker,244090224,6.6,108.0,17.0
2026-06-27,Øresund,észak,Teherhajó,244110824,5.7,98.0,13.0
2026-06-27,Øresund,észak,Teherhajó,244140000,6.0,114.0,15.0
2026-06-27,Øresund,dél,Tanker,244994000,5.1,108.0,17.0
2026-06-27,Øresund,észak,Teherhajó,245097000,7.4,205.0,26.0
2026-06-27,Øresund,dél,Teherhajó,245766000,3.0,88.0,13.0
2026-06-27,Øresund,észak,Tanker,246301000,4.7,91.0,15.0
2026-06-27,Øresund,észak,Teherhajó,246394000,5.5,88.0,14.0
2026-06-27,Øresund,dél,Tanker,246541000,6.8,116.0,15.0
2026-06-27,Øresund,dél,Teherhajó,250013718,4.0,105.0,15.0
2026-06-27,Øresund,észak,Teherhajó,255805577,6.5,140.0,23.0
2026-06-27,Øresund,dél,Teherhajó,255805842,7.1,141.0,22.0
2026-06-27,Øresund,dél,Tanker,255806192,7.5,126.0,19.0
2026-06-27,Øresund,észak,Teherhajó,255915581,3.3,89.0,12.0
2026-06-27,Øresund,észak,Teherhajó,255915955,4.1,88.0,13.0
2026-06-27,Øresund,dél,Tanker,256717000,6.2,90.0,15.0
2026-06-27,Øresund,észak,Tanker,256717000,6.2,90.0,15.0
2026-06-27,Øresund,észak,Teherhajó,257755000,5.9,90.0,14.0
2026-06-27,Øresund,dél,Teherhajó,258006930,5.0,101.0,17.0
2026-06-27,Øresund,dél,Teherhajó,259168000,6.7,199.0,32.0
2026-06-27,Øresund,észak,Tanker,259319000,7.4,123.0,20.0
2026-06-27,Øresund,dél,Teherhajó,261159000,4.0,91.0,13.0
2026-06-27,Øresund,észak,Tanker,265062000,6.2,149.0,23.0
2026-06-27,Øresund,észak,Tanker,266212000,4.4,80.0,14.0
2026-06-27,Øresund,észak,Teherhajó,304010515,6.1,97.0,16.0
2026-06-27,Øresund,dél,Teherhajó,304028000,2.8,82.0,12.0
2026-06-27,Øresund,dél,Tanker,304050982,5.0,108.0,18.0
2026-06-27,Øresund,dél,Tanker,314001078,7.4,185.0,32.0
2026-06-27,Øresund,dél,Teherhajó,352001928,4.6,74.0,11.0
2026-06-27,Øresund,dél,Tanker,352005852,7.4,247.0,42.0
2026-06-27,Øresund,észak,Teherhajó,353328000,7.0,229.0,32.0
2026-06-27,Øresund,dél,Teherhajó,366750000,5.4,107.0,18.0
2026-06-27,Øresund,dél,Teherhajó,370550000,7.3,229.0,32.0
2026-06-27,Øresund,dél,Teherhajó,371950000,3.4,89.0,13.0
2026-06-27,Øresund,dél,Teherhajó,477165600,6.3,197.0,32.0
2026-06-27,Øresund,észak,Tanker,538005398,6.7,184.0,27.0
2026-06-28,Nagy-Balti-öv,észak,Tanker,205685000,7.1,180.0,30.0
2026-06-28,Nagy-Balti-öv,dél,Teherhajó,209536000,6.0,90.0,13.0
2026-06-28,Nagy-Balti-öv,dél,Teherhajó,210704000,4.3,90.0,13.0
2026-06-28,Nagy-Balti-öv,dél,Teherhajó,211341960,4.6,149.0,28.0
2026-06-28,Nagy-Balti-öv,dél,Tanker,215534000,11.7,299.0,46.0
2026-06-28,Nagy-Balti-öv,észak,Tanker,219061000,10.0,286.0,43.0
2026-06-28,Nagy-Balti-öv,észak,Tanker,219554000,7.8,130.0,20.0
2026-06-28,Nagy-Balti-öv,észak,Teherhajó,230916000,6.2,137.0,22.0
2026-06-28,Nagy-Balti-öv,dél,Tanker,235108527,15.0,250.0,44.0
2026-06-28,Nagy-Balti-öv,dél,Teherhajó,236108000,3.9,83.0,13.0
2026-06-28,Nagy-Balti-öv,észak,Teherhajó,244854000,5.9,90.0,14.0
2026-06-28,Nagy-Balti-öv,dél,Teherhajó,245261000,8.0,172.0,25.0
2026-06-28,Nagy-Balti-öv,dél,Teherhajó,255613000,8.2,180.0,30.0
2026-06-28,Nagy-Balti-öv,észak,Teherhajó,255769000,4.2,107.0,15.0
2026-06-28,Nagy-Balti-öv,dél,Teherhajó,255806433,4.4,130.0,25.0
2026-06-28,Nagy-Balti-öv,dél,Teherhajó,255916279,9.2,200.0,24.0
2026-06-28,Nagy-Balti-öv,észak,Tanker,256647000,9.8,290.0,46.0
2026-06-28,Nagy-Balti-öv,észak,Teherhajó,257114000,4.0,95.0,14.0
2026-06-28,Nagy-Balti-öv,dél,Teherhajó,265022000,7.2,242.0,36.0
2026-06-28,Nagy-Balti-öv,dél,Teherhajó,305426000,10.9,176.0,26.0
2026-06-28,Nagy-Balti-öv,dél,Teherhajó,305522000,4.6,90.0,13.0
2026-06-28,Nagy-Balti-öv,észak,Teherhajó,305543000,7.5,147.0,23.0
2026-06-28,Nagy-Balti-öv,észak,Teherhajó,305730000,7.6,129.0,17.0
2026-06-28,Nagy-Balti-öv,észak,Tanker,314001139,14.8,269.0,46.0
2026-06-28,Nagy-Balti-öv,dél,Teherhajó,314377000,4.5,90.0,15.0
2026-06-28,Nagy-Balti-öv,dél,Tanker,351354000,9.5,277.0,48.0
2026-06-28,Nagy-Balti-öv,észak,Teherhajó,352005335,10.4,183.0,31.0
2026-06-28,Nagy-Balti-öv,észak,Tanker,352005847,15.0,245.0,42.0
2026-06-28,Nagy-Balti-öv,dél,Teherhajó,352006699,8.9,134.0,24.0
2026-06-28,Nagy-Balti-öv,dél,Tanker,403503000,12.0,183.0,32.0
2026-06-28,Nagy-Balti-öv,észak,Teherhajó,412914000,14.8,225.0,32.0
2026-06-28,Nagy-Balti-öv,dél,Teherhajó,477552100,9.0,211.0,30.0
2026-06-28,Nagy-Balti-öv,észak,Teherhajó,477588700,7.3,166.0,27.0
2026-06-28,Nagy-Balti-öv,észak,Teherhajó,538005216,14.2,225.0,32.0
2026-06-28,Nagy-Balti-öv,észak,Tanker,538009380,10.4,180.0,32.0
2026-06-28,Nagy-Balti-öv,észak,Tanker,563271100,11.7,183.0,32.0
2026-06-28,Nagy-Balti-öv,dél,Teherhajó,566882000,11.5,398.0,51.0
2026-06-28,Nagy-Balti-öv,észak,Teherhajó,636015594,10.4,180.0,30.0
2026-06-28,Nagy-Balti-öv,dél,Teherhajó,636017645,10.1,200.0,32.0
2026-06-28,Nagy-Balti-öv,dél,Teherhajó,636018144,6.5,194.0,29.0
2026-06-28,Nagy-Balti-öv,észak,Tanker,636020805,8.8,250.0,44.0
2026-06-28,Nagy-Balti-öv,észak,Tanker,636020815,15.0,274.0,48.0
2026-06-28,Nagy-Balti-öv,észak,Tanker,667002271,14.0,250.0,44.0
2026-06-28,Øresund,dél,Teherhajó,209184000,6.0,186.0,27.0
2026-06-28,Øresund,észak,Teherhajó,209325000,3.5,88.0,13.0
2026-06-28,Øresund,dél,Tanker,209415000,6.6,107.0,18.0
2026-06-28,Øresund,észak,Teherhajó,209535000,4.0,90.0,13.0
2026-06-28,Øresund,dél,Teherhajó,209977000,6.0,90.0,16.0
2026-06-28,Øresund,észak,Teherhajó,211141000,7.9,134.0,23.0
2026-06-28,Øresund,észak,Teherhajó,211870240,7.3,159.0,22.0
2026-06-28,Øresund,észak,Teherhajó,212209000,6.5,95.0,13.0
2026-06-28,Øresund,észak,Teherhajó,212882000,5.3,100.0,20.0
2026-06-28,Øresund,észak,Tanker,220516000,6.4,106.0,16.0
2026-06-28,Øresund,dél,Teherhajó,230039000,3.8,90.0,14.0
2026-06-28,Øresund,dél,Tanker,231918000,6.0,90.0,14.0
2026-06-28,Øresund,dél,Teherhajó,232031869,5.8,90.0,14.0
2026-06-28,Øresund,észak,Tanker,244335000,4.7,115.0,16.0
2026-06-28,Øresund,észak,Teherhajó,245190000,4.3,89.0,14.0
2026-06-28,Øresund,dél,Teherhajó,245897000,7.3,205.0,26.0
2026-06-28,Øresund,észak,Teherhajó,246140000,5.2,83.0,13.0
2026-06-28,Øresund,észak,Teherhajó,246141000,5.2,100.0,17.0
2026-06-28,Øresund,észak,Teherhajó,246554000,7.4,205.0,26.0
2026-06-28,Øresund,dél,Tanker,249223000,6.6,100.0,18.0
2026-06-28,Øresund,dél,Teherhajó,255802540,6.0,116.0,17.0
2026-06-28,Øresund,dél,Tanker,255806341,6.4,144.0,23.0
2026-06-28,Øresund,észak,Teherhajó,255861000,6.3,89.0,15.0
2026-06-28,Øresund,észak,Teherhajó,255915933,3.0,88.0,14.0
2026-06-28,Øresund,dél,Teherhajó,255915935,6.5,180.0,30.0
2026-06-28,Øresund,dél,Teherhajó,257039490,6.6,112.0,13.0
2026-06-28,Øresund,dél,Tanker,257206000,3.7,82.0,12.0
2026-06-28,Øresund,észak,Tanker,257409000,6.5,140.0,22.0
2026-06-28,Øresund,dél,Tanker,265610040,5.2,80.0,14.0
2026-06-28,Øresund,észak,Tanker,266468000,5.1,119.0,17.0
2026-06-28,Øresund,észak,Teherhajó,275545000,4.5,100.0,16.0
2026-06-28,Øresund,dél,Teherhajó,304134000,5.2,115.0,14.0
2026-06-28,Øresund,dél,Teherhajó,305211000,3.7,95.0,14.0
2026-06-28,Øresund,észak,Teherhajó,305375000,7.0,146.0,19.0
2026-06-28,Øresund,dél,Teherhajó,305662000,4.0,90.0,14.0
2026-06-28,Øresund,észak,Teherhajó,305871000,6.7,116.0,16.0
2026-06-28,Øresund,észak,Teherhajó,311001803,5.7,88.0,13.0
2026-06-28,Øresund,észak,Teherhajó,311001808,4.8,82.0,11.0
2026-06-28,Øresund,észak,Teherhajó,314789000,6.9,152.0,23.0
2026-06-28,Øresund,dél,Teherhajó,351639000,7.9,172.0,28.0
2026-06-28,Øresund,észak,Teherhajó,351639000,7.9,172.0,28.0
2026-06-28,Øresund,észak,Teherhajó,372002000,6.3,140.0,22.0
2026-06-28,Øresund,dél,Teherhajó,372885000,7.3,235.0,38.0
2026-06-28,Øresund,dél,Teherhajó,538005067,6.9,229.0,32.0
2026-06-28,Øresund,dél,Teherhajó,538009150,7.1,225.0,33.0
2026-06-28,Øresund,észak,Teherhajó,572728220,5.4,133.0,19.0
2026-06-28,Øresund,dél,Tanker,636011282,6.8,170.0,25.0
2026-06-28,Øresund,dél,Tanker,636016364,9.5,146.0,26.0
2026-06-28,Øresund,dél,Tanker,636016683,5.0,108.0,17.0
2026-06-28,Øresund,dél,Teherhajó,636019576,7.0,235.0,43.0
2026-06-29,Nagy-Balti-öv,dél,Tanker,210855000,5.2,109.0,17.0
2026-06-29,Nagy-Balti-öv,észak,Teherhajó,211100000,3.8,81.0,11.0
2026-06-29,Nagy-Balti-öv,dél,Tanker,219029880,8.4,147.0,22.0
2026-06-29,Nagy-Balti-öv,észak,Teherhajó,219115000,11.5,200.0,36.0
2026-06-29,Nagy-Balti-öv,észak,Teherhajó,230091950,4.8,83.0,13.0
2026-06-29,Nagy-Balti-öv,dél,Teherhajó,230683000,9.8,160.0,26.0
2026-06-29,Nagy-Balti-öv,dél,Tanker,235108534,13.6,250.0,44.0
2026-06-29,Nagy-Balti-öv,dél,Teherhajó,244730944,4.5,120.0,15.0
2026-06-29,Nagy-Balti-öv,dél,Teherhajó,244854000,3.9,90.0,14.0
2026-06-29,Nagy-Balti-öv,észak,Teherhajó,245184000,6.2,119.0,14.0
2026-06-29,Nagy-Balti-öv,észak,Teherhajó,246293000,9.5,184.0,27.0
2026-06-29,Nagy-Balti-öv,dél,Teherhajó,249470000,13.2,200.0,33.0
2026-06-29,Nagy-Balti-öv,észak,Teherhajó,255806267,7.8,141.0,23.0
2026-06-29,Nagy-Balti-öv,dél,Teherhajó,255806513,8.0,168.0,25.0
2026-06-29,Nagy-Balti-öv,dél,Teherhajó,255915581,4.7,89.0,12.0
2026-06-29,Nagy-Balti-öv,dél,Teherhajó,255915848,4.4,89.0,16.0
2026-06-29,Nagy-Balti-öv,észak,Teherhajó,256106000,12.8,199.0,32.0
2026-06-29,Nagy-Balti-öv,észak,Tanker,257364000,6.0,92.0,14.0
2026-06-29,Nagy-Balti-öv,dél,Tanker,257374000,8.9,140.0,22.0
2026-06-29,Nagy-Balti-öv,dél,Tanker,257667000,8.1,144.0,23.0
2026-06-29,Nagy-Balti-öv,dél,Teherhajó,258809000,6.3,90.0,14.0
2026-06-29,Nagy-Balti-öv,dél,Teherhajó,259143000,6.4,119.0,16.0
2026-06-29,Nagy-Balti-öv,észak,Teherhajó,265039000,7.2,242.0,36.0
2026-06-29,Nagy-Balti-öv,dél,Teherhajó,268251601,3.2,79.0,10.0
2026-06-29,Nagy-Balti-öv,dél,Tanker,273254770,10.3,170.0,24.0
2026-06-29,Nagy-Balti-öv,dél,Teherhajó,273432030,8.5,120.0,18.0
2026-06-29,Nagy-Balti-öv,észak,Teherhajó,311000985,10.5,180.0,30.0
2026-06-29,Nagy-Balti-öv,észak,Teherhajó,314167000,10.9,200.0,24.0
2026-06-29,Nagy-Balti-öv,észak,Teherhajó,314377000,6.1,90.0,15.0
2026-06-29,Nagy-Balti-öv,észak,Teherhajó,354711000,10.2,196.0,33.0
2026-06-29,Nagy-Balti-öv,dél,Teherhajó,356749000,14.5,229.0,32.0
2026-06-29,Nagy-Balti-öv,dél,Tanker,477144300,15.0,243.0,42.0
2026-06-29,Nagy-Balti-öv,dél,Teherhajó,477195100,12.3,291.0,32.0
2026-06-29,Nagy-Balti-öv,észak,Teherhajó,477308100,13.2,400.0,59.0
2026-06-29,Nagy-Balti-öv,észak,Teherhajó,477849400,10.6,292.0,32.0
2026-06-29,Nagy-Balti-öv,dél,Tanker,538005404,10.9,183.0,27.0
2026-06-29,Nagy-Balti-öv,észak,Teherhajó,538009008,14.4,225.0,32.0
2026-06-29,Nagy-Balti-öv,dél,Tanker,538010361,13.7,250.0,44.0
2026-06-29,Nagy-Balti-öv,dél,Tanker,538010470,10.9,183.0,32.0
2026-06-29,Nagy-Balti-öv,észak,Tanker,538012112,14.9,240.0,42.0
2026-06-29,Nagy-Balti-öv,észak,Teherhajó,538012668,10.3,190.0,33.0
2026-06-29,Nagy-Balti-öv,dél,Teherhajó,563323500,9.1,158.0,25.0
2026-06-29,Nagy-Balti-öv,észak,Teherhajó,566090000,7.6,163.0,26.0
2026-06-29,Nagy-Balti-öv,észak,Tanker,574005510,14.8,245.0,42.0
2026-06-29,Nagy-Balti-öv,észak,Tanker,613003614,14.5,251.0,44.0
2026-06-29,Nagy-Balti-öv,dél,Tanker,613411502,8.0,244.0,42.0
2026-06-29,Nagy-Balti-öv,dél,Tanker,636016364,8.8,146.0,26.0
2026-06-29,Nagy-Balti-öv,észak,Teherhajó,636017109,14.2,225.0,32.0
2026-06-29,Nagy-Balti-öv,észak,Teherhajó,636018322,11.3,217.0,27.0
2026-06-29,Nagy-Balti-öv,dél,Teherhajó,636022079,8.9,140.0,20.0
2026-06-29,Nagy-Balti-öv,észak,Tanker,636023571,10.3,183.0,32.0
2026-06-29,Nagy-Balti-öv,dél,Teherhajó,636023608,10.9,216.0,27.0
2026-06-29,Nagy-Balti-öv,észak,Teherhajó,636024335,12.4,199.0,32.0
2026-06-29,Nagy-Balti-öv,dél,Teherhajó,636025449,13.1,368.0,51.0
2026-06-29,Nagy-Balti-öv,észak,Tanker,667002211,15.0,240.0,42.0
2026-06-29,Nagy-Balti-öv,dél,Tanker,667002511,8.6,274.0,48.0
2026-06-29,Nagy-Balti-öv,észak,Teherhajó,677069700,2.5,80.0,12.0
2026-06-29,Øresund,dél,Teherhajó,209325000,3.3,88.0,13.0
2026-06-29,Øresund,észak,Teherhajó,210046000,4.7,100.0,13.0
2026-06-29,Øresund,észak,Teherhajó,212536000,6.4,119.0,16.0
2026-06-29,Øresund,észak,Teherhajó,212810000,7.7,120.0,16.0
2026-06-29,Øresund,dél,Teherhajó,218816000,7.3,135.0,23.0
2026-06-29,Øresund,észak,Teherhajó,230618000,6.0,218.0,27.0
2026-06-29,Øresund,dél,Tanker,230707000,6.1,150.0,23.0
2026-06-29,Øresund,dél,Teherhajó,231815000,4.1,105.0,14.0
2026-06-29,Øresund,dél,Tanker,241408000,7.2,237.0,42.0
2026-06-29,Øresund,dél,Teherhajó,244750397,5.6,89.0,13.0
2026-06-29,Øresund,dél,Teherhajó,245266000,6.2,115.0,17.0
2026-06-29,Øresund,dél,Tanker,246354000,6.6,100.0,16.0
2026-06-29,Øresund,dél,Teherhajó,246824000,5.0,157.0,18.0
2026-06-29,Øresund,dél,Tanker,255802950,5.7,84.0,15.0
2026-06-29,Øresund,észak,Teherhajó,255805906,6.5,139.0,20.0
2026-06-29,Øresund,dél,Teherhajó,255806267,7.8,141.0,23.0
2026-06-29,Øresund,észak,Teherhajó,255917229,5.6,115.0,15.0
2026-06-29,Øresund,dél,Teherhajó,257076850,5.4,82.0,12.0
2026-06-29,Øresund,dél,Teherhajó,257207000,6.4,90.0,14.0
2026-06-29,Øresund,észak,Teherhajó,257207000,6.4,90.0,14.0
2026-06-29,Øresund,dél,Teherhajó,257237000,5.6,90.0,14.0
2026-06-29,Øresund,dél,Teherhajó,257540000,5.1,90.0,14.0
2026-06-29,Øresund,észak,Tanker,265013000,6.6,150.0,23.0
2026-06-29,Øresund,dél,Tanker,266220000,7.4,130.0,20.0
2026-06-29,Øresund,észak,Tanker,266465000,5.7,120.0,20.0
2026-06-29,Øresund,dél,Teherhajó,275496000,2.8,88.0,12.0
2026-06-29,Øresund,dél,Teherhajó,275518000,4.8,90.0,14.0
2026-06-29,Øresund,észak,Teherhajó,304050000,5.7,89.0,12.0
2026-06-29,Øresund,dél,Teherhajó,304146000,5.3,88.0,14.0
2026-06-29,Øresund,észak,Teherhajó,304196000,4.5,88.0,12.0
2026-06-29,Øresund,észak,Teherhajó,305162000,7.2,108.0,18.0
2026-06-29,Øresund,észak,Teherhajó,305425000,6.6,176.0,26.0
2026-06-29,Øresund,észak,Teherhajó,305479000,5.6,90.0,15.0
2026-06-29,Øresund,észak,Teherhajó,308803000,6.9,148.0,25.0
2026-06-29,Øresund,dél,Teherhajó,311001499,6.4,89.0,14.0
2026-06-29,Øresund,észak,Teherhajó,311001818,6.7,90.0,15.0
2026-06-29,Øresund,dél,Teherhajó,311002148,7.1,225.0,32.0
2026-06-29,Øresund,dél,Teherhajó,311995000,7.6,148.0,25.0
2026-06-29,Øresund,dél,Teherhajó,314542000,6.5,183.0,24.0
2026-06-29,Øresund,észak,Teherhajó,314554000,4.9,88.0,13.0
2026-06-29,Øresund,észak,Teherhajó,352001928,2.6,74.0,11.0
2026-06-29,Øresund,dél,Teherhajó,352003109,7.0,224.0,32.0
2026-06-29,Øresund,dél,Teherhajó,352006299,6.8,199.0,32.0
2026-06-29,Øresund,dél,Teherhajó,538003690,6.1,180.0,30.0
2026-06-29,Øresund,dél,Teherhajó,563116200,7.0,180.0,30.0
2026-06-29,Øresund,észak,Tanker,563260600,7.7,250.0,44.0
2026-06-29,Øresund,észak,Tanker,636016364,8.8,146.0,26.0
2026-06-29,Øresund,dél,Teherhajó,636016827,5.3,169.0,27.0
2026-06-29,Øresund,dél,Teherhajó,636017887,5.1,170.0,27.0
2026-06-29,Øresund,dél,Teherhajó,636018658,7.2,229.0,36.0
2026-06-29,Øresund,dél,Teherhajó,636093258,6.5,183.0,31.0
2026-06-30,Nagy-Balti-öv,észak,Teherhajó,209536000,3.7,90.0,13.0
2026-06-30,Nagy-Balti-öv,észak,Teherhajó,210704000,6.1,90.0,13.0
2026-06-30,Nagy-Balti-öv,észak,Teherhajó,211230400,4.6,76.0,12.0
2026-06-30,Nagy-Balti-öv,észak,Tanker,215935000,9.0,183.0,32.0
2026-06-30,Nagy-Balti-öv,észak,Teherhajó,218836000,4.4,82.0,12.0
2026-06-30,Nagy-Balti-öv,észak,Tanker,219200000,5.4,90.0,15.0
2026-06-30,Nagy-Balti-öv,dél,Teherhajó,230618000,5.7,218.0,27.0
2026-06-30,Nagy-Balti-öv,dél,Teherhajó,231908000,4.5,86.0,12.0
2026-06-30,Nagy-Balti-öv,dél,Teherhajó,235060914,5.3,90.0,13.0
2026-06-30,Nagy-Balti-öv,dél,Tanker,235108526,14.8,250.0,44.0
2026-06-30,Nagy-Balti-öv,észak,Tanker,240565000,8.8,249.0,44.0
2026-06-30,Nagy-Balti-öv,észak,Teherhajó,246602000,7.2,128.0,15.0
2026-06-30,Nagy-Balti-öv,dél,Tanker,248006000,14.7,250.0,44.0
2026-06-30,Nagy-Balti-öv,dél,Teherhajó,255806257,9.8,179.0,28.0
2026-06-30,Nagy-Balti-öv,észak,Teherhajó,255806258,10.8,178.0,27.0
2026-06-30,Nagy-Balti-öv,észak,Tanker,256037000,11.1,183.0,32.0
2026-06-30,Nagy-Balti-öv,észak,Teherhajó,256708000,9.4,205.0,30.0
2026-06-30,Nagy-Balti-öv,észak,Teherhajó,256800000,9.8,205.0,30.0
2026-06-30,Nagy-Balti-öv,észak,Teherhajó,258809000,4.2,90.0,14.0
2026-06-30,Nagy-Balti-öv,észak,Teherhajó,266232000,7.5,190.0,26.0
2026-06-30,Nagy-Balti-öv,észak,Tanker,266436000,5.5,100.0,18.0
2026-06-30,Nagy-Balti-öv,észak,Teherhajó,305847000,6.9,129.0,16.0
2026-06-30,Nagy-Balti-öv,észak,Teherhajó,311000788,8.4,152.0,23.0
2026-06-30,Nagy-Balti-öv,észak,Teherhajó,311000977,6.0,,
2026-06-30,Nagy-Balti-öv,észak,Teherhajó,311001800,4.0,91.0,14.0
2026-06-30,Nagy-Balti-öv,dél,Tanker,314203000,9.3,274.0,50.0
2026-06-30,Nagy-Balti-öv,észak,Tanker,352001952,10.3,157.0,28.0
2026-06-30,Nagy-Balti-öv,észak,Tanker,352002809,14.1,249.0,44.0
2026-06-30,Nagy-Balti-öv,észak,Teherhajó,354195000,9.5,181.0,28.0
2026-06-30,Nagy-Balti-öv,dél,Tanker,461000240,9.0,275.0,48.0
2026-06-30,Nagy-Balti-öv,dél,Teherhajó,477929200,14.0,399.0,61.0
2026-06-30,Nagy-Balti-öv,dél,Tanker,477957300,8.5,274.0,48.0
2026-06-30,Nagy-Balti-öv,észak,Tanker,538005512,8.8,256.0,43.0
2026-06-30,Nagy-Balti-öv,észak,Tanker,538006517,15.0,244.0,42.0
2026-06-30,Nagy-Balti-öv,dél,Tanker,538008124,11.0,180.0,32.0
2026-06-30,Nagy-Balti-öv,észak,Teherhajó,538010200,10.4,185.0,31.0
2026-06-30,Nagy-Balti-öv,észak,Tanker,538010487,14.0,229.0,32.0
2026-06-30,Nagy-Balti-öv,észak,Teherhajó,538012153,15.0,228.0,32.0
2026-06-30,Nagy-Balti-öv,dél,Teherhajó,563065800,8.3,180.0,32.0
2026-06-30,Nagy-Balti-öv,észak,Teherhajó,563078800,14.1,253.0,43.0
2026-06-30,Nagy-Balti-öv,észak,Tanker,613009690,12.7,239.0,42.0
2026-06-30,Nagy-Balti-öv,észak,Tanker,613741301,14.7,281.0,48.0
2026-06-30,Nagy-Balti-öv,dél,Tanker,636014378,12.3,229.0,42.0
2026-06-30,Nagy-Balti-öv,dél,Teherhajó,636014740,9.3,222.0,30.0
2026-06-30,Nagy-Balti-öv,dél,Tanker,636015946,8.8,154.0,25.0
2026-06-30,Nagy-Balti-öv,dél,Tanker,636019889,14.5,274.0,48.0
2026-06-30,Nagy-Balti-öv,dél,Tanker,636022218,14.9,250.0,44.0
2026-06-30,Nagy-Balti-öv,dél,Tanker,636024468,7.3,150.0,23.0
2026-06-30,Nagy-Balti-öv,észak,Teherhajó,667002349,10.5,172.0,32.0
2026-06-30,Øresund,észak,Teherhajó,209325000,3.6,88.0,13.0
2026-06-30,Øresund,dél,Teherhajó,209332000,4.9,90.0,12.0
2026-06-30,Øresund,dél,Teherhajó,209336000,3.5,88.0,11.0
2026-06-30,Øresund,dél,Teherhajó,210046000,3.7,100.0,13.0
2026-06-30,Øresund,észak,Teherhajó,211219630,4.6,75.0,12.0
2026-06-30,Øresund,észak,Teherhajó,211284350,5.5,100.0,17.0
2026-06-30,Øresund,dél,Teherhajó,212797000,5.7,100.0,13.0
2026-06-30,Øresund,észak,Teherhajó,218816000,7.1,135.0,23.0
2026-06-30,Øresund,dél,Teherhajó,219002392,3.5,81.0,11.0
2026-06-30,Øresund,dél,Tanker,219015298,6.0,129.0,20.0
2026-06-30,Øresund,észak,Tanker,219029722,6.9,147.0,22.0
2026-06-30,Øresund,észak,Teherhajó,229344000,3.8,95.0,13.0
2026-06-30,Øresund,dél,Teherhajó,229961000,7.1,200.0,32.0
2026-06-30,Øresund,dél,Teherhajó,230694000,7.0,238.0,35.0
2026-06-30,Øresund,dél,Teherhajó,231234000,4.2,90.0,14.0
2026-06-30,Øresund,észak,Teherhajó,231873000,7.1,100.0,14.0
2026-06-30,Øresund,dél,Teherhajó,232049178,7.0,180.0,30.0
2026-06-30,Øresund,észak,Teherhajó,232054955,4.0,90.0,15.0
2026-06-30,Øresund,dél,Teherhajó,244010873,5.7,95.0,13.0
2026-06-30,Øresund,dél,Teherhajó,244110938,4.8,90.0,13.0
2026-06-30,Øresund,észak,Tanker,244784000,5.2,100.0,16.0
2026-06-30,Øresund,dél,Teherhajó,244997000,5.5,97.0,14.0
2026-06-30,Øresund,észak,Teherhajó,246651000,4.3,114.0,16.0
2026-06-30,Øresund,dél,Teherhajó,246883000,5.3,151.0,26.0
2026-06-30,Øresund,észak,Tanker,249223000,5.6,100.0,18.0
2026-06-30,Øresund,észak,Teherhajó,255806267,6.6,141.0,23.0
2026-06-30,Øresund,észak,Teherhajó,255915627,6.6,99.0,16.0
2026-06-30,Øresund,észak,Teherhajó,257076850,5.5,82.0,12.0
2026-06-30,Øresund,dél,Tanker,257086660,6.0,100.0,17.0
2026-06-30,Øresund,dél,Teherhajó,257415000,4.5,87.0,15.0
2026-06-30,Øresund,észak,Teherhajó,258006930,5.0,101.0,17.0
2026-06-30,Øresund,dél,Teherhajó,258209000,6.5,156.0,22.0
2026-06-30,Øresund,dél,Teherhajó,265413000,6.4,170.0,24.0
2026-06-30,Øresund,dél,Tanker,266476000,6.1,119.0,17.0
2026-06-30,Øresund,dél,Teherhajó,271053290,3.7,106.0,14.0
2026-06-30,Øresund,dél,Teherhajó,275535000,5.7,134.0,20.0
2026-06-30,Øresund,észak,Teherhajó,275535000,5.7,134.0,20.0
2026-06-30,Øresund,dél,Teherhajó,304011029,3.6,89.0,12.0
2026-06-30,Øresund,észak,Teherhajó,305598000,5.6,146.0,18.0
2026-06-30,Øresund,észak,Teherhajó,305649000,5.7,95.0,14.0
2026-06-30,Øresund,észak,Teherhajó,305773000,6.8,140.0,22.0
2026-06-30,Øresund,dél,Teherhajó,305874000,6.2,108.0,18.0
2026-06-30,Øresund,dél,Teherhajó,311028300,3.8,91.0,14.0
2026-06-30,Øresund,dél,Tanker,352005626,7.4,274.0,48.0
2026-06-30,Øresund,észak,Teherhajó,355351000,6.6,139.0,23.0
2026-06-30,Øresund,dél,Tanker,538003488,6.9,123.0,18.0
2026-06-30,Øresund,dél,Teherhajó,538008112,6.8,190.0,32.0
2026-06-30,Øresund,dél,Teherhajó,538009176,6.3,183.0,32.0
2026-07-01,Nagy-Balti-öv,észak,Teherhajó,209621000,5.2,90.0,16.0
2026-07-01,Nagy-Balti-öv,észak,Tanker,215534000,10.3,299.0,46.0
2026-07-01,Nagy-Balti-öv,észak,Teherhajó,218797000,4.8,90.0,12.0
2026-07-01,Nagy-Balti-öv,dél,Tanker,219200000,4.9,90.0,15.0
2026-07-01,Nagy-Balti-öv,dél,Teherhajó,219543000,10.4,172.0,32.0
2026-07-01,Nagy-Balti-öv,dél,Teherhajó,231613000,4.7,73.0,12.0
2026-07-01,Nagy-Balti-öv,dél,Tanker,241454000,14.7,250.0,44.0
2026-07-01,Nagy-Balti-öv,észak,Tanker,244090097,6.7,164.0,25.0
2026-07-01,Nagy-Balti-öv,észak,Tanker,244870429,7.4,115.0,20.0
2026-07-01,Nagy-Balti-öv,észak,Tanker,249857000,14.5,250.0,44.0
2026-07-01,Nagy-Balti-öv,dél,Teherhajó,255769000,6.8,107.0,15.0
2026-07-01,Nagy-Balti-öv,észak,Teherhajó,255916314,7.0,148.0,27.0
2026-07-01,Nagy-Balti-öv,észak,Teherhajó,259143000,4.4,119.0,16.0
2026-07-01,Nagy-Balti-öv,dél,Tanker,265072000,8.6,130.0,22.0
2026-07-01,Nagy-Balti-öv,észak,Tanker,273266690,10.4,176.0,31.0
2026-07-01,Nagy-Balti-öv,dél,Tanker,273277290,7.8,249.0,44.0
2026-07-01,Nagy-Balti-öv,észak,Teherhajó,304559000,3.6,74.0,11.0
2026-07-01,Nagy-Balti-öv,dél,Teherhajó,304819000,10.5,190.0,29.0
2026-07-01,Nagy-Balti-öv,észak,Teherhajó,305030000,6.7,162.0,23.0
2026-07-01,Nagy-Balti-öv,észak,Teherhajó,305522000,3.1,90.0,13.0
2026-07-01,Nagy-Balti-öv,észak,Teherhajó,311024300,10.6,190.0,28.0
2026-07-01,Nagy-Balti-öv,dél,Teherhajó,311818000,4.3,82.0,11.0
2026-07-01,Nagy-Balti-öv,észak,Teherhajó,352001364,10.2,183.0,31.0
2026-07-01,Nagy-Balti-öv,észak,Teherhajó,352004686,9.8,179.0,28.0
2026-07-01,Nagy-Balti-öv,észak,Teherhajó,372781000,10.9,192.0,32.0
2026-07-01,Nagy-Balti-öv,észak,Teherhajó,374891000,13.4,249.0,43.0
2026-07-01,Nagy-Balti-öv,észak,Teherhajó,422000274,10.3,178.0,27.0
2026-07-01,Nagy-Balti-öv,dél,Tanker,440335000,8.1,146.0,25.0
2026-07-01,Nagy-Balti-öv,dél,Tanker,477227500,9.0,275.0,48.0
2026-07-01,Nagy-Balti-öv,észak,Teherhajó,477552100,11.1,211.0,30.0
2026-07-01,Nagy-Balti-öv,észak,Teherhajó,538003902,10.4,190.0,32.0
2026-07-01,Nagy-Balti-öv,észak,Teherhajó,538005370,11.7,190.0,32.0
2026-07-01,Nagy-Balti-öv,dél,Tanker,538005398,10.5,184.0,27.0
2026-07-01,Nagy-Balti-öv,észak,Teherhajó,538006054,14.6,228.0,32.0
2026-07-01,Nagy-Balti-öv,dél,Teherhajó,538008756,11.8,260.0,32.0
2026-07-01,Nagy-Balti-öv,dél,Tanker,538012559,8.5,250.0,44.0
2026-07-01,Nagy-Balti-öv,dél,Tanker,563191500,13.0,250.0,44.0
2026-07-01,Nagy-Balti-öv,észak,Teherhajó,563234800,12.1,200.0,32.0
2026-07-01,Nagy-Balti-öv,dél,Teherhajó,636018491,10.7,179.0,27.0
2026-07-01,Nagy-Balti-öv,észak,Teherhajó,636019711,7.8,116.0,19.0
2026-07-01,Nagy-Balti-öv,észak,Teherhajó,636024192,13.5,200.0,32.0
2026-07-01,Nagy-Balti-öv,észak,Teherhajó,636093239,10.9,179.0,32.0
2026-07-01,Øresund,dél,Teherhajó,209823000,3.8,92.0,15.0
2026-07-01,Øresund,észak,Teherhajó,209992000,5.7,90.0,15.0
2026-07-01,Øresund,dél,Teherhajó,211100000,3.5,81.0,11.0
2026-07-01,Øresund,dél,Teherhajó,211317180,5.1,100.0,17.0
2026-07-01,Øresund,dél,Teherhajó,212209000,4.0,95.0,13.0
2026-07-01,Øresund,dél,Teherhajó,212949000,5.4,100.0,20.0
2026-07-01,Øresund,dél,Teherhajó,219825000,6.0,197.0,26.0
2026-07-01,Øresund,észak,Tanker,220514000,6.4,106.0,16.0
2026-07-01,Øresund,dél,Teherhajó,230352000,7.3,120.0,18.0
2026-07-01,Øresund,dél,Teherhajó,230941700,4.0,105.0,19.0
2026-07-01,Øresund,észak,Teherhajó,231023000,5.7,90.0,14.0
2026-07-01,Øresund,dél,Teherhajó,231025000,4.4,90.0,14.0
2026-07-01,Øresund,dél,Teherhajó,231766000,5.8,95.0,16.0
2026-07-01,Øresund,dél,Teherhajó,231860000,9.8,179.0,31.0
2026-07-01,Øresund,észak,Teherhajó,231860000,9.8,179.0,31.0
2026-07-01,Øresund,dél,Teherhajó,231873000,4.4,100.0,14.0
2026-07-01,Øresund,dél,Teherhajó,241166000,6.7,190.0,32.0
2026-07-01,Øresund,észak,Teherhajó,244140468,6.7,110.0,14.0
2026-07-01,Øresund,észak,Teherhajó,244730469,4.9,88.0,13.0
2026-07-01,Øresund,dél,Teherhajó,244901000,4.0,89.0,13.0
2026-07-01,Øresund,észak,Tanker,246541000,5.1,116.0,15.0
2026-07-01,Øresund,észak,Teherhajó,246867000,7.4,118.0,16.0
2026-07-01,Øresund,dél,Tanker,249905000,7.5,183.0,32.0
2026-07-01,Øresund,észak,Teherhajó,250013718,6.8,105.0,15.0
2026-07-01,Øresund,dél,Teherhajó,255915933,3.0,88.0,14.0
2026-07-01,Øresund,észak,Tanker,257086660,5.7,100.0,17.0
2026-07-01,Øresund,dél,Teherhajó,258964000,7.5,198.0,31.0
2026-07-01,Øresund,észak,Teherhajó,259034000,5.1,123.0,16.0
2026-07-01,Øresund,dél,Tanker,265012140,5.1,100.0,19.0
2026-07-01,Øresund,dél,Tanker,266472000,5.9,88.0,13.0
2026-07-01,Øresund,észak,Tanker,266476000,5.4,119.0,17.0
2026-07-01,Øresund,dél,Teherhajó,275510000,3.6,89.0,13.0
2026-07-01,Øresund,észak,Tanker,276462000,4.6,86.0,11.0
2026-07-01,Øresund,dél,Teherhajó,305415000,3.3,106.0,15.0
2026-07-01,Øresund,észak,Teherhajó,305631000,4.7,126.0,14.0
2026-07-01,Øresund,észak,Teherhajó,309186000,3.9,89.0,12.0
2026-07-01,Øresund,dél,Teherhajó,314602000,2.9,90.0,13.0
2026-07-01,Øresund,dél,Tanker,319147800,7.4,250.0,44.0
2026-07-01,Øresund,dél,Tanker,351341000,7.8,183.0,32.0
2026-07-01,Øresund,dél,Teherhajó,538010497,6.9,190.0,32.0
2026-07-01,Øresund,észak,Teherhajó,538010944,6.4,179.0,28.0
2026-07-01,Øresund,dél,Teherhajó,636024763,6.8,190.0,32.0
2026-07-02,Nagy-Balti-öv,dél,Teherhajó,212811000,7.3,100.0,16.0
2026-07-02,Nagy-Balti-öv,észak,Teherhajó,212963000,8.0,152.0,24.0
2026-07-02,Nagy-Balti-öv,észak,Teherhajó,215881000,14.4,224.0,32.0
2026-07-02,Nagy-Balti-öv,dél,Teherhajó,218797000,3.0,90.0,12.0
2026-07-02,Nagy-Balti-öv,észak,Tanker,219200000,5.4,90.0,15.0
2026-07-02,Nagy-Balti-öv,dél,Tanker,220514000,5.4,106.0,16.0
2026-07-02,Nagy-Balti-öv,dél,Teherhajó,231898000,4.0,89.0,13.0
2026-07-02,Nagy-Balti-öv,észak,Tanker,241747000,10.0,295.0,46.0
2026-07-02,Nagy-Balti-öv,dél,Teherhajó,244130690,5.2,196.0,26.0
2026-07-02,Nagy-Balti-öv,dél,Teherhajó,246415000,5.2,88.0,14.0
2026-07-02,Nagy-Balti-öv,észak,Tanker,249098000,14.4,250.0,44.0
2026-07-02,Nagy-Balti-öv,dél,Teherhajó,249565000,7.5,200.0,32.0
2026-07-02,Nagy-Balti-öv,dél,Teherhajó,255727000,10.1,180.0,32.0
2026-07-02,Nagy-Balti-öv,észak,Teherhajó,255769000,4.2,107.0,15.0
2026-07-02,Nagy-Balti-öv,dél,Teherhajó,255806175,7.2,119.0,15.0
2026-07-02,Nagy-Balti-öv,dél,Teherhajó,255915582,5.5,89.0,12.0
2026-07-02,Nagy-Balti-öv,dél,Tanker,255915981,8.8,144.0,24.0
2026-07-02,Nagy-Balti-öv,dél,Teherhajó,256883000,8.6,205.0,30.0
2026-07-02,Nagy-Balti-öv,dél,Teherhajó,258656000,6.2,94.0,15.0
2026-07-02,Nagy-Balti-öv,észak,Teherhajó,305480000,7.9,141.0,20.0
2026-07-02,Nagy-Balti-öv,dél,Teherhajó,305681000,7.7,134.0,16.0
2026-07-02,Nagy-Balti-öv,dél,Teherhajó,305980000,5.3,83.0,12.0
2026-07-02,Nagy-Balti-öv,észak,Tanker,311000765,8.4,228.0,42.0
2026-07-02,Nagy-Balti-öv,dél,Teherhajó,311001083,9.6,155.0,24.0
2026-07-02,Nagy-Balti-öv,dél,Teherhajó,351361000,12.0,365.0,51.0
2026-07-02,Nagy-Balti-öv,észak,Teherhajó,352001597,10.8,189.0,32.0
2026-07-02,Nagy-Balti-öv,dél,Tanker,352005472,8.0,249.0,44.0
2026-07-02,Nagy-Balti-öv,észak,Tanker,461001004,11.6,300.0,46.0
2026-07-02,Nagy-Balti-öv,észak,Teherhajó,511101760,7.2,130.0,16.0
2026-07-02,Nagy-Balti-öv,dél,Tanker,538007133,12.6,251.0,44.0
2026-07-02,Nagy-Balti-öv,dél,Teherhajó,538009096,14.5,229.0,32.0
2026-07-02,Nagy-Balti-öv,észak,Tanker,538009197,8.5,250.0,44.0
2026-07-02,Nagy-Balti-öv,észak,Tanker,563160500,6.2,115.0,19.0
2026-07-02,Nagy-Balti-öv,dél,Teherhajó,566060000,10.0,162.0,24.0
2026-07-02,Nagy-Balti-öv,dél,Tanker,613572604,8.7,274.0,48.0
2026-07-02,Nagy-Balti-öv,dél,Teherhajó,636018735,8.2,145.0,21.0
2026-07-02,Nagy-Balti-öv,észak,Tanker,636021509,12.0,182.0,32.0
2026-07-02,Nagy-Balti-öv,észak,Teherhajó,636022653,14.6,218.0,43.0
2026-07-02,Nagy-Balti-öv,észak,Teherhajó,636022840,9.7,180.0,32.0
2026-07-02,Nagy-Balti-öv,észak,Tanker,636024998,14.9,274.0,48.0
2026-07-02,Nagy-Balti-öv,dél,Teherhajó,636091995,7.7,208.0,30.0
2026-07-02,Øresund,észak,Tanker,209610000,5.4,119.0,16.0
2026-07-02,Øresund,észak,Teherhajó,209823000,6.1,92.0,15.0
2026-07-02,Øresund,észak,Teherhajó,212360000,6.4,96.0,14.0
2026-07-02,Øresund,észak,Teherhajó,212797000,4.5,100.0,13.0
2026-07-02,Øresund,észak,Teherhajó,212949000,5.3,100.0,20.0
2026-07-02,Øresund,dél,Teherhajó,218176000,4.2,82.0,11.0
2026-07-02,Øresund,észak,Tanker,219008000,6.8,147.0,22.0
2026-07-02,Øresund,dél,Teherhajó,219191000,2.8,66.0,11.0
2026-07-02,Øresund,észak,Teherhajó,230042000,5.5,134.0,20.0
2026-07-02,Øresund,észak,Teherhajó,236306000,5.4,90.0,14.0
2026-07-02,Øresund,észak,Teherhajó,244615929,4.3,140.0,24.0
2026-07-02,Øresund,dél,Tanker,244784000,6.5,100.0,16.0
2026-07-02,Øresund,észak,Teherhajó,245766000,5.0,88.0,13.0
2026-07-02,Øresund,észak,Teherhajó,245897000,6.9,205.0,26.0
2026-07-02,Øresund,dél,Teherhajó,255916314,7.5,148.0,27.0
2026-07-02,Øresund,észak,Teherhajó,255916314,7.5,148.0,27.0
2026-07-02,Øresund,észak,Tanker,256770000,6.4,162.0,23.0
2026-07-02,Øresund,észak,Teherhajó,257039490,5.1,112.0,13.0
2026-07-02,Øresund,dél,Teherhajó,257689000,4.4,102.0,16.0
2026-07-02,Øresund,észak,Tanker,257970000,6.1,147.0,22.0
2026-07-02,Øresund,észak,Teherhajó,258209000,5.1,156.0,22.0
2026-07-02,Øresund,észak,Tanker,265012140,4.9,100.0,19.0
2026-07-02,Øresund,észak,Teherhajó,265412000,6.7,170.0,24.0
2026-07-02,Øresund,észak,Tanker,266472000,5.5,88.0,13.0
2026-07-02,Øresund,észak,Teherhajó,268246900,5.0,88.0,12.0
2026-07-02,Øresund,dél,Teherhajó,277586000,7.7,148.0,25.0
2026-07-02,Øresund,észak,Teherhajó,277586000,7.7,148.0,25.0
2026-07-02,Øresund,dél,Teherhajó,304010515,6.0,97.0,16.0
2026-07-02,Øresund,észak,Teherhajó,311000796,6.4,152.0,23.0
2026-07-02,Øresund,észak,Teherhajó,311001499,6.9,89.0,14.0
2026-07-02,Øresund,dél,Tanker,352004478,7.0,183.0,32.0
2026-07-02,Øresund,dél,Teherhajó,352005868,6.3,183.0,31.0
2026-07-02,Øresund,dél,Teherhajó,357133000,6.9,225.0,32.0
2026-07-02,Øresund,dél,Teherhajó,371089000,7.0,229.0,33.0
2026-07-02,Øresund,észak,Tanker,538005773,7.0,184.0,27.0
2026-07-02,Øresund,észak,Teherhajó,538010803,7.1,199.0,32.0
2026-07-02,Øresund,észak,Tanker,538012432,6.0,145.0,23.0
2026-07-02,Øresund,dél,Teherhajó,636021876,7.0,255.0,43.0
2026-07-02,Øresund,dél,Teherhajó,636025456,6.3,189.0,32.0
2026-07-03,Nagy-Balti-öv,dél,Teherhajó,209536000,6.1,90.0,13.0
2026-07-03,Nagy-Balti-öv,észak,Teherhajó,210359000,7.4,152.0,24.0
2026-07-03,Nagy-Balti-öv,dél,Teherhajó,211265530,6.1,100.0,19.0
2026-07-03,Nagy-Balti-öv,dél,Tanker,219034365,9.0,147.0,22.0
2026-07-03,Nagy-Balti-öv,dél,Teherhajó,219115000,9.0,200.0,36.0
2026-07-03,Nagy-Balti-öv,észak,Teherhajó,230336000,6.1,137.0,22.0
2026-07-03,Nagy-Balti-öv,észak,Teherhajó,230643000,6.2,187.0,27.0
2026-07-03,Nagy-Balti-öv,észak,Tanker,230687000,8.5,250.0,44.0
2026-07-03,Nagy-Balti-öv,észak,Teherhajó,231613000,3.2,73.0,12.0
2026-07-03,Nagy-Balti-öv,észak,Tanker,235108527,9.0,250.0,44.0
2026-07-03,Nagy-Balti-öv,dél,Tanker,241456000,14.6,250.0,44.0
2026-07-03,Nagy-Balti-öv,észak,Teherhajó,244397000,4.3,82.0,12.0
2026-07-03,Nagy-Balti-öv,észak,Teherhajó,244810617,8.6,170.0,20.0
2026-07-03,Nagy-Balti-öv,dél,Teherhajó,246651000,4.2,114.0,16.0
2026-07-03,Nagy-Balti-öv,dél,Teherhajó,255806328,5.3,107.0,16.0
2026-07-03,Nagy-Balti-öv,észak,Teherhajó,255915848,5.7,89.0,16.0
2026-07-03,Nagy-Balti-öv,dél,Tanker,255915978,9.5,149.0,24.0
2026-07-03,Nagy-Balti-öv,észak,Teherhajó,255917283,8.3,170.0,25.0
2026-07-03,Nagy-Balti-öv,észak,Teherhajó,258656000,4.1,94.0,15.0
2026-07-03,Nagy-Balti-öv,dél,Teherhajó,258709000,3.5,88.0,13.0
2026-07-03,Nagy-Balti-öv,észak,Teherhajó,258709000,3.5,88.0,13.0
2026-07-03,Nagy-Balti-öv,dél,Tanker,265071000,8.5,130.0,22.0
2026-07-03,Nagy-Balti-öv,dél,Tanker,266436000,5.9,100.0,18.0
2026-07-03,Nagy-Balti-öv,dél,Teherhajó,268246900,3.2,88.0,12.0
2026-07-03,Nagy-Balti-öv,észak,Teherhajó,268260102,10.9,185.0,30.0
2026-07-03,Nagy-Balti-öv,dél,Tanker,268261012,9.0,275.0,48.0
2026-07-03,Nagy-Balti-öv,észak,Tanker,273273930,8.7,176.0,30.0
2026-07-03,Nagy-Balti-öv,dél,Teherhajó,275514000,4.6,83.0,12.0
2026-07-03,Nagy-Balti-öv,dél,Teherhajó,304219000,9.7,166.0,21.0
2026-07-03,Nagy-Balti-öv,dél,Teherhajó,304274000,4.2,80.0,12.0
2026-07-03,Nagy-Balti-öv,észak,Teherhajó,304819000,6.5,190.0,29.0
2026-07-03,Nagy-Balti-öv,észak,Teherhajó,305055000,6.9,139.0,22.0
2026-07-03,Nagy-Balti-öv,észak,Teherhajó,352001149,14.2,225.0,32.0
2026-07-03,Nagy-Balti-öv,észak,Tanker,352002473,14.6,281.0,48.0
2026-07-03,Nagy-Balti-öv,észak,Teherhajó,352980867,13.0,199.0,32.0
2026-07-03,Nagy-Balti-öv,észak,Teherhajó,366750000,5.3,107.0,18.0
2026-07-03,Nagy-Balti-öv,észak,Teherhajó,370417000,5.6,101.0,16.0
2026-07-03,Nagy-Balti-öv,észak,Teherhajó,413489920,7.2,190.0,29.0
2026-07-03,Nagy-Balti-öv,dél,Tanker,461000232,9.5,273.0,48.0
2026-07-03,Nagy-Balti-öv,észak,Teherhajó,538002853,14.6,225.0,32.0
2026-07-03,Nagy-Balti-öv,dél,Teherhajó,538004639,10.1,181.0,30.0
2026-07-03,Nagy-Balti-öv,észak,Teherhajó,538008298,6.5,225.0,48.0
2026-07-03,Nagy-Balti-öv,dél,Tanker,538009924,9.7,180.0,29.0
2026-07-03,Nagy-Balti-öv,észak,Tanker,538012387,13.0,274.0,48.0
2026-07-03,Nagy-Balti-öv,észak,Teherhajó,563288800,7.9,208.0,30.0
2026-07-03,Nagy-Balti-öv,észak,Teherhajó,566882000,10.5,398.0,51.0
2026-07-03,Nagy-Balti-öv,dél,Teherhajó,636022704,9.0,225.0,32.0
2026-07-03,Nagy-Balti-öv,észak,Tanker,636023096,8.5,185.0,28.0
2026-07-03,Nagy-Balti-öv,észak,Teherhajó,636024841,9.5,200.0,32.0
2026-07-03,Nagy-Balti-öv,észak,Teherhajó,636093289,10.6,180.0,32.0
2026-07-03,Øresund,észak,Tanker,210445000,4.3,90.0,12.0
2026-07-03,Øresund,észak,Tanker,210855000,5.0,109.0,17.0
2026-07-03,Øresund,dél,Teherhajó,212530000,6.3,90.0,15.0
2026-07-03,Øresund,dél,Teherhajó,212949000,4.6,100.0,20.0
2026-07-03,Øresund,dél,Teherhajó,215459000,7.0,229.0,38.0
2026-07-03,Øresund,dél,Teherhajó,218055220,4.6,89.0,16.0
2026-07-03,Øresund,dél,Teherhajó,225410000,5.1,103.0,15.0
2026-07-03,Øresund,észak,Teherhajó,230350000,7.3,120.0,18.0
2026-07-03,Øresund,dél,Teherhajó,230643000,6.2,187.0,27.0
2026-07-03,Øresund,dél,Teherhajó,231023000,4.1,90.0,14.0
2026-07-03,Øresund,dél,Teherhajó,244063000,3.8,89.0,13.0
2026-07-03,Øresund,dél,Teherhajó,244140468,6.0,110.0,14.0
2026-07-03,Øresund,dél,Tanker,244335000,6.8,115.0,16.0
2026-07-03,Øresund,észak,Teherhajó,245250000,7.2,133.0,16.0
2026-07-03,Øresund,észak,Teherhajó,245413000,6.6,133.0,16.0
2026-07-03,Øresund,dél,Teherhajó,245639000,5.2,156.0,16.0
2026-07-03,Øresund,dél,Tanker,246541000,6.8,116.0,15.0
2026-07-03,Øresund,dél,Teherhajó,246571000,6.3,119.0,13.0
2026-07-03,Øresund,dél,Teherhajó,249142000,7.0,189.0,23.0
2026-07-03,Øresund,észak,Teherhajó,249934000,3.9,88.0,13.0
2026-07-03,Øresund,dél,Teherhajó,255769000,6.8,107.0,15.0
2026-07-03,Øresund,észak,Teherhajó,255769000,6.8,107.0,15.0
2026-07-03,Øresund,észak,Teherhajó,255791000,3.9,88.0,14.0
2026-07-03,Øresund,észak,Tanker,255802950,5.2,84.0,15.0
2026-07-03,Øresund,észak,Teherhajó,255806139,4.6,116.0,17.0
2026-07-03,Øresund,dél,Teherhajó,255806300,6.5,135.0,22.0
2026-07-03,Øresund,dél,Teherhajó,257207000,6.4,90.0,14.0
2026-07-03,Øresund,észak,Tanker,257667000,6.5,144.0,23.0
2026-07-03,Øresund,dél,Tanker,258715000,5.8,89.0,13.0
2026-07-03,Øresund,észak,Teherhajó,259179000,5.2,87.0,13.0
2026-07-03,Øresund,észak,Tanker,259372000,6.5,124.0,20.0
2026-07-03,Øresund,dél,Teherhajó,261000205,5.5,90.0,14.0
2026-07-03,Øresund,észak,Tanker,265068510,6.0,149.0,23.0
2026-07-03,Øresund,észak,Tanker,266220000,5.9,130.0,20.0
2026-07-03,Øresund,észak,Teherhajó,273414440,6.3,127.0,20.0
2026-07-03,Øresund,dél,Tanker,276462000,3.7,86.0,11.0
2026-07-03,Øresund,észak,Teherhajó,304011029,4.7,89.0,12.0
2026-07-03,Øresund,dél,Teherhajó,311001226,5.7,134.0,16.0
2026-07-03,Øresund,dél,Tanker,311039900,7.2,229.0,42.0
2026-07-03,Øresund,dél,Teherhajó,341494001,6.4,140.0,18.0
2026-07-03,Øresund,észak,Teherhajó,352001939,7.2,229.0,32.0
2026-07-03,Øresund,észak,Tanker,538005398,6.8,184.0,27.0
2026-07-03,Øresund,észak,Tanker,538007403,6.5,160.0,26.0
2026-07-03,Øresund,dél,Teherhajó,564761000,6.6,178.0,28.0
2026-07-03,Øresund,észak,Teherhajó,636015335,6.3,147.0,23.0
2026-07-04,Nagy-Balti-öv,dél,Teherhajó,209535000,6.1,90.0,13.0
2026-07-04,Nagy-Balti-öv,dél,Teherhajó,209621000,4.4,90.0,16.0
2026-07-04,Nagy-Balti-öv,észak,Teherhajó,209659000,8.8,170.0,27.0
2026-07-04,Nagy-Balti-öv,észak,Teherhajó,209968000,3.4,82.0,12.0
2026-07-04,Nagy-Balti-öv,dél,Teherhajó,210607000,4.4,98.0,16.0
2026-07-04,Nagy-Balti-öv,dél,Teherhajó,212810000,6.4,120.0,16.0
2026-07-04,Nagy-Balti-öv,észak,Teherhajó,212811000,4.2,100.0,16.0
2026-07-04,Nagy-Balti-öv,észak,Teherhajó,218441000,10.9,366.0,51.0
2026-07-04,Nagy-Balti-öv,dél,Tanker,219029722,9.0,147.0,22.0
2026-07-04,Nagy-Balti-öv,észak,Teherhajó,219136000,10.3,200.0,36.0
2026-07-04,Nagy-Balti-öv,észak,Teherhajó,230985000,8.8,141.0,22.0
2026-07-04,Nagy-Balti-öv,dél,Teherhajó,230985000,8.8,141.0,22.0
2026-07-04,Nagy-Balti-öv,észak,Teherhajó,246651000,4.3,114.0,16.0
2026-07-04,Nagy-Balti-öv,észak,Tanker,249575000,14.9,244.0,42.0
2026-07-04,Nagy-Balti-öv,észak,Teherhajó,255806175,4.7,119.0,15.0
2026-07-04,Nagy-Balti-öv,dél,Teherhajó,255916314,6.8,148.0,27.0
2026-07-04,Nagy-Balti-öv,dél,Teherhajó,257064430,6.3,90.0,14.0
2026-07-04,Nagy-Balti-öv,dél,Teherhajó,257141000,5.4,88.0,13.0
2026-07-04,Nagy-Balti-öv,dél,Tanker,257409000,7.8,140.0,22.0
2026-07-04,Nagy-Balti-öv,dél,Tanker,273270940,8.0,235.0,42.0
2026-07-04,Nagy-Balti-öv,észak,Tanker,273279840,15.0,244.0,42.0
2026-07-04,Nagy-Balti-öv,észak,Teherhajó,304028000,4.8,82.0,12.0
2026-07-04,Nagy-Balti-öv,dél,Teherhajó,304217000,4.9,107.0,16.0
2026-07-04,Nagy-Balti-öv,észak,Teherhajó,305540000,7.3,172.0,29.0
2026-07-04,Nagy-Balti-öv,dél,Tanker,311000534,13.8,228.0,42.0
2026-07-04,Nagy-Balti-öv,dél,Tanker,311001106,13.0,237.0,44.0
2026-07-04,Nagy-Balti-öv,dél,Teherhajó,311062300,9.0,164.0,24.0
2026-07-04,Nagy-Balti-öv,dél,Teherhajó,311087000,8.1,149.0,22.0
2026-07-04,Nagy-Balti-öv,észak,Tanker,314175000,11.4,205.0,32.0
2026-07-04,Nagy-Balti-öv,észak,Teherhajó,356509000,7.9,229.0,32.0
2026-07-04,Nagy-Balti-öv,észak,Tanker,374987000,13.8,249.0,44.0
2026-07-04,Nagy-Balti-öv,dél,Tanker,461000370,8.0,241.0,42.0
2026-07-04,Nagy-Balti-öv,észak,Tanker,477144300,8.1,243.0,42.0
2026-07-04,Nagy-Balti-öv,észak,Teherhajó,477195100,11.9,291.0,32.0
2026-07-04,Nagy-Balti-öv,észak,Teherhajó,538004327,10.9,190.0,32.0
2026-07-04,Nagy-Balti-öv,dél,Teherhajó,538005278,11.6,188.0,27.0
2026-07-04,Nagy-Balti-öv,észak,Teherhajó,538010283,8.9,180.0,28.0
2026-07-04,Nagy-Balti-öv,dél,Teherhajó,538010307,9.0,193.0,28.0
2026-07-04,Nagy-Balti-öv,észak,Tanker,538010361,8.8,250.0,44.0
2026-07-04,Nagy-Balti-öv,észak,Teherhajó,538012279,14.6,225.0,32.0
2026-07-04,Nagy-Balti-öv,észak,Tanker,538012309,7.3,176.0,32.0
2026-07-04,Nagy-Balti-öv,észak,Tanker,538012621,15.0,274.0,48.0
2026-07-04,Nagy-Balti-öv,észak,Teherhajó,636014740,10.7,222.0,30.0
2026-07-04,Nagy-Balti-öv,észak,Tanker,636017335,10.1,145.0,24.0
2026-07-04,Nagy-Balti-öv,észak,Teherhajó,636019410,14.7,229.0,32.0
2026-07-04,Nagy-Balti-öv,dél,Teherhajó,636019974,14.8,229.0,32.0
2026-07-04,Nagy-Balti-öv,dél,Teherhajó,636020265,11.2,210.0,32.0
2026-07-04,Nagy-Balti-öv,észak,Teherhajó,636022919,8.5,175.0,29.0
2026-07-04,Nagy-Balti-öv,észak,Teherhajó,636024902,13.4,198.0,32.0
2026-07-04,Nagy-Balti-öv,észak,Tanker,667001242,15.0,244.0,42.0
2026-07-04,Øresund,dél,Teherhajó,209992000,4.0,90.0,15.0
2026-07-04,Øresund,dél,Teherhajó,210534000,5.1,88.0,13.0
2026-07-04,Øresund,észak,Teherhajó,211317180,7.2,100.0,17.0
2026-07-04,Øresund,észak,Teherhajó,211718360,4.9,90.0,13.0
2026-07-04,Øresund,dél,Tanker,215064000,5.8,88.0,15.0
2026-07-04,Øresund,észak,Tanker,219814000,6.5,147.0,22.0
2026-07-04,Øresund,észak,Teherhajó,244637000,6.9,130.0,16.0
2026-07-04,Øresund,dél,Teherhajó,244860255,5.2,123.0,17.0
2026-07-04,Øresund,észak,Teherhajó,245137000,4.2,83.0,13.0
2026-07-04,Øresund,észak,Teherhajó,245169000,5.2,82.0,12.0
2026-07-04,Øresund,észak,Teherhajó,245297000,7.3,145.0,16.0
2026-07-04,Øresund,észak,Teherhajó,246521000,7.1,205.0,26.0
2026-07-04,Øresund,észak,Tanker,246541000,6.0,116.0,15.0
2026-07-04,Øresund,dél,Tanker,246878000,6.2,155.0,22.0
2026-07-04,Øresund,dél,Tanker,249223000,6.7,100.0,18.0
2026-07-04,Øresund,észak,Teherhajó,250002033,5.4,90.0,15.0
2026-07-04,Øresund,észak,Teherhajó,255802490,3.8,88.0,12.0
2026-07-04,Øresund,dél,Teherhajó,255805577,6.5,140.0,23.0
2026-07-04,Øresund,észak,Teherhajó,255805842,7.0,141.0,22.0
2026-07-04,Øresund,észak,Teherhajó,255864560,5.8,89.0,15.0
2026-07-04,Øresund,dél,Teherhajó,255916032,5.6,169.0,27.0
2026-07-04,Øresund,észak,Tanker,257206000,5.4,82.0,12.0
2026-07-04,Øresund,észak,Teherhajó,257207000,4.2,90.0,14.0
2026-07-04,Øresund,észak,Tanker,257374000,6.2,140.0,22.0
2026-07-04,Øresund,észak,Tanker,257601000,5.0,100.0,17.0
2026-07-04,Øresund,észak,Teherhajó,258059000,6.6,87.0,15.0
2026-07-04,Øresund,dél,Teherhajó,258622000,5.7,101.0,17.0
2026-07-04,Øresund,észak,Teherhajó,258763000,4.1,94.0,15.0
2026-07-04,Øresund,dél,Tanker,265002000,3.5,78.0,11.0
2026-07-04,Øresund,észak,Tanker,265002000,3.5,78.0,11.0
2026-07-04,Øresund,észak,Tanker,265610040,3.7,80.0,14.0
2026-07-04,Øresund,dél,Tanker,266203000,4.8,70.0,14.0
2026-07-04,Øresund,észak,Tanker,266203000,4.8,70.0,14.0
2026-07-04,Øresund,dél,Teherhajó,304408000,6.3,100.0,15.0
2026-07-04,Øresund,dél,Teherhajó,304789000,5.1,89.0,13.0
2026-07-04,Øresund,dél,Teherhajó,305466000,3.6,90.0,15.0
2026-07-04,Øresund,észak,Teherhajó,305612000,5.3,89.0,13.0
2026-07-04,Øresund,dél,Teherhajó,308654000,7.6,148.0,25.0
2026-07-04,Øresund,dél,Teherhajó,308924000,3.8,82.0,11.0
2026-07-04,Øresund,dél,Teherhajó,311001791,6.8,90.0,16.0
2026-07-04,Øresund,dél,Teherhajó,311001803,5.8,88.0,13.0
2026-07-04,Øresund,észak,Teherhajó,311995000,6.8,148.0,25.0
2026-07-04,Øresund,dél,Teherhajó,353083000,7.0,140.0,22.0
2026-07-04,Øresund,észak,Tanker,403503000,7.2,183.0,32.0
2026-07-04,Øresund,észak,Tanker,538005404,6.8,183.0,27.0
2026-07-04,Øresund,dél,Teherhajó,538010036,7.1,229.0,38.0
2026-07-04,Øresund,dél,Teherhajó,636016498,7.2,200.0,32.0
2026-07-04,Øresund,dél,Teherhajó,636024735,7.3,200.0,32.0
2026-07-04,Øresund,észak,Teherhajó,636025110,7.7,229.0,33.0
2026-07-05,Nagy-Balti-öv,észak,Teherhajó,209184000,10.2,186.0,27.0
2026-07-05,Nagy-Balti-öv,észak,Teherhajó,209535000,3.9,90.0,13.0
2026-07-05,Nagy-Balti-öv,észak,Teherhajó,209536000,3.8,90.0,13.0
2026-07-05,Nagy-Balti-öv,dél,Teherhajó,209882000,8.2,149.0,22.0
2026-07-05,Nagy-Balti-öv,dél,Teherhajó,210359000,8.2,152.0,24.0
2026-07-05,Nagy-Balti-öv,dél,Teherhajó,210704000,4.3,90.0,13.0
2026-07-05,Nagy-Balti-öv,észak,Teherhajó,212763000,14.5,225.0,32.0
2026-07-05,Nagy-Balti-öv,dél,Tanker,219333000,10.8,206.0,32.0
2026-07-05,Nagy-Balti-öv,észak,Tanker,230707000,9.6,150.0,23.0
2026-07-05,Nagy-Balti-öv,észak,Tanker,235108526,8.7,250.0,44.0
2026-07-05,Nagy-Balti-öv,észak,Tanker,241454000,8.4,250.0,44.0
2026-07-05,Nagy-Balti-öv,észak,Teherhajó,244129000,7.3,169.0,26.0
2026-07-05,Nagy-Balti-öv,észak,Teherhajó,245534000,3.8,89.0,14.0
2026-07-05,Nagy-Balti-öv,dél,Teherhajó,245935000,8.8,135.0,20.0
2026-07-05,Nagy-Balti-öv,dél,Teherhajó,246388000,8.0,130.0,15.0
2026-07-05,Nagy-Balti-öv,észak,Teherhajó,246660000,7.1,157.0,26.0
2026-07-05,Nagy-Balti-öv,dél,Teherhajó,255769000,5.5,107.0,15.0
2026-07-05,Nagy-Balti-öv,észak,Teherhajó,255806176,5.5,150.0,26.0
2026-07-05,Nagy-Balti-öv,észak,Teherhajó,255806433,4.0,130.0,25.0
2026-07-05,Nagy-Balti-öv,észak,Teherhajó,255915967,10.8,180.0,30.0
2026-07-05,Nagy-Balti-öv,dél,Teherhajó,255916022,5.5,98.0,16.0
2026-07-05,Nagy-Balti-öv,észak,Teherhajó,256882000,10.1,205.0,30.0
2026-07-05,Nagy-Balti-öv,észak,Teherhajó,257064430,4.0,90.0,14.0
2026-07-05,Nagy-Balti-öv,dél,Teherhajó,257350220,5.7,100.0,16.0
2026-07-05,Nagy-Balti-öv,dél,Tanker,257550000,8.5,129.0,20.0
2026-07-05,Nagy-Balti-öv,dél,Tanker,258914000,10.4,180.0,28.0
2026-07-05,Nagy-Balti-öv,dél,Teherhajó,265039000,7.3,242.0,36.0
2026-07-05,Nagy-Balti-öv,észak,Tanker,273272770,14.9,244.0,42.0
2026-07-05,Nagy-Balti-öv,észak,Teherhajó,304482000,4.1,85.0,13.0
2026-07-05,Nagy-Balti-öv,észak,Teherhajó,305305000,7.6,146.0,18.0
2026-07-05,Nagy-Balti-öv,dél,Teherhajó,314001142,9.3,183.0,32.0
2026-07-05,Nagy-Balti-öv,dél,Teherhajó,314862000,10.2,177.0,29.0
2026-07-05,Nagy-Balti-öv,észak,Teherhajó,341869001,10.8,160.0,26.0
2026-07-05,Nagy-Balti-öv,észak,Teherhajó,352001588,12.0,189.0,32.0
2026-07-05,Nagy-Balti-öv,észak,Tanker,352003060,14.0,240.0,44.0
2026-07-05,Nagy-Balti-öv,észak,Teherhajó,352006699,8.2,134.0,24.0
2026-07-05,Nagy-Balti-öv,dél,Teherhajó,368444000,8.3,231.0,33.0
2026-07-05,Nagy-Balti-öv,dél,Tanker,461000237,8.5,250.0,44.0
2026-07-05,Nagy-Balti-öv,észak,Tanker,538005390,13.0,256.0,43.0
2026-07-05,Nagy-Balti-öv,dél,Tanker,538005512,9.5,256.0,43.0
2026-07-05,Nagy-Balti-öv,dél,Tanker,538005823,14.7,250.0,44.0
2026-07-05,Nagy-Balti-öv,dél,Teherhajó,538008537,13.0,199.0,32.0
2026-07-05,Nagy-Balti-öv,észak,Teherhajó,538008756,8.8,260.0,32.0
2026-07-05,Nagy-Balti-öv,észak,Teherhajó,538090735,10.0,197.0,32.0
2026-07-05,Nagy-Balti-öv,észak,Tanker,563191500,8.3,250.0,44.0
2026-07-05,Nagy-Balti-öv,dél,Teherhajó,563217700,14.6,229.0,32.0
2026-07-05,Nagy-Balti-öv,dél,Teherhajó,563231000,12.2,398.0,51.0
2026-07-05,Nagy-Balti-öv,észak,Tanker,636015944,7.0,154.0,26.0
2026-07-05,Nagy-Balti-öv,észak,Tanker,636016364,6.0,146.0,26.0
2026-07-05,Nagy-Balti-öv,észak,Teherhajó,636023608,10.9,216.0,27.0
2026-07-05,Nagy-Balti-öv,dél,Tanker,636024469,7.8,150.0,23.0
2026-07-05,Nagy-Balti-öv,dél,Teherhajó,636025036,9.0,199.0,32.0
2026-07-05,Nagy-Balti-öv,észak,Tanker,636025443,10.9,183.0,33.0
2026-07-05,Nagy-Balti-öv,dél,Teherhajó,636093159,11.5,222.0,30.0
2026-07-05,Øresund,észak,Teherhajó,209982000,3.0,80.0,12.0
2026-07-05,Øresund,dél,Tanker,210855000,5.6,109.0,17.0
2026-07-05,Øresund,észak,Teherhajó,211141000,8.5,134.0,23.0
2026-07-05,Øresund,dél,Tanker,212123000,5.6,100.0,15.0
2026-07-05,Øresund,észak,Teherhajó,212179000,3.6,99.0,14.0
2026-07-05,Øresund,dél,Teherhajó,212856000,5.0,97.0,16.0
2026-07-05,Øresund,észak,Teherhajó,212949000,5.2,100.0,20.0
2026-07-05,Øresund,dél,Teherhajó,219164000,7.2,86.0,14.0
2026-07-05,Øresund,észak,Teherhajó,219825000,6.5,197.0,26.0
2026-07-05,Øresund,dél,Teherhajó,230091950,4.2,83.0,13.0
2026-07-05,Øresund,észak,Teherhajó,230351000,7.2,120.0,18.0
2026-07-05,Øresund,észak,Teherhajó,230694000,7.0,238.0,35.0
2026-07-05,Øresund,dél,Teherhajó,230697000,6.3,238.0,35.0
2026-07-05,Øresund,észak,Teherhajó,231234000,6.0,90.0,14.0
2026-07-05,Øresund,észak,Teherhajó,231898000,6.3,89.0,13.0
2026-07-05,Øresund,dél,Teherhajó,231921000,6.4,90.0,16.0
2026-07-05,Øresund,észak,Teherhajó,232031869,4.9,90.0,14.0
2026-07-05,Øresund,észak,Tanker,235112981,5.4,99.0,16.0
2026-07-05,Øresund,észak,Teherhajó,244059000,6.0,89.0,14.0
2026-07-05,Øresund,észak,Tanker,244335000,4.7,115.0,16.0
2026-07-05,Øresund,észak,Teherhajó,244615184,6.9,133.0,16.0
2026-07-05,Øresund,dél,Teherhajó,244830834,4.4,119.0,15.0
2026-07-05,Øresund,dél,Teherhajó,244860007,6.5,136.0,15.0
2026-07-05,Øresund,dél,Teherhajó,245897000,7.4,205.0,26.0
2026-07-05,Øresund,észak,Teherhajó,246141000,5.4,100.0,17.0
2026-07-05,Øresund,észak,Teherhajó,246441000,6.2,132.0,16.0
2026-07-05,Øresund,dél,Teherhajó,246668000,5.6,117.0,14.0
2026-07-05,Øresund,észak,Teherhajó,246843000,5.1,118.0,16.0
2026-07-05,Øresund,dél,Tanker,248124000,7.5,274.0,48.0
2026-07-05,Øresund,észak,Tanker,248886000,4.3,88.0,14.0
2026-07-05,Øresund,dél,Teherhajó,255738000,7.1,169.0,28.0
2026-07-05,Øresund,észak,Teherhajó,255738000,7.1,169.0,28.0
2026-07-05,Øresund,dél,Teherhajó,255805952,5.3,89.0,13.0
2026-07-05,Øresund,észak,Teherhajó,255806436,6.8,141.0,22.0
2026-07-05,Øresund,észak,Teherhajó,255916186,5.6,89.0,12.0
2026-07-05,Øresund,dél,Teherhajó,256685000,7.2,190.0,32.0
2026-07-05,Øresund,dél,Teherhajó,257115000,3.6,88.0,13.0
2026-07-05,Øresund,dél,Tanker,265068510,8.8,149.0,23.0
2026-07-05,Øresund,észak,Tanker,266464000,6.0,120.0,19.0
2026-07-05,Øresund,dél,Teherhajó,271040311,6.4,190.0,32.0
2026-07-05,Øresund,észak,Teherhajó,273148810,5.2,95.0,13.0
2026-07-05,Øresund,dél,Tanker,273268690,6.7,183.0,32.0
2026-07-05,Øresund,dél,Teherhajó,273354740,7.0,134.0,20.0
2026-07-05,Øresund,dél,Teherhajó,273379740,6.1,134.0,18.0
2026-07-05,Øresund,észak,Teherhajó,273414540,5.7,120.0,15.0
2026-07-05,Øresund,dél,Teherhajó,277586000,8.5,148.0,25.0
2026-07-05,Øresund,észak,Teherhajó,277586000,8.5,148.0,25.0
2026-07-05,Øresund,dél,Teherhajó,304046000,4.2,90.0,15.0
2026-07-05,Øresund,észak,Teherhajó,304219000,6.3,166.0,21.0
2026-07-05,Øresund,észak,Teherhajó,304953000,4.3,82.0,11.0
2026-07-05,Øresund,észak,Teherhajó,305980000,3.7,83.0,12.0
2026-07-05,Øresund,dél,Teherhajó,311001909,5.5,100.0,13.0
2026-07-05,Øresund,dél,Teherhajó,314554000,5.8,88.0,13.0
2026-07-05,Øresund,dél,Teherhajó,314620000,5.8,90.0,12.0
2026-07-05,Øresund,dél,Teherhajó,373895000,7.2,225.0,32.0
2026-07-05,Øresund,dél,Tanker,511101602,6.6,184.0,32.0
2026-07-05,Øresund,dél,Teherhajó,538005376,6.7,189.0,32.0
2026-07-05,Øresund,dél,Teherhajó,538006786,5.9,200.0,24.0
2026-07-05,Øresund,dél,Teherhajó,538008007,6.9,200.0,24.0
2026-07-05,Øresund,dél,Tanker,538009975,7.0,250.0,44.0
2026-07-05,Øresund,dél,Tanker,538010003,7.5,250.0,44.0
2026-07-05,Øresund,észak,Tanker,538010194,7.5,189.0,32.0
2026-07-05,Øresund,észak,Tanker,538010470,7.1,183.0,32.0
2026-07-05,Øresund,dél,Tanker,563326600,5.5,99.0,18.0
2026-07-05,Øresund,dél,Teherhajó,572728220,6.3,133.0,19.0
2026-07-05,Øresund,dél,Tanker,636021919,6.1,127.0,20.0
2026-07-05,Øresund,dél,Teherhajó,636022047,9.1,161.0,25.0
2026-07-06,Nagy-Balti-öv,dél,Teherhajó,205436000,14.0,227.0,36.0
2026-07-06,Nagy-Balti-öv,dél,Teherhajó,211141000,8.5,134.0,23.0
2026-07-06,Nagy-Balti-öv,dél,Tanker,219814000,8.9,147.0,22.0
2026-07-06,Nagy-Balti-öv,dél,Tanker,228460900,11.3,299.0,46.0
2026-07-06,Nagy-Balti-öv,dél,Teherhajó,230613000,9.4,156.0,26.0
2026-07-06,Nagy-Balti-öv,dél,Tanker,230689000,7.4,156.0,24.0
2026-07-06,Nagy-Balti-öv,dél,Tanker,244090097,7.5,164.0,25.0
2026-07-06,Nagy-Balti-öv,dél,Tanker,244944000,7.4,117.0,18.0
2026-07-06,Nagy-Balti-öv,észak,Teherhajó,245097000,7.6,205.0,26.0
2026-07-06,Nagy-Balti-öv,észak,Teherhajó,246415000,3.4,88.0,14.0
2026-07-06,Nagy-Balti-öv,dél,Teherhajó,246554000,6.9,205.0,26.0
2026-07-06,Nagy-Balti-öv,észak,Tanker,248006000,9.0,250.0,44.0
2026-07-06,Nagy-Balti-öv,észak,Teherhajó,249742000,10.0,190.0,24.0
2026-07-06,Nagy-Balti-öv,észak,Teherhajó,249814000,10.0,169.0,26.0
2026-07-06,Nagy-Balti-öv,dél,Teherhajó,255806457,7.1,150.0,26.0
2026-07-06,Nagy-Balti-öv,észak,Teherhajó,255916043,8.4,107.0,18.0
2026-07-06,Nagy-Balti-öv,dél,Teherhajó,256708000,7.6,205.0,30.0
2026-07-06,Nagy-Balti-öv,észak,Teherhajó,265022000,7.8,242.0,36.0
2026-07-06,Nagy-Balti-öv,dél,Tanker,266220000,7.9,130.0,20.0
2026-07-06,Nagy-Balti-öv,észak,Tanker,266436000,5.5,100.0,18.0
2026-07-06,Nagy-Balti-öv,észak,Teherhajó,304011027,3.9,90.0,12.0
2026-07-06,Nagy-Balti-öv,dél,Teherhajó,304095000,8.0,132.0,16.0
2026-07-06,Nagy-Balti-öv,dél,Tanker,304218000,11.0,183.0,32.0
2026-07-06,Nagy-Balti-öv,észak,Teherhajó,305493000,3.4,88.0,13.0
2026-07-06,Nagy-Balti-öv,dél,Teherhajó,305522000,4.6,90.0,13.0
2026-07-06,Nagy-Balti-öv,észak,Teherhajó,311001641,9.8,199.0,31.0
2026-07-06,Nagy-Balti-öv,dél,Teherhajó,354540000,10.1,237.0,32.0
2026-07-06,Nagy-Balti-öv,dél,Teherhajó,477871600,14.0,399.0,61.0
2026-07-06,Nagy-Balti-öv,észak,Teherhajó,477929200,12.8,399.0,61.0
2026-07-06,Nagy-Balti-öv,dél,Tanker,538003218,5.3,100.0,18.0
2026-07-06,Nagy-Balti-öv,észak,Tanker,538007133,9.0,251.0,44.0
2026-07-06,Nagy-Balti-öv,észak,Teherhajó,538009150,14.5,225.0,33.0
2026-07-06,Nagy-Balti-öv,észak,Teherhajó,538011910,10.1,183.0,31.0
2026-07-06,Nagy-Balti-öv,dél,Teherhajó,563076300,12.5,292.0,32.0
2026-07-06,Nagy-Balti-öv,dél,Tanker,563274300,11.5,299.0,46.0
2026-07-06,Nagy-Balti-öv,észak,Teherhajó,636019576,13.4,235.0,43.0
2026-07-06,Nagy-Balti-öv,dél,Tanker,636021172,12.2,230.0,37.0
2026-07-06,Nagy-Balti-öv,észak,Teherhajó,636023222,5.5,89.0,13.0
2026-07-06,Nagy-Balti-öv,dél,Tanker,636023942,13.2,250.0,44.0
2026-07-06,Nagy-Balti-öv,dél,Tanker,636024698,13.5,182.0,32.0
2026-07-06,Nagy-Balti-öv,észak,Teherhajó,636025398,12.7,190.0,32.0
2026-07-06,Nagy-Balti-öv,észak,Tanker,636025412,15.0,250.0,44.0
2026-07-06,Nagy-Balti-öv,dél,Teherhajó,636093237,14.8,229.0,32.0
2026-07-06,Øresund,dél,Teherhajó,209823000,3.8,92.0,15.0
2026-07-06,Øresund,dél,Teherhajó,211870240,7.2,159.0,22.0
2026-07-06,Øresund,dél,Teherhajó,212179000,5.2,99.0,14.0
2026-07-06,Øresund,észak,Teherhajó,212810000,7.7,120.0,16.0
2026-07-06,Øresund,dél,Teherhajó,218816000,6.9,135.0,23.0
2026-07-06,Øresund,észak,Teherhajó,218816000,6.9,135.0,23.0
2026-07-06,Øresund,dél,Teherhajó,229041000,6.7,183.0,28.0
2026-07-06,Øresund,észak,Teherhajó,230643000,6.0,187.0,27.0
2026-07-06,Øresund,észak,Teherhajó,230984000,7.2,141.0,22.0
2026-07-06,Øresund,észak,Teherhajó,231766000,4.7,95.0,16.0
2026-07-06,Øresund,észak,Tanker,231918000,4.8,90.0,14.0
2026-07-06,Øresund,észak,Teherhajó,231920000,6.2,89.0,13.0
2026-07-06,Øresund,észak,Teherhajó,244750397,5.2,89.0,13.0
2026-07-06,Øresund,észak,Teherhajó,245943000,5.6,100.0,14.0
2026-07-06,Øresund,észak,Teherhajó,255802540,6.1,116.0,17.0
2026-07-06,Øresund,észak,Teherhajó,255806300,6.8,135.0,22.0
2026-07-06,Øresund,dél,Teherhajó,255808000,5.1,89.0,16.0
2026-07-06,Øresund,dél,Teherhajó,255915627,4.5,99.0,16.0
2026-07-06,Øresund,dél,Teherhajó,255915934,3.0,88.0,12.0
2026-07-06,Øresund,észak,Teherhajó,255924000,3.8,85.0,13.0
2026-07-06,Øresund,dél,Teherhajó,257071710,5.5,90.0,14.0
2026-07-06,Øresund,dél,Tanker,257086660,5.4,100.0,17.0
2026-07-06,Øresund,észak,Teherhajó,257141000,4.6,88.0,13.0
2026-07-06,Øresund,dél,Tanker,257206000,4.4,82.0,12.0
2026-07-06,Øresund,észak,Teherhajó,257415000,6.7,87.0,15.0
2026-07-06,Øresund,észak,Teherhajó,257556000,7.0,189.0,32.0
2026-07-06,Øresund,dél,Teherhajó,257870000,3.7,89.0,13.0
2026-07-06,Øresund,észak,Tanker,258715000,4.1,89.0,13.0
2026-07-06,Øresund,dél,Tanker,259372000,6.6,124.0,20.0
2026-07-06,Øresund,észak,Tanker,265068510,6.0,149.0,23.0
2026-07-06,Øresund,észak,Tanker,265072000,5.6,130.0,22.0
2026-07-06,Øresund,dél,Tanker,265610040,5.3,80.0,14.0
2026-07-06,Øresund,észak,Teherhajó,273218530,3.5,141.0,17.0
2026-07-06,Øresund,észak,Teherhajó,273297850,5.8,127.0,20.0
2026-07-06,Øresund,dél,Teherhajó,304145000,5.3,90.0,14.0
2026-07-06,Øresund,dél,Teherhajó,304323000,3.3,88.0,13.0
2026-07-06,Øresund,dél,Teherhajó,305175000,6.6,119.0,14.0
2026-07-06,Øresund,észak,Teherhajó,305391000,4.6,100.0,14.0
2026-07-06,Øresund,észak,Teherhajó,305458000,6.0,100.0,15.0
2026-07-06,Øresund,észak,Teherhajó,305465000,5.4,90.0,13.0
2026-07-06,Øresund,észak,Teherhajó,305662000,6.3,90.0,14.0
2026-07-06,Øresund,dél,Teherhajó,308803000,7.4,148.0,25.0
2026-07-06,Øresund,dél,Teherhajó,538003905,7.3,190.0,32.0
2026-07-06,Øresund,dél,Teherhajó,636023944,8.7,172.0,28.0
2026-07-06,Øresund,dél,Tanker,667002320,7.5,180.0,32.0
2026-07-07,Nagy-Balti-öv,dél,Teherhajó,210090000,4.7,89.0,13.0
2026-07-07,Nagy-Balti-öv,észak,Teherhajó,211265530,5.6,100.0,19.0
2026-07-07,Nagy-Balti-öv,észak,Teherhajó,215626000,11.3,186.0,28.0
2026-07-07,Nagy-Balti-öv,észak,Teherhajó,219543000,8.0,172.0,32.0
2026-07-07,Nagy-Balti-öv,dél,Teherhajó,230643000,5.7,187.0,27.0
2026-07-07,Nagy-Balti-öv,dél,Tanker,235108529,14.8,250.0,44.0
2026-07-07,Nagy-Balti-öv,dél,Tanker,240657000,12.3,249.0,44.0
2026-07-07,Nagy-Balti-öv,dél,Tanker,241348000,11.4,250.0,44.0
2026-07-07,Nagy-Balti-öv,dél,Teherhajó,241976000,13.6,200.0,32.0
2026-07-07,Nagy-Balti-öv,észak,Teherhajó,244067000,4.4,88.0,13.0
2026-07-07,Nagy-Balti-öv,észak,Teherhajó,248401000,8.2,130.0,22.0
2026-07-07,Nagy-Balti-öv,észak,Teherhajó,255769000,4.2,107.0,15.0
2026-07-07,Nagy-Balti-öv,észak,Teherhajó,255806513,8.5,168.0,25.0
2026-07-07,Nagy-Balti-öv,észak,Teherhajó,256883000,10.1,205.0,30.0
2026-07-07,Nagy-Balti-öv,észak,Teherhajó,257350220,4.3,100.0,16.0
2026-07-07,Nagy-Balti-öv,dél,Teherhajó,258114000,5.8,90.0,16.0
2026-07-07,Nagy-Balti-öv,dél,Teherhajó,258763000,6.2,94.0,15.0
2026-07-07,Nagy-Balti-öv,észak,Teherhajó,266247000,7.1,190.0,26.0
2026-07-07,Nagy-Balti-öv,észak,Tanker,268250702,10.8,183.0,32.0
2026-07-07,Nagy-Balti-öv,észak,Tanker,273278480,14.0,249.0,43.0
2026-07-07,Nagy-Balti-öv,dél,Teherhajó,304011027,3.6,90.0,12.0
2026-07-07,Nagy-Balti-öv,dél,Teherhajó,304559000,2.4,74.0,11.0
2026-07-07,Nagy-Balti-öv,dél,Teherhajó,305030000,6.9,162.0,23.0
2026-07-07,Nagy-Balti-öv,dél,Tanker,311000766,13.4,228.0,42.0
2026-07-07,Nagy-Balti-öv,észak,Teherhajó,311001904,4.5,78.0,10.0
2026-07-07,Nagy-Balti-öv,dél,Teherhajó,312726000,6.0,178.0,26.0
2026-07-07,Nagy-Balti-öv,észak,Tanker,319113500,9.4,147.0,24.0
2026-07-07,Nagy-Balti-öv,dél,Teherhajó,351011000,7.1,180.0,30.0
2026-07-07,Nagy-Balti-öv,észak,Teherhajó,354537000,10.2,237.0,32.0
2026-07-07,Nagy-Balti-öv,észak,Teherhajó,414689000,14.5,229.0,32.0
2026-07-07,Nagy-Balti-öv,dél,Tanker,538005215,9.7,142.0,24.0
2026-07-07,Nagy-Balti-öv,dél,Tanker,538007511,9.0,274.0,48.0
2026-07-07,Nagy-Balti-öv,dél,Teherhajó,538007705,7.9,225.0,48.0
2026-07-07,Nagy-Balti-öv,dél,Teherhajó,538009398,6.6,182.0,27.0
2026-07-07,Nagy-Balti-öv,észak,Teherhajó,538012218,10.0,180.0,28.0
2026-07-07,Nagy-Balti-öv,észak,Teherhajó,636016827,10.3,169.0,27.0
2026-07-07,Nagy-Balti-öv,dél,Tanker,636019100,10.9,183.0,32.0
2026-07-07,Nagy-Balti-öv,észak,Teherhajó,636022079,5.8,140.0,20.0
2026-07-07,Nagy-Balti-öv,észak,Teherhajó,636024103,10.1,180.0,28.0
2026-07-07,Nagy-Balti-öv,észak,Tanker,667002323,10.8,200.0,32.0
2026-07-07,Nagy-Balti-öv,dél,Teherhajó,667002344,9.8,172.0,32.0
2026-07-07,Øresund,dél,Tanker,205769000,5.5,98.0,17.0
2026-07-07,Øresund,észak,Teherhajó,209823000,5.0,92.0,15.0
2026-07-07,Øresund,dél,Teherhajó,211302790,4.5,87.0,15.0
2026-07-07,Øresund,dél,Teherhajó,211317180,5.1,100.0,17.0
2026-07-07,Øresund,dél,Teherhajó,212797000,3.9,100.0,13.0
2026-07-07,Øresund,észak,Tanker,215064000,5.6,88.0,15.0
2026-07-07,Øresund,észak,Teherhajó,219164000,4.6,86.0,14.0
2026-07-07,Øresund,észak,Teherhajó,231251000,5.5,83.0,13.0
2026-07-07,Øresund,dél,Teherhajó,232032735,6.0,106.0,15.0
2026-07-07,Øresund,dél,Teherhajó,244027000,3.2,89.0,13.0
2026-07-07,Øresund,dél,Tanker,244036000,5.1,108.0,16.0
2026-07-07,Øresund,észak,Teherhajó,244063000,5.7,89.0,13.0
2026-07-07,Øresund,dél,Teherhajó,244557000,4.0,89.0,12.0
2026-07-07,Øresund,dél,Tanker,244678000,6.5,116.0,15.0
2026-07-07,Øresund,dél,Teherhajó,246415000,3.6,88.0,14.0
2026-07-07,Øresund,dél,Teherhajó,246483000,5.8,88.0,13.0
2026-07-07,Øresund,észak,Teherhajó,246993000,5.4,111.0,14.0
2026-07-07,Øresund,észak,Tanker,255806151,7.2,125.0,20.0
2026-07-07,Øresund,észak,Teherhajó,255915809,6.8,200.0,24.0
2026-07-07,Øresund,észak,Teherhajó,257203000,6.4,90.0,15.0
2026-07-07,Øresund,dél,Teherhajó,257207000,6.4,90.0,14.0
2026-07-07,Øresund,észak,Teherhajó,257207000,6.4,90.0,14.0
2026-07-07,Øresund,észak,Tanker,257550000,6.3,129.0,20.0
2026-07-07,Øresund,dél,Teherhajó,257588000,6.2,122.0,20.0
2026-07-07,Øresund,észak,Teherhajó,257689000,4.6,102.0,16.0
2026-07-07,Øresund,észak,Teherhajó,258622000,5.0,101.0,17.0
2026-07-07,Øresund,észak,Teherhajó,258812000,4.6,116.0,17.0
2026-07-07,Øresund,észak,Tanker,265071000,5.3,130.0,22.0
2026-07-07,Øresund,dél,Teherhajó,265412000,6.1,170.0,24.0
2026-07-07,Øresund,dél,Teherhajó,305497000,4.5,90.0,15.0
2026-07-07,Øresund,dél,Teherhajó,305631000,4.6,126.0,14.0
2026-07-07,Øresund,észak,Teherhajó,311000834,6.8,149.0,22.0
2026-07-07,Øresund,dél,Teherhajó,311001826,3.2,74.0,10.0
2026-07-07,Øresund,dél,Tanker,314001020,6.8,183.0,32.0
2026-07-07,Øresund,dél,Tanker,314001093,7.4,245.0,42.0
2026-07-07,Øresund,dél,Teherhajó,352003658,7.3,229.0,38.0
2026-07-07,Øresund,észak,Teherhajó,352005147,6.6,183.0,31.0
2026-07-07,Øresund,észak,Tanker,440335000,5.8,146.0,25.0
2026-07-07,Øresund,dél,Teherhajó,538002629,6.9,229.0,32.0
2026-07-07,Øresund,dél,Teherhajó,538004090,6.4,189.0,32.0
2026-07-07,Øresund,dél,Teherhajó,538007194,6.9,199.0,32.0
2026-07-07,Øresund,dél,Tanker,538009930,7.5,250.0,44.0
2026-07-07,Øresund,észak,Tanker,636019889,7.6,274.0,48.0
2026-07-07,Øresund,észak,Teherhajó,636022047,9.1,161.0,25.0
2026-07-07,Øresund,dél,Teherhajó,636022414,7.5,229.0,38.0
2026-07-08,Nagy-Balti-öv,dél,Teherhajó,209968000,4.1,82.0,12.0
2026-07-08,Nagy-Balti-öv,dél,Teherhajó,212811000,7.2,100.0,16.0
2026-07-08,Nagy-Balti-öv,észak,Teherhajó,219027992,5.3,39.0,9.0
2026-07-08,Nagy-Balti-öv,észak,Tanker,219029880,8.0,147.0,22.0
2026-07-08,Nagy-Balti-öv,dél,Teherhajó,229648000,12.7,255.0,37.0
2026-07-08,Nagy-Balti-öv,dél,Tanker,230690000,9.0,156.0,24.0
2026-07-08,Nagy-Balti-öv,dél,Teherhajó,231613000,4.7,73.0,12.0
2026-07-08,Nagy-Balti-öv,dél,Teherhajó,231898000,4.0,89.0,13.0
2026-07-08,Nagy-Balti-öv,dél,Tanker,235108527,15.0,250.0,44.0
2026-07-08,Nagy-Balti-öv,észak,Tanker,241408000,14.2,237.0,42.0
2026-07-08,Nagy-Balti-öv,észak,Tanker,241456000,8.6,250.0,44.0
2026-07-08,Nagy-Balti-öv,dél,Teherhajó,244067000,3.0,88.0,13.0
2026-07-08,Nagy-Balti-öv,dél,Tanker,244335000,6.8,115.0,16.0
2026-07-08,Nagy-Balti-öv,észak,Teherhajó,245261000,10.0,172.0,25.0
2026-07-08,Nagy-Balti-öv,észak,Tanker,248891000,5.1,106.0,17.0
2026-07-08,Nagy-Balti-öv,dél,Tanker,249097000,12.3,250.0,44.0
2026-07-08,Nagy-Balti-öv,dél,Teherhajó,249934000,4.2,88.0,13.0
2026-07-08,Nagy-Balti-öv,dél,Teherhajó,255806175,7.4,119.0,15.0
2026-07-08,Nagy-Balti-öv,dél,Teherhajó,255924000,5.2,85.0,13.0
2026-07-08,Nagy-Balti-öv,dél,Teherhajó,258009780,5.3,88.0,12.0
2026-07-08,Nagy-Balti-öv,észak,Teherhajó,258114000,3.4,90.0,16.0
2026-07-08,Nagy-Balti-öv,dél,Tanker,259127000,11.9,225.0,36.0
2026-07-08,Nagy-Balti-öv,dél,Tanker,266473000,6.5,87.0,13.0
2026-07-08,Nagy-Balti-öv,dél,Tanker,273277840,8.6,244.0,42.0
2026-07-08,Nagy-Balti-öv,dél,Tanker,273279660,9.0,,
2026-07-08,Nagy-Balti-öv,dél,Teherhajó,305190000,5.2,86.0,13.0
2026-07-08,Nagy-Balti-öv,dél,Teherhajó,311000801,8.3,152.0,23.0
2026-07-08,Nagy-Balti-öv,észak,Tanker,311001728,11.0,183.0,33.0
2026-07-08,Nagy-Balti-öv,dél,Teherhajó,352003965,9.8,207.0,30.0
2026-07-08,Nagy-Balti-öv,észak,Teherhajó,352004953,9.5,193.0,28.0
2026-07-08,Nagy-Balti-öv,észak,Tanker,352005852,14.8,247.0,42.0
2026-07-08,Nagy-Balti-öv,észak,Teherhajó,352006299,10.1,199.0,32.0
2026-07-08,Nagy-Balti-öv,észak,Teherhajó,372078000,8.4,190.0,31.0
2026-07-08,Nagy-Balti-öv,észak,Teherhajó,372885000,14.4,235.0,38.0
2026-07-08,Nagy-Balti-öv,észak,Teherhajó,538005067,14.8,229.0,32.0
2026-07-08,Nagy-Balti-öv,észak,Teherhajó,563323500,8.4,158.0,25.0
2026-07-08,Nagy-Balti-öv,dél,Tanker,572561220,5.5,146.0,24.0
2026-07-08,Nagy-Balti-öv,dél,Tanker,613271403,8.7,244.0,42.0
2026-07-08,Nagy-Balti-öv,észak,Tanker,631010091,14.6,244.0,42.0
2026-07-08,Nagy-Balti-öv,észak,Teherhajó,636018217,13.2,229.0,32.0
2026-07-08,Nagy-Balti-öv,észak,Teherhajó,636018658,14.2,229.0,36.0
2026-07-08,Nagy-Balti-öv,dél,Teherhajó,636019109,14.3,229.0,32.0
2026-07-08,Nagy-Balti-öv,észak,Tanker,636019720,9.8,141.0,25.0
2026-07-08,Nagy-Balti-öv,észak,Teherhajó,636024016,10.8,190.0,33.0
2026-07-08,Nagy-Balti-öv,dél,Teherhajó,636024515,13.2,366.0,51.0
2026-07-08,Nagy-Balti-öv,észak,Teherhajó,636091995,10.3,208.0,30.0
2026-07-08,Nagy-Balti-öv,észak,Teherhajó,636093258,9.1,183.0,31.0
2026-07-08,Øresund,dél,Teherhajó,209325000,3.5,88.0,13.0
2026-07-08,Øresund,észak,Teherhajó,209325000,3.5,88.0,13.0
2026-07-08,Øresund,észak,Tanker,209415000,6.6,107.0,18.0
2026-07-08,Øresund,dél,Teherhajó,209823000,3.8,92.0,15.0
2026-07-08,Øresund,észak,Teherhajó,209977000,5.9,90.0,16.0
2026-07-08,Øresund,dél,Teherhajó,210524000,5.7,89.0,13.0
2026-07-08,Øresund,észak,Teherhajó,210704000,6.2,90.0,13.0
2026-07-08,Øresund,észak,Tanker,212123000,4.8,100.0,15.0
2026-07-08,Øresund,dél,Teherhajó,212617000,2.9,89.0,12.0
2026-07-08,Øresund,dél,Teherhajó,212810000,5.0,120.0,16.0
2026-07-08,Øresund,dél,Teherhajó,212821000,3.6,85.0,13.0
2026-07-08,Øresund,dél,Teherhajó,212882000,5.4,100.0,20.0
2026-07-08,Øresund,dél,Teherhajó,219026522,4.4,65.0,11.0
2026-07-08,Øresund,dél,Teherhajó,219304000,9.5,179.0,31.0
2026-07-08,Øresund,dél,Teherhajó,230719000,3.8,90.0,14.0
2026-07-08,Øresund,dél,Teherhajó,231099000,4.2,75.0,12.0
2026-07-08,Øresund,dél,Teherhajó,231920000,4.0,89.0,13.0
2026-07-08,Øresund,észak,Teherhajó,235060914,5.3,90.0,13.0
2026-07-08,Øresund,észak,Teherhajó,244850116,3.1,88.0,14.0
2026-07-08,Øresund,észak,Tanker,244944000,6.6,117.0,18.0
2026-07-08,Øresund,dél,Teherhajó,245190000,5.9,89.0,14.0
2026-07-08,Øresund,dél,Tanker,245313000,5.0,115.0,16.0
2026-07-08,Øresund,dél,Tanker,249362000,6.9,100.0,18.0
2026-07-08,Øresund,észak,Teherhajó,255805882,5.7,107.0,18.0
2026-07-08,Øresund,észak,Teherhajó,255806372,5.8,106.0,15.0
2026-07-08,Øresund,dél,Tanker,256717000,5.5,90.0,15.0
2026-07-08,Øresund,dél,Tanker,259360000,5.1,96.0,15.0
2026-07-08,Øresund,dél,Tanker,266466000,8.0,129.0,20.0
2026-07-08,Øresund,dél,Teherhajó,304028000,5.1,82.0,12.0
2026-07-08,Øresund,dél,Teherhajó,304199000,6.6,115.0,15.0
2026-07-08,Øresund,észak,Teherhajó,305078000,3.4,90.0,12.0
2026-07-08,Øresund,dél,Teherhajó,305479000,5.6,90.0,15.0
2026-07-08,Øresund,dél,Teherhajó,305531000,6.4,115.0,15.0
2026-07-08,Øresund,dél,Teherhajó,305779000,6.8,115.0,15.0
2026-07-08,Øresund,észak,Teherhajó,305821000,5.8,95.0,14.0
2026-07-08,Øresund,észak,Teherhajó,305848000,7.9,132.0,16.0
2026-07-08,Øresund,dél,Tanker,308871000,7.0,182.0,32.0
2026-07-08,Øresund,dél,Teherhajó,311001799,6.0,88.0,13.0
2026-07-08,Øresund,észak,Teherhajó,355390000,5.4,100.0,20.0
2026-07-08,Øresund,dél,Teherhajó,538011062,6.3,183.0,31.0
2026-07-08,Øresund,észak,Tanker,636019176,5.8,147.0,24.0
2026-07-08,Øresund,dél,Teherhajó,636021041,5.1,136.0,25.0
2026-07-08,Øresund,észak,Teherhajó,636023944,8.9,172.0,28.0
2026-07-08,Øresund,dél,Teherhajó,636023981,6.4,180.0,30.0
2026-07-08,Øresund,dél,Tanker,636025818,6.9,181.0,32.0
2026-07-09,Nagy-Balti-öv,észak,Teherhajó,212811000,4.2,100.0,16.0
2026-07-09,Nagy-Balti-öv,észak,Teherhajó,218030270,4.3,83.0,12.0
2026-07-09,Nagy-Balti-öv,dél,Teherhajó,219001284,2.1,31.0,7.0
2026-07-09,Nagy-Balti-öv,észak,Tanker,230706000,8.3,150.0,23.0
2026-07-09,Nagy-Balti-öv,észak,Teherhajó,231613000,3.0,73.0,12.0
2026-07-09,Nagy-Balti-öv,dél,Tanker,241962000,14.7,249.0,44.0
2026-07-09,Nagy-Balti-öv,észak,Tanker,246878000,6.4,155.0,22.0
2026-07-09,Nagy-Balti-öv,dél,Tanker,247433300,9.3,149.0,22.0
2026-07-09,Nagy-Balti-öv,észak,Tanker,248043000,6.3,128.0,20.0
2026-07-09,Nagy-Balti-öv,dél,Teherhajó,255769000,6.8,107.0,15.0
2026-07-09,Nagy-Balti-öv,dél,Teherhajó,255806081,10.9,179.0,27.0
2026-07-09,Nagy-Balti-öv,észak,Teherhajó,255806175,4.7,119.0,15.0
2026-07-09,Nagy-Balti-öv,észak,Teherhajó,255806352,6.8,141.0,22.0
2026-07-09,Nagy-Balti-öv,észak,Tanker,255915691,6.3,116.0,18.0
2026-07-09,Nagy-Balti-öv,dél,Tanker,258936000,6.7,160.0,26.0
2026-07-09,Nagy-Balti-öv,észak,Teherhajó,268246900,5.2,88.0,12.0
2026-07-09,Nagy-Balti-öv,észak,Teherhajó,304274000,3.9,80.0,12.0
2026-07-09,Nagy-Balti-öv,dél,Teherhajó,305665000,6.1,100.0,14.0
2026-07-09,Nagy-Balti-öv,dél,Tanker,311000449,14.7,275.0,48.0
2026-07-09,Nagy-Balti-öv,észak,Tanker,311000534,8.3,228.0,42.0
2026-07-09,Nagy-Balti-öv,dél,Teherhajó,311000972,8.2,150.0,22.0
2026-07-09,Nagy-Balti-öv,észak,Tanker,311001106,8.5,237.0,44.0
2026-07-09,Nagy-Balti-öv,dél,Tanker,311002021,9.3,277.0,48.0
2026-07-09,Nagy-Balti-öv,dél,Tanker,311027400,12.8,248.0,44.0
2026-07-09,Nagy-Balti-öv,dél,Tanker,319113500,8.3,147.0,24.0
2026-07-09,Nagy-Balti-öv,észak,Tanker,351341000,11.9,183.0,32.0
2026-07-09,Nagy-Balti-öv,dél,Teherhajó,352004747,9.5,192.0,28.0
2026-07-09,Nagy-Balti-öv,dél,Tanker,461000238,9.0,250.0,44.0
2026-07-09,Nagy-Balti-öv,észak,Tanker,511101346,12.2,183.0,32.0
2026-07-09,Nagy-Balti-öv,dél,Teherhajó,538004100,9.9,177.0,28.0
2026-07-09,Nagy-Balti-öv,dél,Tanker,538005404,10.7,183.0,27.0
2026-07-09,Nagy-Balti-öv,észak,Tanker,538008124,10.3,180.0,32.0
2026-07-09,Nagy-Balti-öv,észak,Teherhajó,538009486,10.7,180.0,30.0
2026-07-09,Nagy-Balti-öv,dél,Teherhajó,538009665,6.9,229.0,33.0
2026-07-09,Nagy-Balti-öv,észak,Tanker,538012559,14.4,250.0,44.0
2026-07-09,Nagy-Balti-öv,észak,Teherhajó,563065800,7.1,180.0,32.0
2026-07-09,Nagy-Balti-öv,észak,Teherhajó,563231000,11.2,398.0,51.0
2026-07-09,Nagy-Balti-öv,dél,Teherhajó,563288800,11.5,208.0,30.0
2026-07-09,Nagy-Balti-öv,dél,Tanker,613961020,8.0,244.0,42.0
2026-07-09,Nagy-Balti-öv,észak,Teherhajó,636017887,10.6,170.0,27.0
2026-07-09,Nagy-Balti-öv,észak,Tanker,636018682,12.9,250.0,44.0
2026-07-09,Nagy-Balti-öv,dél,Teherhajó,636023600,10.2,197.0,30.0
2026-07-09,Nagy-Balti-öv,észak,Teherhajó,636025449,13.9,368.0,51.0
2026-07-09,Nagy-Balti-öv,észak,Teherhajó,636093159,10.6,222.0,30.0
2026-07-09,Nagy-Balti-öv,észak,Teherhajó,636093385,14.6,229.0,32.0
2026-07-09,Øresund,észak,Teherhajó,210681000,7.2,120.0,16.0
2026-07-09,Øresund,dél,Teherhajó,211219630,4.2,75.0,12.0
2026-07-09,Øresund,észak,Teherhajó,211317180,7.4,100.0,17.0
2026-07-09,Øresund,észak,Teherhajó,212821000,5.9,85.0,13.0
2026-07-09,Øresund,észak,Teherhajó,212882000,5.4,100.0,20.0
2026-07-09,Øresund,dél,Teherhajó,215015000,7.2,225.0,32.0
2026-07-09,Øresund,dél,Tanker,215064000,5.9,88.0,15.0
2026-07-09,Øresund,észak,Teherhajó,219304000,9.5,179.0,31.0
2026-07-09,Øresund,dél,Teherhajó,230350000,6.6,120.0,18.0
2026-07-09,Øresund,észak,Tanker,231875000,6.1,144.0,23.0
2026-07-09,Øresund,észak,Teherhajó,236108000,5.2,83.0,13.0
2026-07-09,Øresund,észak,Tanker,244678000,5.0,116.0,15.0
2026-07-09,Øresund,észak,Teherhajó,245049000,6.3,119.0,14.0
2026-07-09,Øresund,dél,Teherhajó,246141000,4.6,100.0,17.0
2026-07-09,Øresund,dél,Teherhajó,246218000,3.9,82.0,13.0
2026-07-09,Øresund,dél,Tanker,246272000,6.0,115.0,17.0
2026-07-09,Øresund,észak,Tanker,249223000,5.4,100.0,18.0
2026-07-09,Øresund,dél,Teherhajó,255805594,8.1,158.0,24.0
2026-07-09,Øresund,észak,Teherhajó,255805594,8.1,158.0,24.0
2026-07-09,Øresund,észak,Teherhajó,255806522,6.0,117.0,16.0
2026-07-09,Øresund,dél,Teherhajó,255861000,5.6,89.0,15.0
2026-07-09,Øresund,észak,Teherhajó,255915934,4.9,88.0,12.0
2026-07-09,Øresund,észak,Teherhajó,255916070,4.7,100.0,13.0
2026-07-09,Øresund,dél,Teherhajó,255916314,7.1,148.0,27.0
2026-07-09,Øresund,észak,Teherhajó,255916314,7.1,148.0,27.0
2026-07-09,Øresund,dél,Teherhajó,256608000,7.0,190.0,32.0
2026-07-09,Øresund,észak,Tanker,256717000,5.0,90.0,15.0
2026-07-09,Øresund,dél,Tanker,256959000,5.6,99.0,17.0
2026-07-09,Øresund,észak,Teherhajó,257588000,5.1,122.0,20.0
2026-07-09,Øresund,észak,Teherhajó,258009780,5.5,88.0,12.0
2026-07-09,Øresund,észak,Teherhajó,258763000,6.6,94.0,15.0
2026-07-09,Øresund,dél,Teherhajó,258809000,4.2,90.0,14.0
2026-07-09,Øresund,észak,Teherhajó,258809000,4.2,90.0,14.0
2026-07-09,Øresund,dél,Tanker,265056000,4.4,67.0,12.0
2026-07-09,Øresund,észak,Tanker,265056000,4.4,67.0,12.0
2026-07-09,Øresund,észak,Teherhajó,265073780,,29.0,6.0
2026-07-09,Øresund,észak,Teherhajó,265411000,6.9,161.0,24.0
2026-07-09,Øresund,észak,Tanker,266466000,5.6,129.0,20.0
2026-07-09,Øresund,dél,Teherhajó,275535000,6.8,134.0,20.0
2026-07-09,Øresund,észak,Teherhajó,275558000,6.6,86.0,15.0
2026-07-09,Øresund,észak,Teherhajó,304028000,2.7,82.0,12.0
2026-07-09,Øresund,dél,Teherhajó,304050000,6.1,89.0,12.0
2026-07-09,Øresund,dél,Teherhajó,305224000,6.6,89.0,14.0
2026-07-09,Øresund,észak,Teherhajó,305411000,6.1,130.0,20.0
2026-07-09,Øresund,dél,Teherhajó,305412000,7.7,129.0,20.0
2026-07-09,Øresund,dél,Teherhajó,305715000,5.2,107.0,18.0
2026-07-09,Øresund,dél,Teherhajó,311002018,6.7,89.0,15.0
2026-07-09,Øresund,dél,Teherhajó,314035000,3.1,87.0,11.0
2026-07-09,Øresund,észak,Teherhajó,314037000,4.2,88.0,12.0
2026-07-09,Øresund,dél,Teherhajó,314377000,4.6,90.0,15.0
2026-07-09,Øresund,dél,Teherhajó,352004714,7.3,199.0,36.0
2026-07-09,Øresund,észak,Teherhajó,353083000,6.4,140.0,22.0
2026-07-09,Øresund,dél,Teherhajó,371963000,7.2,229.0,32.0
2026-07-09,Øresund,dél,Tanker,440335000,5.8,146.0,25.0
2026-07-09,Øresund,dél,Tanker,538009926,6.9,180.0,29.0
2026-07-09,Øresund,dél,Teherhajó,538011107,7.0,225.0,32.0
2026-07-09,Øresund,észak,Tanker,563326600,4.1,99.0,18.0
2026-07-09,Øresund,dél,Tanker,636022074,7.4,183.0,32.0
2026-07-09,Øresund,dél,Teherhajó,636023222,3.0,89.0,13.0
2026-07-09,Øresund,dél,Teherhajó,636024961,7.0,200.0,32.0
2026-07-09,Øresund,dél,Teherhajó,636025891,7.1,229.0,32.0
2026-07-09,Øresund,dél,Teherhajó,636093331,7.0,180.0,30.0
2026-07-10,Nagy-Balti-öv,dél,Tanker,205228000,14.7,274.0,48.0
2026-07-10,Nagy-Balti-öv,dél,Teherhajó,209977000,5.8,90.0,16.0
2026-07-10,Nagy-Balti-öv,észak,Teherhajó,210359000,7.2,152.0,24.0
2026-07-10,Nagy-Balti-öv,dél,Tanker,211135000,10.9,178.0,28.0
2026-07-10,Nagy-Balti-öv,dél,Tanker,218019000,10.9,188.0,32.0
2026-07-10,Nagy-Balti-öv,dél,Teherhajó,219136000,8.9,200.0,36.0
2026-07-10,Nagy-Balti-öv,észak,Tanker,228460900,9.5,299.0,46.0
2026-07-10,Nagy-Balti-öv,észak,Teherhajó,230618000,5.8,218.0,27.0
2026-07-10,Nagy-Balti-öv,dél,Teherhajó,230618000,5.8,218.0,27.0
2026-07-10,Nagy-Balti-öv,észak,Tanker,235108534,9.0,250.0,44.0
2026-07-10,Nagy-Balti-öv,dél,Teherhajó,236729000,7.0,116.0,16.0
2026-07-10,Nagy-Balti-öv,észak,Tanker,244335000,4.7,115.0,16.0
2026-07-10,Nagy-Balti-öv,dél,Teherhajó,244730000,7.0,173.0,25.0
2026-07-10,Nagy-Balti-öv,észak,Teherhajó,246539000,8.4,150.0,16.0
2026-07-10,Nagy-Balti-öv,dél,Tanker,248180000,5.0,101.0,16.0
2026-07-10,Nagy-Balti-öv,észak,Teherhajó,255769000,4.1,107.0,15.0
2026-07-10,Nagy-Balti-öv,észak,Tanker,255915978,9.5,149.0,24.0
2026-07-10,Nagy-Balti-öv,dél,Teherhajó,256800000,8.0,205.0,30.0
2026-07-10,Nagy-Balti-öv,észak,Teherhajó,259168000,12.2,199.0,32.0
2026-07-10,Nagy-Balti-öv,dél,Tanker,266273000,10.1,156.0,24.0
2026-07-10,Nagy-Balti-öv,dél,Tanker,266436000,5.8,100.0,18.0
2026-07-10,Nagy-Balti-öv,dél,Tanker,273270850,8.9,250.0,44.0
2026-07-10,Nagy-Balti-öv,észak,Teherhajó,305055000,7.0,139.0,22.0
2026-07-10,Nagy-Balti-öv,észak,Teherhajó,305522000,2.6,90.0,13.0
2026-07-10,Nagy-Balti-öv,észak,Teherhajó,305661000,3.7,82.0,12.0
2026-07-10,Nagy-Balti-öv,dél,Teherhajó,308704000,9.7,180.0,25.0
2026-07-10,Nagy-Balti-öv,észak,Teherhajó,311002148,14.4,225.0,32.0
2026-07-10,Nagy-Balti-öv,dél,Teherhajó,351074000,10.1,190.0,30.0
2026-07-10,Nagy-Balti-öv,dél,Tanker,352005301,8.0,246.0,42.0
2026-07-10,Nagy-Balti-öv,dél,Teherhajó,352005615,6.4,191.0,24.0
2026-07-10,Nagy-Balti-öv,észak,Teherhajó,370550000,13.5,229.0,32.0
2026-07-10,Nagy-Balti-öv,észak,Teherhajó,371089000,14.4,229.0,33.0
2026-07-10,Nagy-Balti-öv,észak,Teherhajó,414341000,14.7,225.0,32.0
2026-07-10,Nagy-Balti-öv,dél,Tanker,461000249,8.0,249.0,44.0
2026-07-10,Nagy-Balti-öv,észak,Teherhajó,477165600,10.4,197.0,32.0
2026-07-10,Nagy-Balti-öv,észak,Tanker,538003218,4.8,100.0,18.0
2026-07-10,Nagy-Balti-öv,észak,Tanker,538005512,8.8,256.0,43.0
2026-07-10,Nagy-Balti-öv,dél,Teherhajó,538007004,10.2,190.0,32.0
2026-07-10,Nagy-Balti-öv,észak,Teherhajó,563076300,11.7,292.0,32.0
2026-07-10,Nagy-Balti-öv,észak,Teherhajó,636015849,11.0,190.0,32.0
2026-07-10,Nagy-Balti-öv,dél,Teherhajó,636016432,10.3,280.0,32.0
2026-07-10,Nagy-Balti-öv,észak,Teherhajó,636018490,10.8,178.0,28.0
2026-07-10,Nagy-Balti-öv,dél,Tanker,636020805,14.4,250.0,44.0
2026-07-10,Nagy-Balti-öv,dél,Teherhajó,636021217,12.9,190.0,32.0
2026-07-10,Nagy-Balti-öv,észak,Teherhajó,636025718,12.2,199.0,32.0
2026-07-10,Øresund,észak,Tanker,205769000,4.6,97.0,16.0
2026-07-10,Øresund,észak,Teherhajó,209823000,5.6,92.0,15.0
2026-07-10,Øresund,észak,Teherhajó,210223000,6.3,104.0,16.0
2026-07-10,Øresund,dél,Teherhajó,210935000,6.5,90.0,14.0
2026-07-10,Øresund,dél,Tanker,212123000,5.4,100.0,15.0
2026-07-10,Øresund,dél,Teherhajó,212882000,4.8,100.0,20.0
2026-07-10,Øresund,dél,Tanker,215033000,5.5,124.0,17.0
2026-07-10,Øresund,észak,Teherhajó,219026522,3.2,65.0,11.0
2026-07-10,Øresund,dél,Teherhajó,229941000,5.8,152.0,22.0
2026-07-10,Øresund,dél,Teherhajó,230042000,5.1,134.0,20.0
2026-07-10,Øresund,dél,Teherhajó,230693000,5.4,88.0,13.0
2026-07-10,Øresund,észak,Teherhajó,231068000,7.1,100.0,14.0
2026-07-10,Øresund,észak,Teherhajó,231920000,5.1,89.0,13.0
2026-07-10,Øresund,észak,Teherhajó,244027000,5.3,89.0,13.0
2026-07-10,Øresund,dél,Tanker,244678000,6.7,116.0,15.0
2026-07-10,Øresund,észak,Teherhajó,244860255,5.2,123.0,17.0
2026-07-10,Øresund,észak,Teherhajó,244890901,3.2,88.0,14.0
2026-07-10,Øresund,dél,Teherhajó,245097000,7.1,205.0,26.0
2026-07-10,Øresund,észak,Teherhajó,245266000,5.0,115.0,17.0
2026-07-10,Øresund,dél,Teherhajó,246244000,5.3,141.0,24.0
2026-07-10,Øresund,észak,Teherhajó,246278000,6.8,121.0,21.0
2026-07-10,Øresund,észak,Teherhajó,247381900,5.6,157.0,25.0
2026-07-10,Øresund,dél,Teherhajó,255791000,4.2,88.0,14.0
2026-07-10,Øresund,észak,Teherhajó,255805980,5.4,88.0,12.0
2026-07-10,Øresund,dél,Teherhajó,255806139,6.1,116.0,17.0
2026-07-10,Øresund,észak,Teherhajó,255806387,4.9,106.0,14.0
2026-07-10,Øresund,észak,Teherhajó,255808000,4.7,89.0,16.0
2026-07-10,Øresund,dél,Teherhajó,255862000,4.5,89.0,15.0
2026-07-10,Øresund,észak,Teherhajó,255915585,5.7,89.0,12.0
2026-07-10,Øresund,észak,Tanker,255915982,6.0,144.0,23.0
2026-07-10,Øresund,észak,Tanker,257409000,6.4,140.0,22.0
2026-07-10,Øresund,dél,Tanker,257942000,4.6,89.0,13.0
2026-07-10,Øresund,észak,Teherhajó,265052000,6.3,153.0,21.0
2026-07-10,Øresund,dél,Teherhajó,268260900,4.3,105.0,16.0
2026-07-10,Øresund,észak,Teherhajó,275535000,5.4,134.0,20.0
2026-07-10,Øresund,észak,Teherhajó,304011027,4.2,90.0,12.0
2026-07-10,Øresund,dél,Teherhajó,304717000,3.8,88.0,12.0
2026-07-10,Øresund,dél,Teherhajó,304958000,4.4,106.0,15.0
2026-07-10,Øresund,észak,Teherhajó,305001300,4.4,82.0,12.0
2026-07-10,Øresund,észak,Teherhajó,305412000,6.0,129.0,20.0
2026-07-10,Øresund,észak,Teherhajó,305511000,4.3,99.0,14.0
2026-07-10,Øresund,dél,Teherhajó,305773000,6.3,140.0,22.0
2026-07-10,Øresund,dél,Teherhajó,352004276,6.1,190.0,32.0
2026-07-10,Øresund,dél,Tanker,352004884,7.3,180.0,28.0
2026-07-10,Øresund,dél,Teherhajó,355444000,5.4,100.0,21.0
2026-07-10,Øresund,észak,Teherhajó,371950000,4.1,89.0,13.0
2026-07-10,Øresund,dél,Teherhajó,374275000,6.4,179.0,29.0
2026-07-10,Øresund,dél,Teherhajó,538010985,5.9,180.0,28.0
2026-07-10,Øresund,dél,Tanker,636021090,7.4,250.0,44.0
2026-07-10,Øresund,észak,Tanker,636024820,6.9,180.0,29.0
2026-07-11,Nagy-Balti-öv,dél,Teherhajó,209732000,2.9,88.0,12.0
2026-07-11,Nagy-Balti-öv,észak,Teherhajó,210195000,9.4,170.0,27.0
2026-07-11,Nagy-Balti-öv,észak,Teherhajó,212060000,10.8,255.0,43.0
2026-07-11,Nagy-Balti-öv,észak,Teherhajó,212820000,6.1,90.0,14.0
2026-07-11,Nagy-Balti-öv,dél,Teherhajó,215362000,10.1,170.0,28.0
2026-07-11,Nagy-Balti-öv,észak,Teherhajó,215475000,9.4,190.0,32.0
2026-07-11,Nagy-Balti-öv,dél,Tanker,219032454,,14.0,4.0
2026-07-11,Nagy-Balti-öv,dél,Teherhajó,219164000,7.3,86.0,14.0
2026-07-11,Nagy-Balti-öv,észak,Tanker,219333000,8.0,206.0,32.0
2026-07-11,Nagy-Balti-öv,dél,Tanker,219775000,9.0,147.0,22.0
2026-07-11,Nagy-Balti-öv,észak,Tanker,220018000,5.0,78.0,13.0
2026-07-11,Nagy-Balti-öv,dél,Tanker,228432600,11.2,299.0,46.0
2026-07-11,Nagy-Balti-öv,dél,Tanker,229767000,11.8,288.0,44.0
2026-07-11,Nagy-Balti-öv,észak,Tanker,247433300,6.4,149.0,22.0
2026-07-11,Nagy-Balti-öv,dél,Teherhajó,248794000,12.7,399.0,58.0
2026-07-11,Nagy-Balti-öv,észak,Teherhajó,255806267,7.5,141.0,23.0
2026-07-11,Nagy-Balti-öv,dél,Teherhajó,257064430,6.1,90.0,14.0
2026-07-11,Nagy-Balti-öv,észak,Teherhajó,257076220,5.7,89.0,13.0
2026-07-11,Nagy-Balti-öv,dél,Tanker,257374000,8.8,140.0,22.0
2026-07-11,Nagy-Balti-öv,dél,Teherhajó,258114000,6.0,90.0,16.0
2026-07-11,Nagy-Balti-öv,dél,Teherhajó,258656000,6.1,94.0,15.0
2026-07-11,Nagy-Balti-öv,észak,Tanker,258936000,6.6,160.0,26.0
2026-07-11,Nagy-Balti-öv,észak,Tanker,265610040,3.5,80.0,14.0
2026-07-11,Nagy-Balti-öv,észak,Teherhajó,273432030,7.1,120.0,18.0
2026-07-11,Nagy-Balti-öv,észak,Teherhajó,304043000,6.7,144.0,24.0
2026-07-11,Nagy-Balti-öv,dél,Teherhajó,304953000,4.2,82.0,11.0
2026-07-11,Nagy-Balti-öv,észak,Tanker,314898000,15.0,244.0,42.0
2026-07-11,Nagy-Balti-öv,észak,Teherhajó,351361000,12.4,365.0,51.0
2026-07-11,Nagy-Balti-öv,észak,Tanker,352004478,11.7,183.0,32.0
2026-07-11,Nagy-Balti-öv,észak,Teherhajó,352005165,14.0,225.0,32.0
2026-07-11,Nagy-Balti-öv,dél,Tanker,354536000,9.0,274.0,48.0
2026-07-11,Nagy-Balti-öv,dél,Teherhajó,354711000,10.6,196.0,33.0
2026-07-11,Nagy-Balti-öv,észak,Teherhajó,357133000,14.1,225.0,32.0
2026-07-11,Nagy-Balti-öv,észak,Teherhajó,368444000,10.2,231.0,33.0
2026-07-11,Nagy-Balti-öv,dél,Teherhajó,405000390,11.8,200.0,36.0
2026-07-11,Nagy-Balti-öv,észak,Tanker,461000240,15.0,275.0,48.0
2026-07-11,Nagy-Balti-öv,dél,Teherhajó,477552100,8.8,211.0,30.0
2026-07-11,Nagy-Balti-öv,észak,Teherhajó,477867700,9.5,180.0,30.0
2026-07-11,Nagy-Balti-öv,dél,Tanker,533130869,14.4,250.0,44.0
2026-07-11,Nagy-Balti-öv,észak,Tanker,538005823,9.2,250.0,44.0
2026-07-11,Nagy-Balti-öv,dél,Teherhajó,538008963,10.5,199.0,36.0
2026-07-11,Nagy-Balti-öv,észak,Teherhajó,538009131,12.6,200.0,32.0
2026-07-11,Nagy-Balti-öv,dél,Teherhajó,538010031,8.5,161.0,25.0
2026-07-11,Nagy-Balti-öv,észak,Teherhajó,538010497,12.2,190.0,32.0
2026-07-11,Nagy-Balti-öv,dél,Tanker,538011942,12.4,250.0,44.0
2026-07-11,Nagy-Balti-öv,észak,Tanker,563274300,9.5,299.0,46.0
2026-07-11,Nagy-Balti-öv,észak,Teherhajó,566060000,8.5,162.0,24.0
2026-07-11,Nagy-Balti-öv,dél,Teherhajó,605086012,7.0,138.0,21.0
2026-07-11,Nagy-Balti-öv,észak,Tanker,613407501,10.5,181.0,27.0
2026-07-11,Nagy-Balti-öv,észak,Teherhajó,636017645,7.6,200.0,32.0
2026-07-11,Nagy-Balti-öv,észak,Teherhajó,636018144,6.5,194.0,29.0
2026-07-11,Nagy-Balti-öv,észak,Tanker,636021919,8.7,127.0,20.0
2026-07-11,Nagy-Balti-öv,dél,Teherhajó,636023268,14.5,366.0,51.0
2026-07-11,Nagy-Balti-öv,észak,Tanker,636023942,9.0,250.0,44.0
2026-07-11,Nagy-Balti-öv,észak,Tanker,667002511,15.0,274.0,48.0
2026-07-11,Øresund,észak,Teherhajó,209621000,4.4,90.0,16.0
2026-07-11,Øresund,dél,Teherhajó,209823000,3.8,92.0,15.0
2026-07-11,Øresund,dél,Teherhajó,210704000,4.3,90.0,13.0
2026-07-11,Øresund,dél,Teherhajó,211141000,7.9,134.0,23.0
2026-07-11,Øresund,észak,Teherhajó,211284350,6.1,100.0,17.0
2026-07-11,Øresund,észak,Teherhajó,211302790,6.6,87.0,15.0
2026-07-11,Øresund,dél,Teherhajó,211317180,5.0,100.0,17.0
2026-07-11,Øresund,észak,Teherhajó,212530000,6.5,90.0,15.0
2026-07-11,Øresund,dél,Teherhajó,212979000,5.4,90.0,15.0
2026-07-11,Øresund,észak,Tanker,215064000,5.6,88.0,15.0
2026-07-11,Øresund,dél,Tanker,219018272,5.8,115.0,17.0
2026-07-11,Øresund,észak,Tanker,219018272,5.8,115.0,17.0
2026-07-11,Øresund,észak,Tanker,219029722,6.5,147.0,22.0
2026-07-11,Øresund,dél,Teherhajó,230351000,6.6,120.0,18.0
2026-07-11,Øresund,dél,Teherhajó,230696000,6.6,122.0,21.0
2026-07-11,Øresund,észak,Teherhajó,230697000,7.4,238.0,35.0
2026-07-11,Øresund,dél,Teherhajó,230700000,6.9,238.0,35.0
2026-07-11,Øresund,észak,Teherhajó,231099000,5.0,75.0,12.0
2026-07-11,Øresund,észak,Teherhajó,231815000,7.1,105.0,14.0
2026-07-11,Øresund,dél,Teherhajó,231906000,6.4,89.0,13.0
2026-07-11,Øresund,észak,Tanker,231917000,4.5,90.0,14.0
2026-07-11,Øresund,észak,Teherhajó,231921000,6.8,90.0,16.0
2026-07-11,Øresund,dél,Teherhajó,236108000,3.5,83.0,13.0
2026-07-11,Øresund,dél,Teherhajó,244020808,5.1,98.0,13.0
2026-07-11,Øresund,dél,Teherhajó,244790608,5.3,111.0,17.0
2026-07-11,Øresund,dél,Teherhajó,246090000,6.2,90.0,15.0
2026-07-11,Øresund,észak,Teherhajó,246571000,3.4,119.0,13.0
2026-07-11,Øresund,dél,Teherhajó,246993000,3.8,111.0,14.0
2026-07-11,Øresund,dél,Tanker,248891000,4.8,106.0,17.0
2026-07-11,Øresund,észak,Tanker,249362000,5.7,100.0,18.0
2026-07-11,Øresund,észak,Teherhajó,249934000,4.0,88.0,13.0
2026-07-11,Øresund,dél,Teherhajó,255769000,4.1,107.0,15.0
2026-07-11,Øresund,észak,Teherhajó,255769000,4.1,107.0,15.0
2026-07-11,Øresund,észak,Teherhajó,255805577,6.4,140.0,23.0
2026-07-11,Øresund,dél,Teherhajó,255805842,6.6,141.0,22.0
2026-07-11,Øresund,dél,Teherhajó,255806352,6.4,141.0,22.0
2026-07-11,Øresund,észak,Teherhajó,255806352,6.4,141.0,22.0
2026-07-11,Øresund,észak,Teherhajó,255806478,6.5,98.0,15.0
2026-07-11,Øresund,dél,Teherhajó,255809000,5.4,89.0,16.0
2026-07-11,Øresund,dél,Teherhajó,255915573,4.8,110.0,17.0
2026-07-11,Øresund,észak,Teherhajó,255915626,6.1,99.0,16.0
2026-07-11,Øresund,dél,Teherhajó,255916550,4.1,89.0,16.0
2026-07-11,Øresund,dél,Teherhajó,257035870,5.8,90.0,14.0
2026-07-11,Øresund,dél,Teherhajó,258006930,5.1,101.0,17.0
2026-07-11,Øresund,dél,Tanker,258751000,8.8,144.0,23.0
2026-07-11,Øresund,dél,Teherhajó,265052000,6.3,153.0,21.0
2026-07-11,Øresund,dél,Tanker,266212000,5.0,80.0,14.0
2026-07-11,Øresund,észak,Teherhajó,273395260,3.8,140.0,17.0
2026-07-11,Øresund,dél,Teherhajó,304028000,3.8,82.0,12.0
2026-07-11,Øresund,észak,Teherhajó,304944000,5.7,99.0,16.0
2026-07-11,Øresund,dél,Teherhajó,305032300,5.5,135.0,23.0
2026-07-11,Øresund,észak,Teherhajó,305224000,4.2,89.0,14.0
2026-07-11,Øresund,dél,Teherhajó,305597000,7.6,118.0,15.0
2026-07-11,Øresund,dél,Teherhajó,305762000,5.6,104.0,15.0
2026-07-11,Øresund,észak,Teherhajó,308803000,6.7,148.0,25.0
2026-07-11,Øresund,észak,Teherhajó,311818000,4.1,82.0,11.0
2026-07-11,Øresund,dél,Teherhajó,319995000,6.5,197.0,32.0
2026-07-11,Øresund,észak,Teherhajó,341832000,3.9,79.0,11.0
2026-07-11,Øresund,dél,Teherhajó,352006699,7.4,134.0,24.0
2026-07-11,Øresund,dél,Tanker,354290000,7.0,247.0,42.0
2026-07-11,Øresund,észak,Teherhajó,355444000,4.7,100.0,21.0
2026-07-11,Øresund,dél,Teherhajó,538003906,6.5,180.0,28.0
2026-07-11,Øresund,dél,Teherhajó,538005604,7.0,178.0,29.0
2026-07-11,Øresund,dél,Teherhajó,636015428,7.0,229.0,32.0
2026-07-11,Øresund,dél,Teherhajó,636016450,7.2,229.0,32.0
2026-07-11,Øresund,észak,Tanker,636019100,7.2,183.0,32.0
2026-07-12,Nagy-Balti-öv,dél,Teherhajó,209535000,5.8,90.0,13.0
2026-07-12,Nagy-Balti-öv,dél,Teherhajó,210359000,7.4,152.0,24.0
2026-07-12,Nagy-Balti-öv,észak,Teherhajó,215459000,11.0,229.0,38.0
2026-07-12,Nagy-Balti-öv,észak,Tanker,219034365,6.6,147.0,22.0
2026-07-12,Nagy-Balti-öv,észak,Teherhajó,219115000,11.8,200.0,36.0
2026-07-12,Nagy-Balti-öv,észak,Teherhajó,219164000,4.6,86.0,14.0
2026-07-12,Nagy-Balti-öv,dél,Tanker,220018000,5.0,78.0,13.0
2026-07-12,Nagy-Balti-öv,észak,Tanker,220018000,5.0,78.0,13.0
2026-07-12,Nagy-Balti-öv,észak,Teherhajó,229648000,9.3,255.0,37.0
2026-07-12,Nagy-Balti-öv,észak,Teherhajó,230643000,5.8,187.0,27.0
2026-07-12,Nagy-Balti-öv,észak,Tanker,235108527,9.0,250.0,44.0
2026-07-12,Nagy-Balti-öv,észak,Teherhajó,236729000,4.2,116.0,16.0
2026-07-12,Nagy-Balti-öv,észak,Teherhajó,241166000,13.2,190.0,32.0
2026-07-12,Nagy-Balti-öv,észak,Teherhajó,246396000,9.1,185.0,25.0
2026-07-12,Nagy-Balti-öv,dél,Tanker,248006000,14.6,250.0,44.0
2026-07-12,Nagy-Balti-öv,észak,Teherhajó,255806457,6.2,150.0,26.0
2026-07-12,Nagy-Balti-öv,észak,Teherhajó,255915747,14.1,229.0,32.0
2026-07-12,Nagy-Balti-öv,dél,Teherhajó,255917283,7.6,170.0,25.0
2026-07-12,Nagy-Balti-öv,dél,Teherhajó,256882000,8.2,205.0,30.0
2026-07-12,Nagy-Balti-öv,észak,Teherhajó,257064430,4.0,90.0,14.0
2026-07-12,Nagy-Balti-öv,dél,Teherhajó,257114000,6.2,95.0,14.0
2026-07-12,Nagy-Balti-öv,észak,Teherhajó,258656000,4.1,94.0,15.0
2026-07-12,Nagy-Balti-öv,észak,Tanker,258914000,7.4,180.0,28.0
2026-07-12,Nagy-Balti-öv,dél,Tanker,265072000,8.8,130.0,22.0
2026-07-12,Nagy-Balti-öv,dél,Tanker,273257120,4.8,96.0,15.0
2026-07-12,Nagy-Balti-öv,észak,Teherhajó,304010228,7.1,152.0,22.0
2026-07-12,Nagy-Balti-öv,dél,Teherhajó,305412000,6.5,129.0,20.0
2026-07-12,Nagy-Balti-öv,észak,Teherhajó,311001625,9.7,199.0,30.0
2026-07-12,Nagy-Balti-öv,dél,Tanker,314153000,9.2,274.0,48.0
2026-07-12,Nagy-Balti-öv,észak,Teherhajó,314620000,5.1,90.0,12.0
2026-07-12,Nagy-Balti-öv,észak,Teherhajó,352005578,12.6,190.0,32.0
2026-07-12,Nagy-Balti-öv,észak,Teherhajó,356749000,7.2,229.0,32.0
2026-07-12,Nagy-Balti-öv,észak,Teherhajó,405000306,13.7,200.0,32.0
2026-07-12,Nagy-Balti-öv,észak,Tanker,477957300,15.0,274.0,48.0
2026-07-12,Nagy-Balti-öv,észak,Teherhajó,538002980,12.8,190.0,32.0
2026-07-12,Nagy-Balti-öv,észak,Teherhajó,538008112,12.3,190.0,32.0
2026-07-12,Nagy-Balti-öv,észak,Teherhajó,538090687,11.0,190.0,32.0
2026-07-12,Nagy-Balti-öv,dél,Tanker,563318200,9.7,159.0,27.0
2026-07-12,Nagy-Balti-öv,észak,Teherhajó,564761000,10.9,178.0,28.0
2026-07-12,Nagy-Balti-öv,észak,Tanker,636014378,8.0,229.0,42.0
2026-07-12,Nagy-Balti-öv,észak,Teherhajó,636017582,11.6,202.0,33.0
2026-07-12,Nagy-Balti-öv,észak,Teherhajó,636020265,12.5,210.0,32.0
2026-07-12,Nagy-Balti-öv,dél,Teherhajó,636023986,10.5,180.0,30.0
2026-07-12,Nagy-Balti-öv,dél,Tanker,636025948,8.4,275.0,48.0
2026-07-12,Øresund,dél,Tanker,209507000,5.1,109.0,16.0
2026-07-12,Øresund,dél,Tanker,210145000,11.5,186.0,32.0
2026-07-12,Øresund,észak,Tanker,210855000,6.9,109.0,17.0
2026-07-12,Øresund,észak,Teherhajó,212882000,5.4,100.0,20.0
2026-07-12,Øresund,dél,Teherhajó,212963000,8.2,152.0,24.0
2026-07-12,Øresund,észak,Teherhajó,212963000,8.2,152.0,24.0
2026-07-12,Øresund,észak,Teherhajó,218805000,3.4,90.0,15.0
2026-07-12,Øresund,észak,Tanker,219814000,6.5,147.0,22.0
2026-07-12,Øresund,dél,Teherhajó,231843000,6.0,89.0,14.0
2026-07-12,Øresund,dél,Teherhajó,231908000,3.5,86.0,12.0
2026-07-12,Øresund,dél,Tanker,244335000,6.7,115.0,16.0
2026-07-12,Øresund,észak,Teherhajó,245190000,4.3,89.0,14.0
2026-07-12,Øresund,észak,Teherhajó,246141000,5.5,100.0,17.0
2026-07-12,Øresund,dél,Teherhajó,246521000,7.3,205.0,26.0
2026-07-12,Øresund,észak,Teherhajó,246883000,4.8,151.0,26.0
2026-07-12,Øresund,dél,Teherhajó,249032000,6.3,181.0,30.0
2026-07-12,Øresund,dél,Tanker,249223000,6.7,100.0,18.0
2026-07-12,Øresund,dél,Teherhajó,255805594,7.8,158.0,24.0
2026-07-12,Øresund,észak,Teherhajó,255805594,7.8,158.0,24.0
2026-07-12,Øresund,dél,Teherhajó,255805980,3.9,88.0,12.0
2026-07-12,Øresund,dél,Teherhajó,255806267,7.5,141.0,23.0
2026-07-12,Øresund,dél,Teherhajó,255806314,4.0,106.0,15.0
2026-07-12,Øresund,dél,Teherhajó,255806478,4.8,98.0,15.0
2026-07-12,Øresund,dél,Teherhajó,255845000,6.2,90.0,16.0
2026-07-12,Øresund,dél,Teherhajó,255915585,3.3,89.0,12.0
2026-07-12,Øresund,észak,Teherhajó,255915625,6.2,99.0,16.0
2026-07-12,Øresund,észak,Teherhajó,255915755,7.1,90.0,15.0
2026-07-12,Øresund,észak,Teherhajó,255915849,5.5,89.0,16.0
2026-07-12,Øresund,dél,Tanker,256717000,5.7,90.0,15.0
2026-07-12,Øresund,észak,Tanker,256717000,5.7,90.0,15.0
2026-07-12,Øresund,dél,Teherhajó,257076220,3.4,89.0,13.0
2026-07-12,Øresund,észak,Teherhajó,257115000,5.7,88.0,13.0
2026-07-12,Øresund,dél,Teherhajó,258059000,6.1,87.0,15.0
2026-07-12,Øresund,észak,Teherhajó,258407000,3.6,63.0,11.0
2026-07-12,Øresund,észak,Tanker,258751000,6.1,144.0,23.0
2026-07-12,Øresund,dél,Tanker,265610040,6.2,80.0,14.0
2026-07-12,Øresund,dél,Tanker,266266000,7.4,130.0,20.0
2026-07-12,Øresund,észak,Teherhajó,271053290,5.0,106.0,14.0
2026-07-12,Øresund,észak,Teherhajó,304587000,4.7,145.0,18.0
2026-07-12,Øresund,dél,Teherhajó,304627000,6.3,95.0,14.0
2026-07-12,Øresund,észak,Teherhajó,304776000,5.5,99.0,14.0
2026-07-12,Øresund,dél,Teherhajó,305871000,6.6,116.0,16.0
2026-07-12,Øresund,észak,Teherhajó,305943000,5.4,88.0,13.0
2026-07-12,Øresund,észak,Teherhajó,309701000,6.1,88.0,14.0
2026-07-12,Øresund,dél,Tanker,314001155,7.2,249.0,44.0
2026-07-12,Øresund,dél,Teherhajó,376686000,6.1,180.0,30.0
2026-07-12,Øresund,észak,Teherhajó,538004639,6.5,181.0,30.0
2026-07-12,Øresund,dél,Teherhajó,538005936,5.6,169.0,27.0
2026-07-12,Øresund,dél,Teherhajó,538006287,6.5,180.0,30.0
2026-07-12,Øresund,dél,Teherhajó,538010993,6.7,229.0,32.0
2026-07-12,Øresund,dél,Tanker,563326600,5.3,99.0,18.0
2026-07-12,Øresund,észak,Teherhajó,572728220,5.4,133.0,19.0
2026-07-12,Øresund,dél,Tanker,636022749,7.5,183.0,32.0
2026-07-12,Øresund,észak,Teherhajó,636023222,5.4,89.0,13.0
2026-07-13,Nagy-Balti-öv,észak,Teherhajó,209535000,4.0,90.0,13.0
2026-07-13,Nagy-Balti-öv,észak,Teherhajó,210704000,5.2,90.0,13.0
2026-07-13,Nagy-Balti-öv,észak,Tanker,211135000,7.6,178.0,28.0
2026-07-13,Nagy-Balti-öv,dél,Teherhajó,218549000,12.2,255.0,38.0
2026-07-13,Nagy-Balti-öv,észak,Teherhajó,230091950,4.8,83.0,13.0
2026-07-13,Nagy-Balti-öv,dél,Tanker,230688000,13.8,250.0,44.0
2026-07-13,Nagy-Balti-öv,dél,Tanker,230707000,9.4,150.0,23.0
2026-07-13,Nagy-Balti-öv,észak,Tanker,235108529,9.0,250.0,44.0
2026-07-13,Nagy-Balti-öv,észak,Teherhajó,245226000,8.6,155.0,17.0
2026-07-13,Nagy-Balti-öv,észak,Teherhajó,245882000,4.9,88.0,13.0
2026-07-13,Nagy-Balti-öv,dél,Teherhajó,255769000,5.5,107.0,15.0
2026-07-13,Nagy-Balti-öv,dél,Teherhajó,255805981,7.5,118.0,14.0
2026-07-13,Nagy-Balti-öv,észak,Teherhajó,255806351,7.1,150.0,26.0
2026-07-13,Nagy-Balti-öv,észak,Teherhajó,255806364,4.7,149.0,28.0
2026-07-13,Nagy-Balti-öv,dél,Tanker,255915690,6.7,116.0,18.0
2026-07-13,Nagy-Balti-öv,dél,Tanker,255915982,8.1,144.0,23.0
2026-07-13,Nagy-Balti-öv,dél,Teherhajó,257415000,6.4,87.0,15.0
2026-07-13,Nagy-Balti-öv,észak,Tanker,259127000,8.1,225.0,36.0
2026-07-13,Nagy-Balti-öv,észak,Teherhajó,265039000,7.8,242.0,36.0
2026-07-13,Nagy-Balti-öv,észak,Tanker,273254770,6.9,170.0,24.0
2026-07-13,Nagy-Balti-öv,dél,Tanker,273397870,7.1,249.0,34.0
2026-07-13,Nagy-Balti-öv,dél,Teherhajó,304819000,10.4,190.0,29.0
2026-07-13,Nagy-Balti-öv,észak,Teherhajó,305415000,4.6,106.0,15.0
2026-07-13,Nagy-Balti-öv,észak,Teherhajó,305681000,7.7,134.0,16.0
2026-07-13,Nagy-Balti-öv,észak,Tanker,314203000,15.0,274.0,50.0
2026-07-13,Nagy-Balti-öv,dél,Teherhajó,314935000,5.6,150.0,23.0
2026-07-13,Nagy-Balti-öv,észak,Teherhajó,351011000,10.8,180.0,30.0
2026-07-13,Nagy-Balti-öv,észak,Tanker,351354000,14.9,277.0,48.0
2026-07-13,Nagy-Balti-öv,észak,Teherhajó,352002531,11.7,227.0,32.0
2026-07-13,Nagy-Balti-öv,észak,Teherhajó,352003644,10.4,186.0,30.0
2026-07-13,Nagy-Balti-öv,észak,Teherhajó,352005868,9.8,183.0,31.0
2026-07-13,Nagy-Balti-öv,észak,Teherhajó,373895000,14.2,225.0,32.0
2026-07-13,Nagy-Balti-öv,észak,Tanker,477227500,14.6,275.0,48.0
2026-07-13,Nagy-Balti-öv,észak,Teherhajó,477871600,13.3,399.0,61.0
2026-07-13,Nagy-Balti-öv,észak,Teherhajó,538009176,10.9,183.0,32.0
2026-07-13,Nagy-Balti-öv,észak,Tanker,538009975,14.2,250.0,44.0
2026-07-13,Nagy-Balti-öv,észak,Teherhajó,538010036,14.4,229.0,38.0
2026-07-13,Nagy-Balti-öv,dél,Tanker,538011475,11.3,183.0,32.0
2026-07-13,Nagy-Balti-öv,dél,Tanker,538012432,9.1,145.0,23.0
2026-07-13,Nagy-Balti-öv,észak,Tanker,563318200,7.0,159.0,27.0
2026-07-13,Nagy-Balti-öv,dél,Teherhajó,636014740,10.7,222.0,30.0
2026-07-13,Nagy-Balti-öv,dél,Teherhajó,636018322,8.0,217.0,27.0
2026-07-13,Nagy-Balti-öv,észak,Teherhajó,636020315,11.2,180.0,30.0
2026-07-13,Nagy-Balti-öv,dél,Tanker,636021311,14.7,250.0,44.0
2026-07-13,Nagy-Balti-öv,észak,Tanker,636022218,14.7,250.0,44.0
2026-07-13,Nagy-Balti-öv,dél,Teherhajó,636023222,5.4,89.0,13.0
2026-07-13,Nagy-Balti-öv,észak,Tanker,636023238,10.1,183.0,32.0
2026-07-13,Nagy-Balti-öv,dél,Teherhajó,636023678,12.0,366.0,51.0
2026-07-13,Nagy-Balti-öv,észak,Teherhajó,636024763,12.8,190.0,32.0
2026-07-13,Nagy-Balti-öv,észak,Teherhajó,636093202,10.2,180.0,30.0
2026-07-13,Øresund,dél,Teherhajó,205011000,3.5,89.0,12.0
2026-07-13,Øresund,észak,Teherhajó,207842750,6.6,137.0,18.0
2026-07-13,Øresund,észak,Tanker,210145000,9.8,186.0,32.0
2026-07-13,Øresund,észak,Teherhajó,211141000,8.3,134.0,23.0
2026-07-13,Øresund,észak,Teherhajó,211870240,7.5,159.0,22.0
2026-07-13,Øresund,észak,Teherhajó,212378000,6.0,90.0,16.0
2026-07-13,Øresund,észak,Teherhajó,212810000,7.6,120.0,16.0
2026-07-13,Øresund,észak,Teherhajó,230712000,6.3,120.0,16.0
2026-07-13,Øresund,dél,Tanker,231917000,6.3,90.0,14.0
2026-07-13,Øresund,dél,Tanker,244870427,6.3,95.0,15.0
2026-07-13,Øresund,dél,Tanker,244944000,6.9,117.0,18.0
2026-07-13,Øresund,észak,Teherhajó,245257000,4.2,86.0,11.0
2026-07-13,Øresund,észak,Teherhajó,245306000,6.1,90.0,14.0
2026-07-13,Øresund,dél,Teherhajó,245909000,3.8,90.0,13.0
2026-07-13,Øresund,észak,Tanker,246354000,6.2,100.0,16.0
2026-07-13,Øresund,dél,Tanker,249279000,7.0,250.0,44.0
2026-07-13,Øresund,dél,Teherhajó,255739000,7.7,169.0,28.0
2026-07-13,Øresund,észak,Teherhajó,255805980,5.5,88.0,12.0
2026-07-13,Øresund,észak,Teherhajó,255806267,7.2,141.0,23.0
2026-07-13,Øresund,dél,Teherhajó,255916314,6.8,148.0,27.0
2026-07-13,Øresund,dél,Teherhajó,256918000,7.2,131.0,19.0
2026-07-13,Øresund,észak,Tanker,257086660,7.0,100.0,17.0
2026-07-13,Øresund,észak,Teherhajó,257237000,4.5,90.0,14.0
2026-07-13,Øresund,dél,Tanker,257601000,5.4,100.0,17.0
2026-07-13,Øresund,dél,Tanker,258715000,4.4,89.0,13.0
2026-07-13,Øresund,dél,Teherhajó,259143000,6.5,119.0,16.0
2026-07-13,Øresund,dél,Teherhajó,265022000,7.7,242.0,36.0
2026-07-13,Øresund,észak,Teherhajó,265052000,6.3,153.0,21.0
2026-07-13,Øresund,észak,Tanker,266220000,8.1,130.0,20.0
2026-07-13,Øresund,észak,Tanker,266436000,5.6,100.0,18.0
2026-07-13,Øresund,dél,Tanker,273127310,7.4,184.0,27.0
2026-07-13,Øresund,észak,Teherhajó,275545000,4.4,100.0,16.0
2026-07-13,Øresund,észak,Teherhajó,304046000,5.2,90.0,15.0
2026-07-13,Øresund,dél,Teherhajó,304933000,3.5,87.0,11.0
2026-07-13,Øresund,dél,Teherhajó,305108000,6.5,116.0,16.0
2026-07-13,Øresund,észak,Teherhajó,305466000,5.0,90.0,15.0
2026-07-13,Øresund,észak,Teherhajó,305773000,6.8,140.0,22.0
2026-07-13,Øresund,dél,Teherhajó,311001499,6.4,89.0,14.0
2026-07-13,Øresund,dél,Teherhajó,314169000,6.5,180.0,32.0
2026-07-13,Øresund,észak,Tanker,319113500,6.0,147.0,24.0
2026-07-13,Øresund,dél,Tanker,352004593,6.4,174.0,28.0
2026-07-13,Øresund,észak,Teherhajó,355390000,5.5,100.0,20.0
2026-07-13,Øresund,dél,Teherhajó,538008404,6.4,199.0,24.0
2026-07-13,Øresund,dél,Teherhajó,636017782,7.5,225.0,33.0
2026-07-13,Øresund,dél,Teherhajó,636019170,6.5,198.0,32.0
2026-07-14,Nagy-Balti-öv,dél,Teherhajó,212963000,5.8,152.0,24.0
2026-07-14,Nagy-Balti-öv,észak,Teherhajó,218856000,4.9,90.0,13.0
2026-07-14,Nagy-Balti-öv,dél,Tanker,219029722,9.0,147.0,22.0
2026-07-14,Nagy-Balti-öv,dél,Tanker,220018000,3.5,78.0,13.0
2026-07-14,Nagy-Balti-öv,észak,Tanker,228432600,9.4,299.0,46.0
2026-07-14,Nagy-Balti-öv,dél,Tanker,230687000,14.6,250.0,44.0
2026-07-14,Nagy-Balti-öv,észak,Teherhajó,245639000,7.4,156.0,16.0
2026-07-14,Nagy-Balti-öv,észak,Tanker,246553000,5.1,104.0,16.0
2026-07-14,Nagy-Balti-öv,dél,Teherhajó,249934000,4.0,88.0,13.0
2026-07-14,Nagy-Balti-öv,észak,Teherhajó,249934000,4.0,88.0,13.0
2026-07-14,Nagy-Balti-öv,észak,Teherhajó,255769000,4.1,107.0,15.0
2026-07-14,Nagy-Balti-öv,dél,Teherhajó,255806258,9.7,178.0,27.0
2026-07-14,Nagy-Balti-öv,észak,Teherhajó,255916032,9.1,169.0,27.0
2026-07-14,Nagy-Balti-öv,észak,Teherhajó,255916279,10.6,200.0,24.0
2026-07-14,Nagy-Balti-öv,észak,Teherhajó,255917287,9.3,170.0,25.0
2026-07-14,Nagy-Balti-öv,észak,Teherhajó,256685000,10.7,190.0,32.0
2026-07-14,Nagy-Balti-öv,észak,Teherhajó,257114000,4.2,95.0,14.0
2026-07-14,Nagy-Balti-öv,észak,Teherhajó,257127140,9.9,143.0,22.0
2026-07-14,Nagy-Balti-öv,észak,Tanker,257206000,3.7,82.0,12.0
2026-07-14,Nagy-Balti-öv,dél,Tanker,257206000,3.7,82.0,12.0
2026-07-14,Nagy-Balti-öv,észak,Teherhajó,257415000,4.4,87.0,15.0
2026-07-14,Nagy-Balti-öv,észak,Teherhajó,258114000,3.6,90.0,16.0
2026-07-14,Nagy-Balti-öv,dél,Teherhajó,258648000,6.5,110.0,15.0
2026-07-14,Nagy-Balti-öv,dél,Teherhajó,258761000,6.4,110.0,15.0
2026-07-14,Nagy-Balti-öv,észak,Tanker,259372000,7.5,124.0,20.0
2026-07-14,Nagy-Balti-öv,észak,Teherhajó,266232000,7.4,190.0,26.0
2026-07-14,Nagy-Balti-öv,észak,Tanker,268261012,15.0,275.0,48.0
2026-07-14,Nagy-Balti-öv,dél,Tanker,273426280,5.6,115.0,18.0
2026-07-14,Nagy-Balti-öv,dél,Teherhajó,305426000,9.4,176.0,26.0
2026-07-14,Nagy-Balti-öv,dél,Teherhajó,305522000,4.6,90.0,13.0
2026-07-14,Nagy-Balti-öv,észak,Tanker,311000449,9.0,275.0,48.0
2026-07-14,Nagy-Balti-öv,észak,Tanker,311000766,8.2,228.0,42.0
2026-07-14,Nagy-Balti-öv,észak,Teherhajó,311001083,8.4,155.0,24.0
2026-07-14,Nagy-Balti-öv,észak,Teherhajó,311001909,3.8,100.0,13.0
2026-07-14,Nagy-Balti-öv,észak,Tanker,311039900,15.0,229.0,42.0
2026-07-14,Nagy-Balti-öv,észak,Teherhajó,314035000,4.0,87.0,11.0
2026-07-14,Nagy-Balti-öv,dél,Teherhajó,314837000,7.6,134.0,19.0
2026-07-14,Nagy-Balti-öv,észak,Tanker,319147800,14.2,250.0,44.0
2026-07-14,Nagy-Balti-öv,dél,Teherhajó,319192200,12.6,189.0,32.0
2026-07-14,Nagy-Balti-öv,dél,Tanker,352005238,8.5,249.0,44.0
2026-07-14,Nagy-Balti-öv,észak,Tanker,352005472,15.0,249.0,44.0
2026-07-14,Nagy-Balti-öv,észak,Tanker,461000232,14.9,273.0,48.0
2026-07-14,Nagy-Balti-öv,dél,Teherhajó,477195100,12.2,291.0,32.0
2026-07-14,Nagy-Balti-öv,dél,Teherhajó,477928600,14.0,399.0,61.0
2026-07-14,Nagy-Balti-öv,észak,Teherhajó,538003379,10.1,175.0,29.0
2026-07-14,Nagy-Balti-öv,észak,Teherhajó,538006786,10.5,200.0,24.0
2026-07-14,Nagy-Balti-öv,észak,Teherhajó,538007705,7.8,225.0,48.0
2026-07-14,Nagy-Balti-öv,dél,Tanker,563259800,11.4,183.0,32.0
2026-07-14,Nagy-Balti-öv,észak,Teherhajó,563288800,8.9,208.0,30.0
2026-07-14,Nagy-Balti-öv,dél,Tanker,564469000,10.5,150.0,24.0
2026-07-14,Nagy-Balti-öv,dél,Tanker,630001226,8.7,228.0,32.0
2026-07-14,Nagy-Balti-öv,észak,Tanker,631010074,14.7,244.0,42.0
2026-07-14,Nagy-Balti-öv,észak,Teherhajó,636023319,6.4,140.0,25.0
2026-07-14,Nagy-Balti-öv,észak,Teherhajó,636025456,11.9,189.0,32.0
2026-07-14,Nagy-Balti-öv,észak,Teherhajó,636025672,7.5,158.0,23.0
2026-07-14,Nagy-Balti-öv,észak,Tanker,636025818,10.8,181.0,32.0
2026-07-14,Øresund,észak,Teherhajó,209823000,5.3,92.0,15.0
2026-07-14,Øresund,észak,Teherhajó,210046000,3.7,100.0,13.0
2026-07-14,Øresund,dél,Teherhajó,210533000,5.5,88.0,13.0
2026-07-14,Øresund,dél,Teherhajó,218098000,6.7,149.0,23.0
2026-07-14,Øresund,dél,Tanker,219019067,2.5,50.0,9.0
2026-07-14,Øresund,dél,Teherhajó,229245000,5.5,95.0,13.0
2026-07-14,Øresund,észak,Teherhajó,230717000,7.2,119.0,17.0
2026-07-14,Øresund,észak,Tanker,244335000,4.7,115.0,16.0
2026-07-14,Øresund,dél,Teherhajó,244675000,5.2,97.0,14.0
2026-07-14,Øresund,dél,Tanker,244870428,5.6,96.0,16.0
2026-07-14,Øresund,észak,Teherhajó,245246000,3.1,88.0,13.0
2026-07-14,Øresund,dél,Teherhajó,245257000,2.7,86.0,11.0
2026-07-14,Øresund,dél,Teherhajó,245882000,4.1,88.0,13.0
2026-07-14,Øresund,dél,Teherhajó,245897000,6.9,205.0,26.0
2026-07-14,Øresund,dél,Tanker,246541000,6.6,116.0,15.0
2026-07-14,Øresund,dél,Tanker,248886000,6.1,88.0,14.0
2026-07-14,Øresund,észak,Tanker,248886000,6.1,88.0,14.0
2026-07-14,Øresund,dél,Teherhajó,249871000,6.8,189.0,23.0
2026-07-14,Øresund,dél,Teherhajó,250002173,4.0,90.0,14.0
2026-07-14,Øresund,észak,Teherhajó,255739000,7.4,169.0,28.0
2026-07-14,Øresund,dél,Teherhajó,255768000,6.7,114.0,14.0
2026-07-14,Øresund,dél,Teherhajó,255802540,5.9,116.0,17.0
2026-07-14,Øresund,dél,Teherhajó,255805887,5.1,89.0,16.0
2026-07-14,Øresund,dél,Teherhajó,255806364,5.1,149.0,28.0
2026-07-14,Øresund,dél,Teherhajó,255806372,3.6,106.0,15.0
2026-07-14,Øresund,észak,Teherhajó,255916314,7.7,148.0,27.0
2026-07-14,Øresund,dél,Teherhajó,257031080,6.4,89.0,14.0
2026-07-14,Øresund,észak,Teherhajó,257071710,3.8,90.0,14.0
2026-07-14,Øresund,dél,Teherhajó,257673000,4.4,103.0,16.0
2026-07-14,Øresund,észak,Teherhajó,258006930,5.0,101.0,17.0
2026-07-14,Øresund,dél,Teherhajó,258209000,6.4,156.0,22.0
2026-07-14,Øresund,észak,Tanker,258715000,4.0,89.0,13.0
2026-07-14,Øresund,észak,Teherhajó,259179000,3.4,87.0,13.0
2026-07-14,Øresund,dél,Teherhajó,265411000,6.1,161.0,24.0
2026-07-14,Øresund,észak,Tanker,266212000,4.2,80.0,14.0
2026-07-14,Øresund,észak,Tanker,266266000,5.6,130.0,20.0
2026-07-14,Øresund,dél,Tanker,266464000,6.0,120.0,19.0
2026-07-14,Øresund,dél,Tanker,266466000,8.1,129.0,20.0
2026-07-14,Øresund,dél,Tanker,266468000,6.2,119.0,17.0
2026-07-14,Øresund,dél,Teherhajó,304707000,5.5,93.0,14.0
2026-07-14,Øresund,dél,Teherhajó,305976000,6.0,101.0,15.0
2026-07-14,Øresund,dél,Teherhajó,311002106,7.0,225.0,32.0
2026-07-14,Øresund,dél,Teherhajó,311995000,7.6,148.0,25.0
2026-07-14,Øresund,észak,Teherhajó,314377000,6.1,90.0,15.0
2026-07-14,Øresund,dél,Teherhajó,352001325,6.2,190.0,29.0
2026-07-14,Øresund,dél,Tanker,538005799,6.1,100.0,17.0
2026-07-14,Øresund,dél,Teherhajó,636019579,6.6,225.0,32.0
2026-07-14,Øresund,dél,Tanker,636019884,7.3,173.0,28.0
2026-07-14,Øresund,dél,Tanker,636022668,7.0,183.0,27.0
2026-07-14,Øresund,dél,Teherhajó,636023944,9.6,172.0,28.0
2026-07-14,Øresund,dél,Teherhajó,636026718,7.7,154.0,24.0
2026-07-15,Nagy-Balti-öv,észak,Teherhajó,209974000,5.0,90.0,15.0
2026-07-15,Nagy-Balti-öv,észak,Teherhajó,209982000,3.3,80.0,12.0
2026-07-15,Nagy-Balti-öv,észak,Teherhajó,210017000,8.3,151.0,24.0
2026-07-15,Nagy-Balti-öv,dél,Teherhajó,210046000,3.7,100.0,13.0
2026-07-15,Nagy-Balti-öv,dél,Tanker,215845000,14.8,277.0,48.0
2026-07-15,Nagy-Balti-öv,dél,Teherhajó,218805000,5.5,90.0,15.0
2026-07-15,Nagy-Balti-öv,dél,Teherhajó,219001284,2.1,31.0,7.0
2026-07-15,Nagy-Balti-öv,dél,Tanker,219029880,8.9,147.0,22.0
2026-07-15,Nagy-Balti-öv,észak,Tanker,220018000,5.0,78.0,13.0
2026-07-15,Nagy-Balti-öv,dél,Tanker,231875000,8.7,144.0,23.0
2026-07-15,Nagy-Balti-öv,észak,Teherhajó,244557000,3.5,89.0,12.0
2026-07-15,Nagy-Balti-öv,dél,Tanker,248037000,6.0,134.0,20.0
2026-07-15,Nagy-Balti-öv,észak,Teherhajó,249258000,10.5,180.0,30.0
2026-07-15,Nagy-Balti-öv,dél,Teherhajó,249537000,7.5,148.0,27.0
2026-07-15,Nagy-Balti-öv,észak,Teherhajó,255806257,11.0,179.0,28.0
2026-07-15,Nagy-Balti-öv,észak,Teherhajó,255806435,10.8,177.0,27.0
2026-07-15,Nagy-Balti-öv,dél,Teherhajó,255915849,4.6,89.0,16.0
2026-07-15,Nagy-Balti-öv,észak,Teherhajó,255917243,6.4,89.0,16.0
2026-07-15,Nagy-Balti-öv,észak,Teherhajó,256800000,10.0,205.0,30.0
2026-07-15,Nagy-Balti-öv,észak,Tanker,273270940,15.0,235.0,42.0
2026-07-15,Nagy-Balti-öv,észak,Teherhajó,304819000,6.5,190.0,29.0
2026-07-15,Nagy-Balti-öv,dél,Tanker,304955000,5.1,103.0,16.0
2026-07-15,Nagy-Balti-öv,dél,Teherhajó,305661000,3.6,82.0,12.0
2026-07-15,Nagy-Balti-öv,észak,Teherhajó,311000153,10.1,180.0,30.0
2026-07-15,Nagy-Balti-öv,dél,Teherhajó,311001816,5.7,88.0,13.0
2026-07-15,Nagy-Balti-öv,észak,Teherhajó,311062300,6.7,164.0,24.0
2026-07-15,Nagy-Balti-öv,észak,Teherhajó,352001928,3.1,74.0,11.0
2026-07-15,Nagy-Balti-öv,dél,Teherhajó,352002605,14.6,229.0,32.0
2026-07-15,Nagy-Balti-öv,észak,Teherhajó,352003109,14.4,224.0,32.0
2026-07-15,Nagy-Balti-öv,dél,Teherhajó,352004977,5.6,175.0,28.0
2026-07-15,Nagy-Balti-öv,észak,Teherhajó,354540000,10.1,237.0,32.0
2026-07-15,Nagy-Balti-öv,dél,Teherhajó,366663000,8.3,235.0,32.0
2026-07-15,Nagy-Balti-öv,dél,Teherhajó,370314000,9.2,119.0,21.0
2026-07-15,Nagy-Balti-öv,dél,Teherhajó,371233000,10.5,365.0,50.0
2026-07-15,Nagy-Balti-öv,észak,Tanker,461000233,14.7,243.0,42.0
2026-07-15,Nagy-Balti-öv,észak,Teherhajó,477552100,10.6,211.0,30.0
2026-07-15,Nagy-Balti-öv,dél,Teherhajó,477885500,10.7,180.0,30.0
2026-07-15,Nagy-Balti-öv,észak,Tanker,511101602,12.2,184.0,32.0
2026-07-15,Nagy-Balti-öv,észak,Teherhajó,538002629,14.3,229.0,32.0
2026-07-15,Nagy-Balti-öv,észak,Teherhajó,538003690,10.5,180.0,30.0
2026-07-15,Nagy-Balti-öv,dél,Teherhajó,538007446,7.6,225.0,48.0
2026-07-15,Nagy-Balti-öv,észak,Tanker,538007511,15.0,274.0,48.0
2026-07-15,Nagy-Balti-öv,észak,Teherhajó,538008007,10.2,200.0,24.0
2026-07-15,Nagy-Balti-öv,észak,Teherhajó,538009398,10.5,182.0,27.0
2026-07-15,Nagy-Balti-öv,észak,Teherhajó,563246600,10.6,178.0,29.0
2026-07-15,Nagy-Balti-öv,észak,Tanker,572561220,9.6,146.0,24.0
2026-07-15,Nagy-Balti-öv,észak,Teherhajó,577282000,6.8,120.0,20.0
2026-07-15,Nagy-Balti-öv,észak,Tanker,631010121,9.2,269.0,46.0
2026-07-15,Nagy-Balti-öv,észak,Tanker,636021172,8.2,230.0,37.0
2026-07-15,Nagy-Balti-öv,dél,Tanker,636021568,9.8,180.0,29.0
2026-07-15,Nagy-Balti-öv,észak,Teherhajó,636024611,7.4,109.0,19.0
2026-07-15,Nagy-Balti-öv,észak,Teherhajó,636026606,7.9,229.0,32.0
2026-07-15,Nagy-Balti-öv,észak,Teherhajó,667002344,10.6,172.0,32.0
2026-07-15,Øresund,dél,Teherhajó,209525000,6.2,90.0,13.0
2026-07-15,Øresund,dél,Teherhajó,209535000,6.0,90.0,13.0
2026-07-15,Øresund,dél,Teherhajó,209536000,6.0,90.0,13.0
2026-07-15,Øresund,dél,Teherhajó,209621000,4.4,90.0,16.0
2026-07-15,Øresund,észak,Teherhajó,209681000,5.5,90.0,13.0
2026-07-15,Øresund,észak,Teherhajó,209892000,6.1,90.0,15.0
2026-07-15,Øresund,észak,Teherhajó,209968000,4.1,82.0,12.0
2026-07-15,Øresund,dél,Teherhajó,210223000,6.0,104.0,16.0
2026-07-15,Øresund,dél,Tanker,210340000,6.3,110.0,18.0
2026-07-15,Øresund,észak,Teherhajó,211317180,7.4,100.0,17.0
2026-07-15,Øresund,észak,Teherhajó,211686000,2.7,75.0,10.0
2026-07-15,Øresund,észak,Teherhajó,212584000,4.6,100.0,13.0
2026-07-15,Øresund,dél,Teherhajó,215622000,6.4,190.0,32.0
2026-07-15,Øresund,dél,Teherhajó,218816000,6.9,135.0,23.0
2026-07-15,Øresund,észak,Teherhajó,218816000,6.9,135.0,23.0
2026-07-15,Øresund,észak,Tanker,219019067,2.5,50.0,9.0
2026-07-15,Øresund,dél,Tanker,219355000,6.3,93.0,14.0
2026-07-15,Øresund,észak,Tanker,219355000,6.3,93.0,14.0
2026-07-15,Øresund,dél,Teherhajó,231836000,9.5,179.0,31.0
2026-07-15,Øresund,észak,Tanker,231917000,5.3,90.0,14.0
2026-07-15,Øresund,észak,Tanker,241962000,6.9,249.0,44.0
2026-07-15,Øresund,észak,Teherhajó,244140468,7.2,110.0,14.0
2026-07-15,Øresund,észak,Teherhajó,244730469,3.2,88.0,13.0
2026-07-15,Øresund,észak,Tanker,244784000,5.5,100.0,16.0
2026-07-15,Øresund,észak,Teherhajó,244850612,6.7,132.0,15.0
2026-07-15,Øresund,dél,Teherhajó,245169000,5.1,82.0,12.0
2026-07-15,Øresund,dél,Teherhajó,245766000,4.7,88.0,13.0
2026-07-15,Øresund,dél,Teherhajó,246782000,4.2,86.0,14.0
2026-07-15,Øresund,dél,Teherhajó,247489200,6.1,204.0,26.0
2026-07-15,Øresund,észak,Tanker,249223000,5.6,100.0,18.0
2026-07-15,Øresund,észak,Teherhajó,255768000,6.7,114.0,14.0
2026-07-15,Øresund,észak,Teherhajó,255805955,6.0,97.0,16.0
2026-07-15,Øresund,észak,Teherhajó,255915582,5.6,89.0,12.0
2026-07-15,Øresund,dél,Tanker,255953000,6.5,144.0,23.0
2026-07-15,Øresund,dél,Teherhajó,257207000,6.5,90.0,14.0
2026-07-15,Øresund,észak,Tanker,257374000,6.6,140.0,22.0
2026-07-15,Øresund,dél,Tanker,257550000,7.2,129.0,20.0
2026-07-15,Øresund,észak,Teherhajó,258209000,5.5,156.0,22.0
2026-07-15,Øresund,észak,Teherhajó,261208000,5.2,56.0,11.0
2026-07-15,Øresund,dél,Teherhajó,265052000,6.3,153.0,21.0
2026-07-15,Øresund,észak,Tanker,266466000,5.5,129.0,20.0
2026-07-15,Øresund,észak,Tanker,273453010,6.5,170.0,25.0
2026-07-15,Øresund,dél,Teherhajó,304444000,6.4,106.0,14.0
2026-07-15,Øresund,észak,Teherhajó,304627000,4.1,95.0,14.0
2026-07-15,Øresund,észak,Teherhajó,304972000,7.0,140.0,23.0
2026-07-15,Øresund,észak,Teherhajó,305507000,7.3,132.0,16.0
2026-07-15,Øresund,dél,Teherhajó,305511000,6.0,99.0,14.0
2026-07-15,Øresund,dél,Teherhajó,305967000,3.2,82.0,13.0
2026-07-15,Øresund,észak,Teherhajó,311001791,6.7,90.0,16.0
2026-07-15,Øresund,észak,Tanker,314001020,6.7,183.0,32.0
2026-07-15,Øresund,dél,Tanker,314001077,7.3,186.0,32.0
2026-07-15,Øresund,dél,Teherhajó,314473000,3.4,83.0,11.0
2026-07-15,Øresund,észak,Teherhajó,314605000,3.5,100.0,12.0
2026-07-15,Øresund,dél,Teherhajó,353738000,7.4,245.0,43.0
2026-07-15,Øresund,dél,Teherhajó,370727000,7.2,235.0,38.0
2026-07-15,Øresund,dél,Teherhajó,477961500,7.0,189.0,32.0
2026-07-15,Øresund,észak,Teherhajó,636023944,7.9,172.0,28.0
2026-07-15,Øresund,dél,Tanker,636024043,5.7,170.0,27.0
2026-07-15,Øresund,dél,Teherhajó,636024670,6.8,198.0,32.0
2026-07-15,Øresund,dél,Teherhajó,636025355,7.0,180.0,30.0
2026-07-15,Øresund,dél,Teherhajó,636025421,7.0,229.0,32.0
2026-07-15,Øresund,dél,Teherhajó,636026119,6.0,183.0,31.0
2026-07-15,Øresund,dél,Teherhajó,636093385,7.5,229.0,32.0
2026-07-15,Øresund,dél,Tanker,667002589,5.5,100.0,17.0
2026-07-16,Nagy-Balti-öv,észak,Tanker,205228000,9.5,274.0,48.0
2026-07-16,Nagy-Balti-öv,észak,Teherhajó,207138000,7.9,153.0,22.0
2026-07-16,Nagy-Balti-öv,dél,Tanker,228432700,11.5,299.0,46.0
2026-07-16,Nagy-Balti-öv,dél,Tanker,229416000,11.7,300.0,49.0
2026-07-16,Nagy-Balti-öv,észak,Teherhajó,232049178,10.6,180.0,30.0
2026-07-16,Nagy-Balti-öv,dél,Teherhajó,244830814,5.2,173.0,42.0
2026-07-16,Nagy-Balti-öv,észak,Tanker,248037000,7.5,134.0,20.0
2026-07-16,Nagy-Balti-öv,észak,Teherhajó,248794000,10.4,399.0,58.0
2026-07-16,Nagy-Balti-öv,dél,Tanker,248993000,8.6,254.0,44.0
2026-07-16,Nagy-Balti-öv,észak,Teherhajó,249142000,10.3,189.0,23.0
2026-07-16,Nagy-Balti-öv,észak,Teherhajó,249470000,12.8,200.0,33.0
2026-07-16,Nagy-Balti-öv,dél,Teherhajó,255805980,5.5,88.0,12.0
2026-07-16,Nagy-Balti-öv,észak,Teherhajó,255805981,5.1,118.0,14.0
2026-07-16,Nagy-Balti-öv,dél,Teherhajó,255915963,14.5,229.0,35.0
2026-07-16,Nagy-Balti-öv,dél,Teherhajó,255916070,3.7,100.0,13.0
2026-07-16,Nagy-Balti-öv,észak,Teherhajó,255916099,5.0,89.0,12.0
2026-07-16,Nagy-Balti-öv,észak,Teherhajó,256708000,10.0,205.0,30.0
2026-07-16,Nagy-Balti-öv,dél,Teherhajó,257064430,6.3,90.0,14.0
2026-07-16,Nagy-Balti-öv,észak,Teherhajó,257064430,6.3,90.0,14.0
2026-07-16,Nagy-Balti-öv,észak,Teherhajó,258761000,4.5,110.0,15.0
2026-07-16,Nagy-Balti-öv,dél,Teherhajó,258763000,6.2,94.0,15.0
2026-07-16,Nagy-Balti-öv,dél,Teherhajó,258809000,6.3,90.0,14.0
2026-07-16,Nagy-Balti-öv,észak,Teherhajó,258809000,6.3,90.0,14.0
2026-07-16,Nagy-Balti-öv,észak,Tanker,273611590,14.1,250.0,44.0
2026-07-16,Nagy-Balti-öv,dél,Teherhajó,304219000,9.7,166.0,21.0
2026-07-16,Nagy-Balti-öv,észak,Teherhajó,305426000,6.6,176.0,26.0
2026-07-16,Nagy-Balti-öv,észak,Teherhajó,308121000,9.9,159.0,24.0
2026-07-16,Nagy-Balti-öv,dél,Teherhajó,311000782,8.1,152.0,22.0
2026-07-16,Nagy-Balti-öv,dél,Teherhajó,311001909,3.5,100.0,13.0
2026-07-16,Nagy-Balti-öv,észak,Teherhajó,352003965,10.9,207.0,30.0
2026-07-16,Nagy-Balti-öv,dél,Teherhajó,352005037,10.0,189.0,30.0
2026-07-16,Nagy-Balti-öv,dél,Tanker,352005437,8.0,229.0,42.0
2026-07-16,Nagy-Balti-öv,dél,Teherhajó,354537000,10.0,237.0,32.0
2026-07-16,Nagy-Balti-öv,észak,Tanker,533130869,8.8,250.0,44.0
2026-07-16,Nagy-Balti-öv,észak,Teherhajó,538003905,11.3,190.0,32.0
2026-07-16,Nagy-Balti-öv,dél,Tanker,538006198,12.8,249.0,44.0
2026-07-16,Nagy-Balti-öv,észak,Tanker,538009930,14.2,250.0,44.0
2026-07-16,Nagy-Balti-öv,észak,Teherhajó,538011062,10.7,183.0,31.0
2026-07-16,Nagy-Balti-öv,észak,Tanker,538012432,6.0,145.0,23.0
2026-07-16,Nagy-Balti-öv,észak,Tanker,572116220,9.2,176.0,28.0
2026-07-16,Nagy-Balti-öv,észak,Teherhajó,636016432,10.4,280.0,32.0
2026-07-16,Nagy-Balti-öv,észak,Tanker,636020805,8.9,250.0,44.0
2026-07-16,Nagy-Balti-öv,dél,Tanker,636023947,13.3,250.0,44.0
2026-07-16,Nagy-Balti-öv,dél,Teherhajó,636024120,13.4,200.0,32.0
2026-07-16,Nagy-Balti-öv,észak,Teherhajó,636024515,13.9,366.0,51.0
2026-07-16,Øresund,dél,Teherhajó,209114000,3.4,89.0,12.0
2026-07-16,Øresund,dél,Teherhajó,209325000,5.7,88.0,13.0
2026-07-16,Øresund,észak,Teherhajó,209535000,3.9,90.0,13.0
2026-07-16,Øresund,dél,Teherhajó,209974000,3.6,90.0,15.0
2026-07-16,Øresund,észak,Teherhajó,210504000,7.3,133.0,16.0
2026-07-16,Øresund,észak,Tanker,210620000,4.9,100.0,16.0
2026-07-16,Øresund,dél,Teherhajó,210695000,4.3,90.0,16.0
2026-07-16,Øresund,dél,Tanker,212228000,6.2,105.0,16.0
2026-07-16,Øresund,dél,Teherhajó,212949000,5.3,100.0,20.0
2026-07-16,Øresund,dél,Tanker,215994000,6.4,116.0,20.0
2026-07-16,Øresund,dél,Teherhajó,229732000,6.9,190.0,32.0
2026-07-16,Øresund,észak,Teherhajó,230050000,3.8,95.0,13.0
2026-07-16,Øresund,dél,Teherhajó,230352000,6.8,120.0,18.0
2026-07-16,Øresund,észak,Teherhajó,231836000,9.4,179.0,31.0
2026-07-16,Øresund,észak,Teherhajó,231908000,4.6,86.0,12.0
2026-07-16,Øresund,dél,Tanker,231917000,6.7,90.0,14.0
2026-07-16,Øresund,dél,Teherhajó,236306000,4.0,90.0,14.0
2026-07-16,Øresund,dél,Teherhajó,238297000,6.2,182.0,32.0
2026-07-16,Øresund,észak,Tanker,244090097,6.7,164.0,25.0
2026-07-16,Øresund,észak,Teherhajó,244110823,5.3,98.0,13.0
2026-07-16,Øresund,dél,Teherhajó,244615929,5.4,140.0,24.0
2026-07-16,Øresund,észak,Tanker,244678000,5.0,116.0,15.0
2026-07-16,Øresund,észak,Teherhajó,244710969,4.7,88.0,14.0
2026-07-16,Øresund,észak,Teherhajó,244790608,5.3,111.0,17.0
2026-07-16,Øresund,dél,Teherhajó,245315000,7.5,135.0,17.0
2026-07-16,Øresund,észak,Teherhajó,246483000,3.3,88.0,13.0
2026-07-16,Øresund,dél,Teherhajó,246602000,4.9,128.0,15.0
2026-07-16,Øresund,dél,Teherhajó,246630000,6.6,122.0,16.0
2026-07-16,Øresund,dél,Tanker,248886000,4.4,88.0,14.0
2026-07-16,Øresund,dél,Tanker,248941000,6.2,144.0,22.0
2026-07-16,Øresund,dél,Tanker,255802940,6.0,88.0,15.0
2026-07-16,Øresund,dél,Teherhajó,255805882,6.3,107.0,18.0
2026-07-16,Øresund,dél,Teherhajó,255805906,6.5,139.0,20.0
2026-07-16,Øresund,dél,Teherhajó,255805917,7.3,107.0,18.0
2026-07-16,Øresund,dél,Teherhajó,255915000,5.9,88.0,14.0
2026-07-16,Øresund,észak,Tanker,255953000,6.4,144.0,23.0
2026-07-16,Øresund,észak,Teherhajó,257031080,4.4,89.0,14.0
2026-07-16,Øresund,észak,Teherhajó,257207000,3.9,90.0,14.0
2026-07-16,Øresund,észak,Tanker,265072000,5.7,130.0,22.0
2026-07-16,Øresund,észak,Teherhajó,265413000,6.6,170.0,24.0
2026-07-16,Øresund,dél,Teherhajó,268246900,3.2,88.0,12.0
2026-07-16,Øresund,dél,Teherhajó,268264001,6.3,190.0,30.0
2026-07-16,Øresund,észak,Teherhajó,273379740,6.8,134.0,18.0
2026-07-16,Øresund,dél,Teherhajó,275535000,6.5,134.0,20.0
2026-07-16,Øresund,dél,Teherhajó,277586000,8.6,148.0,25.0
2026-07-16,Øresund,észak,Teherhajó,304145000,5.8,90.0,14.0
2026-07-16,Øresund,dél,Teherhajó,304776000,3.7,99.0,14.0
2026-07-16,Øresund,dél,Teherhajó,538006419,6.7,200.0,24.0
2026-07-16,Øresund,dél,Teherhajó,563115200,6.3,180.0,30.0
2026-07-16,Øresund,észak,Teherhajó,563217700,7.2,229.0,32.0
2026-07-16,Øresund,észak,Tanker,563326600,4.4,99.0,18.0
2026-07-16,Øresund,dél,Teherhajó,572728220,6.0,133.0,19.0
2026-07-16,Øresund,dél,Teherhajó,636022047,8.8,161.0,25.0
2026-07-17,Nagy-Balti-öv,dél,Teherhajó,209652000,14.6,229.0,32.0
2026-07-17,Nagy-Balti-öv,észak,Teherhajó,211100000,2.4,81.0,11.0
2026-07-17,Nagy-Balti-öv,dél,Teherhajó,212821000,5.3,85.0,13.0
2026-07-17,Nagy-Balti-öv,észak,Teherhajó,218797000,4.8,90.0,12.0
2026-07-17,Nagy-Balti-öv,észak,Teherhajó,218801000,2.6,82.0,11.0
2026-07-17,Nagy-Balti-öv,dél,Teherhajó,218856000,3.0,90.0,13.0
2026-07-17,Nagy-Balti-öv,dél,Teherhajó,219115000,9.2,200.0,36.0
2026-07-17,Nagy-Balti-öv,észak,Teherhajó,229961000,12.5,200.0,32.0
2026-07-17,Nagy-Balti-öv,dél,Teherhajó,230643000,6.2,187.0,27.0
2026-07-17,Nagy-Balti-öv,észak,Tanker,230688000,8.9,250.0,44.0
2026-07-17,Nagy-Balti-öv,észak,Tanker,230689000,9.7,156.0,24.0
2026-07-17,Nagy-Balti-öv,dél,Teherhajó,230723000,6.5,143.0,22.0
2026-07-17,Nagy-Balti-öv,dél,Teherhajó,231908000,4.7,86.0,12.0
2026-07-17,Nagy-Balti-öv,észak,Tanker,236669000,6.4,90.0,15.0
2026-07-17,Nagy-Balti-öv,dél,Teherhajó,244557000,5.5,89.0,12.0
2026-07-17,Nagy-Balti-öv,észak,Teherhajó,246846000,8.0,145.0,16.0
2026-07-17,Nagy-Balti-öv,dél,Teherhajó,246846000,8.0,145.0,16.0
2026-07-17,Nagy-Balti-öv,észak,Teherhajó,246846000,8.0,145.0,16.0
2026-07-17,Nagy-Balti-öv,dél,Teherhajó,246846000,8.0,145.0,16.0
2026-07-17,Nagy-Balti-öv,észak,Teherhajó,246846000,8.0,145.0,16.0
2026-07-17,Nagy-Balti-öv,dél,Teherhajó,246846000,8.0,145.0,16.0
2026-07-17,Nagy-Balti-öv,észak,Teherhajó,246846000,8.0,145.0,16.0
2026-07-17,Nagy-Balti-öv,dél,Teherhajó,246846000,8.0,145.0,16.0
2026-07-17,Nagy-Balti-öv,észak,Teherhajó,246846000,8.0,145.0,16.0
2026-07-17,Nagy-Balti-öv,dél,Teherhajó,246846000,8.0,145.0,16.0
2026-07-17,Nagy-Balti-öv,észak,Teherhajó,246846000,8.0,145.0,16.0
2026-07-17,Nagy-Balti-öv,dél,Teherhajó,246846000,8.0,145.0,16.0
2026-07-17,Nagy-Balti-öv,észak,Teherhajó,246846000,8.0,145.0,16.0
2026-07-17,Nagy-Balti-öv,dél,Teherhajó,246846000,8.0,145.0,16.0
2026-07-17,Nagy-Balti-öv,észak,Teherhajó,246846000,8.0,145.0,16.0
2026-07-17,Nagy-Balti-öv,dél,Teherhajó,246846000,8.0,145.0,16.0
2026-07-17,Nagy-Balti-öv,észak,Teherhajó,246846000,8.0,145.0,16.0
2026-07-17,Nagy-Balti-öv,dél,Teherhajó,246846000,8.0,145.0,16.0
2026-07-17,Nagy-Balti-öv,észak,Teherhajó,246846000,8.0,145.0,16.0
2026-07-17,Nagy-Balti-öv,dél,Teherhajó,246846000,8.0,145.0,16.0
2026-07-17,Nagy-Balti-öv,észak,Teherhajó,246846000,8.0,145.0,16.0
2026-07-17,Nagy-Balti-öv,dél,Teherhajó,246846000,8.0,145.0,16.0
2026-07-17,Nagy-Balti-öv,észak,Teherhajó,246846000,8.0,145.0,16.0
2026-07-17,Nagy-Balti-öv,dél,Teherhajó,246846000,8.0,145.0,16.0
2026-07-17,Nagy-Balti-öv,észak,Teherhajó,246846000,8.0,145.0,16.0
2026-07-17,Nagy-Balti-öv,dél,Teherhajó,246846000,8.0,145.0,16.0
2026-07-17,Nagy-Balti-öv,észak,Teherhajó,246846000,8.0,145.0,16.0
2026-07-17,Nagy-Balti-öv,dél,Teherhajó,246846000,8.0,145.0,16.0
2026-07-17,Nagy-Balti-öv,észak,Teherhajó,246846000,8.0,145.0,16.0
2026-07-17,Nagy-Balti-öv,dél,Tanker,248716000,8.7,250.0,44.0
2026-07-17,Nagy-Balti-öv,észak,Tanker,249905000,10.7,183.0,32.0
2026-07-17,Nagy-Balti-öv,dél,Tanker,255803880,9.0,136.0,24.0
2026-07-17,Nagy-Balti-öv,dél,Teherhajó,255806513,8.2,168.0,25.0
2026-07-17,Nagy-Balti-öv,dél,Teherhajó,255916042,8.5,107.0,18.0
2026-07-17,Nagy-Balti-öv,dél,Tanker,256029000,12.4,250.0,44.0
2026-07-17,Nagy-Balti-öv,dél,Tanker,257364000,6.0,92.0,14.0
2026-07-17,Nagy-Balti-öv,dél,Tanker,257970000,8.8,147.0,22.0
2026-07-17,Nagy-Balti-öv,dél,Tanker,265071000,8.7,130.0,22.0
2026-07-17,Nagy-Balti-öv,dél,Tanker,266436000,5.8,100.0,18.0
2026-07-17,Nagy-Balti-öv,dél,Teherhajó,275535000,5.9,134.0,20.0
2026-07-17,Nagy-Balti-öv,dél,Teherhajó,304829000,10.5,190.0,29.0
2026-07-17,Nagy-Balti-öv,észak,Teherhajó,305055000,7.4,139.0,22.0
2026-07-17,Nagy-Balti-öv,dél,Teherhajó,305530000,10.5,176.0,26.0
2026-07-17,Nagy-Balti-öv,dél,Teherhajó,311818000,4.3,82.0,11.0
2026-07-17,Nagy-Balti-öv,észak,Tanker,314001078,11.5,185.0,32.0
2026-07-17,Nagy-Balti-öv,észak,Teherhajó,314083000,8.9,180.0,30.0
2026-07-17,Nagy-Balti-öv,észak,Teherhajó,314542000,8.3,183.0,24.0
2026-07-17,Nagy-Balti-öv,dél,Teherhajó,373121000,10.0,171.0,27.0
2026-07-17,Nagy-Balti-öv,dél,Tanker,538009202,14.5,250.0,44.0
2026-07-17,Nagy-Balti-öv,észak,Tanker,538010003,14.6,250.0,44.0
2026-07-17,Nagy-Balti-öv,észak,Teherhajó,538010307,10.8,193.0,28.0
2026-07-17,Nagy-Balti-öv,észak,Teherhajó,538011107,14.7,225.0,32.0
2026-07-17,Nagy-Balti-öv,észak,Teherhajó,636016498,12.3,200.0,32.0
2026-07-17,Nagy-Balti-öv,észak,Tanker,636021090,14.3,250.0,44.0
2026-07-17,Nagy-Balti-öv,észak,Teherhajó,636023268,12.2,366.0,51.0
2026-07-17,Nagy-Balti-öv,észak,Teherhajó,636023981,10.7,180.0,30.0
2026-07-17,Nagy-Balti-öv,észak,Tanker,636024469,7.9,150.0,23.0
2026-07-17,Nagy-Balti-öv,észak,Tanker,667001451,15.0,244.0,42.0
2026-07-17,Øresund,észak,Teherhajó,209536000,3.7,90.0,13.0
2026-07-17,Øresund,észak,Tanker,209610000,7.0,119.0,16.0
2026-07-17,Øresund,dél,Teherhajó,209892000,3.8,90.0,15.0
2026-07-17,Øresund,dél,Teherhajó,211317180,5.1,100.0,17.0
2026-07-17,Øresund,dél,Teherhajó,211686000,3.4,75.0,10.0
2026-07-17,Øresund,dél,Teherhajó,212584000,,100.0,13.0
2026-07-17,Øresund,dél,Teherhajó,212811000,4.2,100.0,16.0
2026-07-17,Øresund,észak,Teherhajó,212949000,5.3,100.0,20.0
2026-07-17,Øresund,észak,Tanker,215033000,5.6,124.0,17.0
2026-07-17,Øresund,észak,Tanker,215994000,5.6,116.0,20.0
2026-07-17,Øresund,észak,Teherhajó,230042000,5.4,134.0,20.0
2026-07-17,Øresund,dél,Teherhajó,231815000,6.8,105.0,14.0
2026-07-17,Øresund,észak,Teherhajó,231898000,5.2,89.0,13.0
2026-07-17,Øresund,észak,Teherhajó,244030629,5.5,118.0,12.0
2026-07-17,Øresund,dél,Teherhajó,244689000,5.3,111.0,14.0
2026-07-17,Øresund,dél,Teherhajó,244780000,5.9,95.0,13.0
2026-07-17,Øresund,dél,Teherhajó,244854000,3.8,90.0,14.0
2026-07-17,Øresund,dél,Teherhajó,245137000,5.5,83.0,13.0
2026-07-17,Øresund,dél,Teherhajó,245266000,4.4,115.0,17.0
2026-07-17,Øresund,dél,Teherhajó,245720000,4.3,100.0,16.0
2026-07-17,Øresund,dél,Teherhajó,246141000,4.6,100.0,17.0
2026-07-17,Øresund,észak,Teherhajó,246521000,7.3,205.0,26.0
2026-07-17,Øresund,észak,Tanker,246541000,5.0,116.0,15.0
2026-07-17,Øresund,észak,Teherhajó,246670000,4.0,114.0,14.0
2026-07-17,Øresund,észak,Teherhajó,246900000,7.1,143.0,16.0
2026-07-17,Øresund,észak,Teherhajó,246993000,6.0,111.0,14.0
2026-07-17,Øresund,észak,Tanker,255804470,5.8,144.0,24.0
2026-07-17,Øresund,észak,Teherhajó,255805906,5.7,139.0,20.0
2026-07-17,Øresund,észak,Teherhajó,255805993,5.5,88.0,12.0
2026-07-17,Øresund,dél,Teherhajó,255806300,6.6,135.0,22.0
2026-07-17,Øresund,észak,Teherhajó,255809000,6.5,89.0,16.0
2026-07-17,Øresund,dél,Teherhajó,255909640,3.8,88.0,14.0
2026-07-17,Øresund,dél,Teherhajó,257765000,6.4,90.0,15.0
2026-07-17,Øresund,dél,Tanker,265002000,4.5,78.0,11.0
2026-07-17,Øresund,dél,Tanker,266212000,5.0,80.0,14.0
2026-07-17,Øresund,észak,Tanker,266464000,7.5,120.0,19.0
2026-07-17,Øresund,észak,Teherhajó,275535000,5.9,134.0,20.0
2026-07-17,Øresund,észak,Teherhajó,277586000,8.4,148.0,25.0
2026-07-17,Øresund,dél,Teherhajó,305201000,7.5,120.0,15.0
2026-07-17,Øresund,dél,Teherhajó,305370000,5.8,88.0,12.0
2026-07-17,Øresund,észak,Teherhajó,305581000,4.9,81.0,12.0
2026-07-17,Øresund,észak,Teherhajó,305641000,6.2,114.0,14.0
2026-07-17,Øresund,észak,Teherhajó,305649000,5.6,95.0,14.0
2026-07-17,Øresund,észak,Teherhajó,305762000,3.8,104.0,15.0
2026-07-17,Øresund,észak,Teherhajó,311001799,4.0,88.0,13.0
2026-07-17,Øresund,dél,Tanker,314001027,5.5,127.0,20.0
2026-07-17,Øresund,dél,Tanker,352004997,7.0,250.0,44.0
2026-07-17,Øresund,észak,Teherhajó,352006699,7.0,134.0,24.0
2026-07-17,Øresund,dél,Teherhajó,354214000,6.3,190.0,32.0
2026-07-17,Øresund,dél,Teherhajó,374721000,6.5,180.0,30.0
2026-07-17,Øresund,észak,Tanker,538005799,6.1,100.0,17.0
2026-07-17,Øresund,dél,Tanker,538008941,6.9,160.0,25.0
2026-07-17,Øresund,dél,Teherhajó,538009477,6.7,180.0,28.0
2026-07-17,Øresund,dél,Tanker,636018545,11.0,183.0,32.0
2026-07-17,Øresund,dél,Tanker,636022387,6.5,168.0,26.0
2026-07-17,Øresund,dél,Tanker,636025638,7.0,244.0,42.0
2026-07-18,Nagy-Balti-öv,dél,Teherhajó,209332000,3.9,90.0,12.0
2026-07-18,Nagy-Balti-öv,dél,Teherhajó,209982000,2.0,80.0,12.0
2026-07-18,Nagy-Balti-öv,dél,Teherhajó,210704000,4.3,90.0,13.0
2026-07-18,Nagy-Balti-öv,dél,Teherhajó,212198000,5.2,82.0,13.0
2026-07-18,Nagy-Balti-öv,dél,Teherhajó,212357000,7.2,184.0,25.0
2026-07-18,Nagy-Balti-öv,dél,Tanker,215515000,8.4,237.0,44.0
2026-07-18,Nagy-Balti-öv,észak,Teherhajó,218549000,9.3,255.0,38.0
2026-07-18,Nagy-Balti-öv,dél,Tanker,219034365,8.8,147.0,22.0
2026-07-18,Nagy-Balti-öv,észak,Tanker,229416000,9.2,300.0,49.0
2026-07-18,Nagy-Balti-öv,dél,Tanker,236669000,6.4,90.0,15.0
2026-07-18,Nagy-Balti-öv,észak,Teherhajó,244730000,8.8,173.0,25.0
2026-07-18,Nagy-Balti-öv,észak,Teherhajó,245097000,7.8,205.0,26.0
2026-07-18,Nagy-Balti-öv,észak,Tanker,246272000,8.1,115.0,17.0
2026-07-18,Nagy-Balti-öv,észak,Tanker,248006000,9.0,250.0,44.0
2026-07-18,Nagy-Balti-öv,észak,Tanker,248374000,8.8,128.0,20.0
2026-07-18,Nagy-Balti-öv,észak,Tanker,249097000,14.3,250.0,44.0
2026-07-18,Nagy-Balti-öv,dél,Tanker,249747000,13.6,250.0,44.0
2026-07-18,Nagy-Balti-öv,dél,Teherhajó,255916028,4.7,120.0,16.0
2026-07-18,Nagy-Balti-öv,dél,Teherhajó,255916590,10.0,168.0,26.0
2026-07-18,Nagy-Balti-öv,dél,Teherhajó,256883000,8.7,205.0,30.0
2026-07-18,Nagy-Balti-öv,dél,Teherhajó,257114000,6.0,95.0,14.0
2026-07-18,Nagy-Balti-öv,észak,Teherhajó,258763000,4.4,94.0,15.0
2026-07-18,Nagy-Balti-öv,dél,Teherhajó,304783000,10.7,166.0,24.0
2026-07-18,Nagy-Balti-öv,dél,Teherhajó,314082000,10.2,190.0,28.0
2026-07-18,Nagy-Balti-öv,észak,Teherhajó,352004276,11.2,190.0,32.0
2026-07-18,Nagy-Balti-öv,észak,Tanker,352004884,10.1,180.0,28.0
2026-07-18,Nagy-Balti-öv,dél,Teherhajó,374226000,10.5,199.0,32.0
2026-07-18,Nagy-Balti-öv,észak,Teherhajó,374275000,10.9,179.0,29.0
2026-07-18,Nagy-Balti-öv,észak,Tanker,461000253,15.0,243.0,42.0
2026-07-18,Nagy-Balti-öv,dél,Teherhajó,477909800,9.3,264.0,32.0
2026-07-18,Nagy-Balti-öv,észak,Teherhajó,538006287,9.7,180.0,30.0
2026-07-18,Nagy-Balti-öv,észak,Teherhajó,538007921,10.3,180.0,28.0
2026-07-18,Nagy-Balti-öv,dél,Tanker,563270900,7.6,183.0,32.0
2026-07-18,Nagy-Balti-öv,dél,Teherhajó,566041000,8.8,162.0,27.0
2026-07-18,Nagy-Balti-öv,észak,Teherhajó,605086012,6.8,138.0,21.0
2026-07-18,Nagy-Balti-öv,dél,Tanker,631010071,8.8,250.0,44.0
2026-07-18,Nagy-Balti-öv,észak,Teherhajó,636018322,11.4,217.0,27.0
2026-07-18,Nagy-Balti-öv,dél,Teherhajó,636020388,9.1,139.0,22.0
2026-07-18,Nagy-Balti-öv,észak,Tanker,636021311,8.6,250.0,44.0
2026-07-18,Nagy-Balti-öv,dél,Teherhajó,636025845,13.3,190.0,32.0
2026-07-18,Nagy-Balti-öv,dél,Teherhajó,636091995,9.7,208.0,30.0
2026-07-18,Nagy-Balti-öv,dél,Teherhajó,667002346,9.5,172.0,32.0
2026-07-18,Øresund,észak,Teherhajó,205436000,7.5,227.0,36.0
2026-07-18,Øresund,dél,Teherhajó,209184000,6.1,186.0,27.0
2026-07-18,Øresund,észak,Teherhajó,209336000,4.7,88.0,11.0
2026-07-18,Øresund,dél,Teherhajó,209535000,6.1,90.0,13.0
2026-07-18,Øresund,dél,Teherhajó,209968000,4.2,82.0,12.0
2026-07-18,Øresund,észak,Teherhajó,211341960,4.5,149.0,28.0
2026-07-18,Øresund,észak,Teherhajó,212209000,6.3,95.0,13.0
2026-07-18,Øresund,dél,Teherhajó,212530000,6.3,90.0,15.0
2026-07-18,Øresund,dél,Teherhajó,212723000,4.5,121.0,18.0
2026-07-18,Øresund,észak,Teherhajó,212811000,7.2,100.0,16.0
2026-07-18,Øresund,dél,Teherhajó,212949000,4.6,100.0,20.0
2026-07-18,Øresund,dél,Teherhajó,230091950,4.3,83.0,13.0
2026-07-18,Øresund,dél,Teherhajó,230601000,3.9,102.0,19.0
2026-07-18,Øresund,észak,Teherhajó,230700000,7.1,238.0,35.0
2026-07-18,Øresund,észak,Tanker,231917000,5.1,90.0,14.0
2026-07-18,Øresund,dél,Teherhajó,244140468,5.0,110.0,14.0
2026-07-18,Øresund,észak,Tanker,244870427,5.5,95.0,15.0
2026-07-18,Øresund,dél,Teherhajó,245535000,6.4,123.0,14.0
2026-07-18,Øresund,észak,Teherhajó,245720000,4.3,100.0,16.0
2026-07-18,Øresund,észak,Teherhajó,246125000,5.8,89.0,14.0
2026-07-18,Øresund,dél,Teherhajó,246571000,3.5,119.0,13.0
2026-07-18,Øresund,dél,Teherhajó,246809000,4.6,114.0,16.0
2026-07-18,Øresund,észak,Teherhajó,246924000,5.2,82.0,12.0
2026-07-18,Øresund,dél,Teherhajó,250006644,6.2,87.0,15.0
2026-07-18,Øresund,észak,Teherhajó,255805842,7.0,141.0,22.0
2026-07-18,Øresund,észak,Teherhajó,255805881,5.5,98.0,16.0
2026-07-18,Øresund,észak,Teherhajó,255805887,4.7,89.0,16.0
2026-07-18,Øresund,dél,Teherhajó,255805993,3.1,88.0,12.0
2026-07-18,Øresund,dél,Teherhajó,255806387,5.4,106.0,14.0
2026-07-18,Øresund,észak,Teherhajó,255861000,6.4,89.0,15.0
2026-07-18,Øresund,észak,Teherhajó,255862000,6.4,89.0,15.0
2026-07-18,Øresund,észak,Teherhajó,255915573,6.5,110.0,17.0
2026-07-18,Øresund,dél,Teherhajó,255915626,5.8,99.0,16.0
2026-07-18,Øresund,észak,Tanker,257550000,6.3,129.0,20.0
2026-07-18,Øresund,észak,Tanker,257601000,6.6,100.0,17.0
2026-07-18,Øresund,dél,Teherhajó,258622000,5.1,101.0,17.0
2026-07-18,Øresund,észak,Teherhajó,258648000,6.3,110.0,15.0
2026-07-18,Øresund,észak,Tanker,265002000,3.7,78.0,11.0
2026-07-18,Øresund,észak,Tanker,265610040,3.7,80.0,14.0
2026-07-18,Øresund,észak,Tanker,266212000,4.9,80.0,14.0
2026-07-18,Øresund,észak,Teherhajó,304219000,6.2,166.0,21.0
2026-07-18,Øresund,dél,Teherhajó,305821000,4.0,95.0,14.0
2026-07-18,Øresund,észak,Teherhajó,308654000,6.8,148.0,25.0
2026-07-18,Øresund,észak,Teherhajó,311087000,6.6,149.0,22.0
2026-07-18,Øresund,észak,Teherhajó,311995000,6.8,148.0,25.0
2026-07-18,Øresund,dél,Teherhajó,314617000,5.5,143.0,19.0
2026-07-18,Øresund,dél,Teherhajó,314910000,7.2,229.0,38.0
2026-07-18,Øresund,dél,Teherhajó,341832000,3.7,79.0,11.0
2026-07-18,Øresund,dél,Teherhajó,352003211,6.8,225.0,32.0
2026-07-18,Øresund,dél,Teherhajó,352004284,6.9,166.0,25.0
2026-07-18,Øresund,dél,Teherhajó,371950000,3.2,89.0,13.0
2026-07-18,Øresund,dél,Tanker,631010120,7.0,183.0,32.0
2026-07-18,Øresund,észak,Teherhajó,636022047,9.4,161.0,25.0
2026-07-18,Øresund,dél,Tanker,636026647,7.2,256.0,43.0
2026-07-18,Øresund,dél,Teherhajó,636093290,7.2,229.0,32.0
2026-07-19,Nagy-Balti-öv,dél,Teherhajó,209536000,6.0,90.0,13.0
2026-07-19,Nagy-Balti-öv,dél,Teherhajó,210359000,7.9,152.0,24.0
2026-07-19,Nagy-Balti-öv,észak,Teherhajó,212963000,8.4,152.0,24.0
2026-07-19,Nagy-Balti-öv,észak,Teherhajó,218805000,3.4,90.0,15.0
2026-07-19,Nagy-Balti-öv,észak,Teherhajó,219136000,11.7,200.0,36.0
2026-07-19,Nagy-Balti-öv,dél,Teherhajó,219543000,9.5,172.0,32.0
2026-07-19,Nagy-Balti-öv,észak,Tanker,219775000,7.1,147.0,22.0
2026-07-19,Nagy-Balti-öv,észak,Teherhajó,229041000,9.9,183.0,28.0
2026-07-19,Nagy-Balti-öv,észak,Tanker,229767000,9.8,288.0,44.0
2026-07-19,Nagy-Balti-öv,észak,Teherhajó,230642000,6.3,187.0,27.0
2026-07-19,Nagy-Balti-öv,észak,Tanker,230690000,9.7,156.0,24.0
2026-07-19,Nagy-Balti-öv,dél,Teherhajó,231613000,3.0,73.0,12.0
2026-07-19,Nagy-Balti-öv,észak,Tanker,238265000,10.9,195.0,32.0
2026-07-19,Nagy-Balti-öv,észak,Tanker,241348000,8.8,250.0,44.0
2026-07-19,Nagy-Balti-öv,dél,Tanker,244090097,6.7,164.0,25.0
2026-07-19,Nagy-Balti-öv,észak,Teherhajó,244830814,5.9,173.0,42.0
2026-07-19,Nagy-Balti-öv,dél,Teherhajó,245525000,4.8,127.0,16.0
2026-07-19,Nagy-Balti-öv,észak,Teherhajó,245578000,10.2,168.0,25.0
2026-07-19,Nagy-Balti-öv,dél,Teherhajó,246456000,7.3,168.0,24.0
2026-07-19,Nagy-Balti-öv,észak,Teherhajó,246572000,9.0,143.0,22.0
2026-07-19,Nagy-Balti-öv,dél,Teherhajó,255769000,6.6,107.0,15.0
2026-07-19,Nagy-Balti-öv,észak,Teherhajó,255806081,10.7,179.0,27.0
2026-07-19,Nagy-Balti-öv,dél,Teherhajó,255806203,7.8,150.0,26.0
2026-07-19,Nagy-Balti-öv,észak,Teherhajó,255806476,7.9,151.0,24.0
2026-07-19,Nagy-Balti-öv,észak,Teherhajó,255916226,5.3,89.0,12.0
2026-07-19,Nagy-Balti-öv,észak,Teherhajó,255917283,7.7,170.0,25.0
2026-07-19,Nagy-Balti-öv,dél,Teherhajó,257064430,6.2,90.0,14.0
2026-07-19,Nagy-Balti-öv,dél,Teherhajó,257207000,6.5,90.0,14.0
2026-07-19,Nagy-Balti-öv,észak,Teherhajó,257207000,6.5,90.0,14.0
2026-07-19,Nagy-Balti-öv,dél,Tanker,258915000,9.0,160.0,26.0
2026-07-19,Nagy-Balti-öv,dél,Teherhajó,265039000,7.1,242.0,36.0
2026-07-19,Nagy-Balti-öv,dél,Tanker,266466000,8.2,129.0,20.0
2026-07-19,Nagy-Balti-öv,észak,Teherhajó,271040311,12.3,190.0,32.0
2026-07-19,Nagy-Balti-öv,észak,Teherhajó,304829000,6.5,190.0,29.0
2026-07-19,Nagy-Balti-öv,észak,Tanker,314001132,14.8,243.0,42.0
2026-07-19,Nagy-Balti-öv,észak,Teherhajó,352003658,14.4,229.0,38.0
2026-07-19,Nagy-Balti-öv,észak,Teherhajó,352004714,12.4,199.0,36.0
2026-07-19,Nagy-Balti-öv,észak,Tanker,352005626,15.0,274.0,48.0
2026-07-19,Nagy-Balti-öv,dél,Tanker,374007000,9.9,277.0,48.0
2026-07-19,Nagy-Balti-öv,észak,Tanker,538006198,8.5,249.0,44.0
2026-07-19,Nagy-Balti-öv,dél,Tanker,538006772,14.9,252.0,44.0
2026-07-19,Nagy-Balti-öv,észak,Teherhajó,538007194,12.2,199.0,32.0
2026-07-19,Nagy-Balti-öv,észak,Tanker,538011942,8.5,250.0,44.0
2026-07-19,Nagy-Balti-öv,dél,Tanker,563142200,8.6,183.0,32.0
2026-07-19,Nagy-Balti-öv,dél,Tanker,566644000,15.0,274.0,49.0
2026-07-19,Nagy-Balti-öv,dél,Teherhajó,566796000,11.2,398.0,51.0
2026-07-19,Nagy-Balti-öv,észak,Teherhajó,636019972,14.6,229.0,32.0
2026-07-19,Nagy-Balti-öv,dél,Teherhajó,636093159,10.6,222.0,30.0
2026-07-19,Øresund,észak,Teherhajó,209535000,3.9,90.0,13.0
2026-07-19,Øresund,dél,Teherhajó,211141000,7.9,134.0,23.0
2026-07-19,Øresund,észak,Teherhajó,212856000,4.8,97.0,16.0
2026-07-19,Øresund,dél,Tanker,215064000,6.0,88.0,15.0
2026-07-19,Øresund,észak,Tanker,219015298,6.0,129.0,20.0
2026-07-19,Øresund,észak,Tanker,219029722,6.5,147.0,22.0
2026-07-19,Øresund,észak,Tanker,219032454,,14.0,4.0
2026-07-19,Øresund,észak,Teherhajó,231906000,5.2,89.0,13.0
2026-07-19,Øresund,észak,Teherhajó,244020808,4.8,98.0,13.0
2026-07-19,Øresund,dél,Tanker,244090224,6.6,108.0,17.0
2026-07-19,Øresund,észak,Teherhajó,244860007,7.0,136.0,15.0
2026-07-19,Øresund,észak,Tanker,244870428,6.3,96.0,16.0
2026-07-19,Øresund,észak,Teherhajó,245897000,7.3,205.0,26.0
2026-07-19,Øresund,észak,Teherhajó,246141000,5.5,100.0,17.0
2026-07-19,Øresund,dél,Teherhajó,246554000,7.4,205.0,26.0
2026-07-19,Øresund,észak,Teherhajó,249565000,7.1,200.0,32.0
2026-07-19,Øresund,észak,Tanker,255802940,5.8,88.0,15.0
2026-07-19,Øresund,észak,Tanker,255806341,7.2,144.0,23.0
2026-07-19,Øresund,észak,Teherhajó,255806436,7.0,141.0,22.0
2026-07-19,Øresund,dél,Teherhajó,255915625,4.2,99.0,16.0
2026-07-19,Øresund,dél,Tanker,255917319,8.3,124.0,17.0
2026-07-19,Øresund,dél,Tanker,256717000,5.7,90.0,15.0
2026-07-19,Øresund,észak,Tanker,256717000,5.7,90.0,15.0
2026-07-19,Øresund,dél,Teherhajó,257835000,6.3,90.0,16.0
2026-07-19,Øresund,észak,Teherhajó,259143000,6.0,119.0,16.0
2026-07-19,Øresund,dél,Tanker,265610040,6.2,80.0,14.0
2026-07-19,Øresund,dél,Teherhajó,277586000,8.7,148.0,25.0
2026-07-19,Øresund,észak,Teherhajó,277586000,8.7,148.0,25.0
2026-07-19,Øresund,észak,Teherhajó,304010515,6.3,97.0,16.0
2026-07-19,Øresund,észak,Teherhajó,304047000,5.7,106.0,15.0
2026-07-19,Øresund,észak,Teherhajó,304050000,5.5,89.0,12.0
2026-07-19,Øresund,észak,Teherhajó,305631000,6.6,126.0,14.0
2026-07-19,Øresund,dél,Teherhajó,305662000,6.5,90.0,14.0
2026-07-19,Øresund,észak,Teherhajó,311000801,6.8,152.0,23.0
2026-07-19,Øresund,dél,Teherhajó,311055200,6.4,190.0,28.0
2026-07-19,Øresund,dél,Teherhajó,352006327,6.9,190.0,32.0
2026-07-19,Øresund,dél,Tanker,538003488,6.3,123.0,18.0
2026-07-19,Øresund,észak,Tanker,636018545,8.1,183.0,32.0
2026-07-19,Øresund,észak,Teherhajó,636021765,7.2,177.0,28.0
2026-07-20,Nagy-Balti-öv,észak,Teherhajó,209536000,3.7,90.0,13.0
2026-07-20,Nagy-Balti-öv,észak,Teherhajó,209982000,3.3,80.0,12.0
2026-07-20,Nagy-Balti-öv,észak,Teherhajó,211202400,3.2,81.0,11.0
2026-07-20,Nagy-Balti-öv,dél,Teherhajó,211341960,4.7,149.0,28.0
2026-07-20,Nagy-Balti-öv,észak,Tanker,215845000,9.5,277.0,48.0
2026-07-20,Nagy-Balti-öv,dél,Teherhajó,218801000,4.3,82.0,11.0
2026-07-20,Nagy-Balti-öv,dél,Tanker,219008000,8.8,147.0,22.0
2026-07-20,Nagy-Balti-öv,észak,Tanker,230687000,8.5,250.0,44.0
2026-07-20,Nagy-Balti-öv,észak,Teherhajó,231613000,5.0,73.0,12.0
2026-07-20,Nagy-Balti-öv,dél,Tanker,235108527,15.0,250.0,44.0
2026-07-20,Nagy-Balti-öv,észak,Tanker,236669000,6.4,90.0,15.0
2026-07-20,Nagy-Balti-öv,észak,Teherhajó,244140321,7.6,123.0,17.0
2026-07-20,Nagy-Balti-öv,észak,Teherhajó,244790047,5.7,111.0,17.0
2026-07-20,Nagy-Balti-öv,észak,Teherhajó,245935000,8.5,134.0,20.0
2026-07-20,Nagy-Balti-öv,észak,Tanker,248124000,14.6,274.0,48.0
2026-07-20,Nagy-Balti-öv,észak,Teherhajó,249814000,10.0,169.0,26.0
2026-07-20,Nagy-Balti-öv,észak,Teherhajó,249934000,4.1,88.0,13.0
2026-07-20,Nagy-Balti-öv,észak,Teherhajó,255613000,9.4,180.0,30.0
2026-07-20,Nagy-Balti-öv,dél,Teherhajó,255806476,8.0,151.0,24.0
2026-07-20,Nagy-Balti-öv,észak,Teherhajó,255916314,7.9,148.0,27.0
2026-07-20,Nagy-Balti-öv,dél,Teherhajó,256708000,7.4,205.0,30.0
2026-07-20,Nagy-Balti-öv,dél,Tanker,257084120,8.3,129.0,20.0
2026-07-20,Nagy-Balti-öv,észak,Teherhajó,257114000,4.0,95.0,14.0
2026-07-20,Nagy-Balti-öv,dél,Teherhajó,257141000,5.1,88.0,13.0
2026-07-20,Nagy-Balti-öv,dél,Teherhajó,258809000,6.3,90.0,14.0
2026-07-20,Nagy-Balti-öv,észak,Teherhajó,265022000,7.4,242.0,36.0
2026-07-20,Nagy-Balti-öv,észak,Tanker,266436000,5.5,100.0,18.0
2026-07-20,Nagy-Balti-öv,észak,Tanker,266466000,5.7,129.0,20.0
2026-07-20,Nagy-Balti-öv,észak,Tanker,273268690,11.8,183.0,32.0
2026-07-20,Nagy-Balti-öv,észak,Tanker,314001093,14.7,245.0,42.0
2026-07-20,Nagy-Balti-öv,dél,Teherhajó,314377000,4.6,90.0,15.0
2026-07-20,Nagy-Balti-öv,dél,Teherhajó,314438000,3.6,90.0,12.0
2026-07-20,Nagy-Balti-öv,dél,Teherhajó,341661002,7.0,153.0,24.0
2026-07-20,Nagy-Balti-öv,észak,Teherhajó,352005615,11.2,191.0,24.0
2026-07-20,Nagy-Balti-öv,dél,Teherhajó,354625000,11.8,366.0,52.0
2026-07-20,Nagy-Balti-öv,észak,Teherhajó,366663000,9.4,235.0,32.0
2026-07-20,Nagy-Balti-öv,dél,Tanker,373638000,8.5,247.0,42.0
2026-07-20,Nagy-Balti-öv,észak,Teherhajó,477928600,13.4,399.0,61.0
2026-07-20,Nagy-Balti-öv,dél,Teherhajó,538008296,13.3,199.0,32.0
2026-07-20,Nagy-Balti-öv,dél,Teherhajó,538008298,7.3,225.0,48.0
2026-07-20,Nagy-Balti-öv,észak,Teherhajó,538009665,12.0,229.0,33.0
2026-07-20,Nagy-Balti-öv,észak,Tanker,636011282,8.7,170.0,25.0
2026-07-20,Nagy-Balti-öv,dél,Tanker,636018545,8.1,183.0,32.0
2026-07-20,Nagy-Balti-öv,dél,Tanker,636020805,14.7,250.0,44.0
2026-07-20,Nagy-Balti-öv,észak,Teherhajó,636021041,8.0,136.0,25.0
2026-07-20,Nagy-Balti-öv,dél,Tanker,636021733,15.0,244.0,42.0
2026-07-20,Nagy-Balti-öv,észak,Teherhajó,636021876,13.8,255.0,43.0
2026-07-20,Nagy-Balti-öv,észak,Teherhajó,636023678,11.7,366.0,51.0
2026-07-20,Nagy-Balti-öv,észak,Teherhajó,636024735,12.5,200.0,32.0
2026-07-20,Nagy-Balti-öv,dél,Teherhajó,636025053,13.8,366.0,51.0
2026-07-20,Nagy-Balti-öv,dél,Tanker,636026561,8.3,244.0,42.0
2026-07-20,Nagy-Balti-öv,észak,Teherhajó,636093339,10.9,180.0,32.0
2026-07-20,Nagy-Balti-öv,észak,Tanker,667002362,15.0,274.0,48.0
2026-07-20,Øresund,észak,Teherhajó,209525000,4.2,90.0,13.0
2026-07-20,Øresund,dél,Teherhajó,209823000,3.7,92.0,15.0
2026-07-20,Øresund,észak,Teherhajó,211141000,7.7,134.0,23.0
2026-07-20,Øresund,észak,Teherhajó,211265530,5.1,100.0,19.0
2026-07-20,Øresund,dél,Teherhajó,211302790,4.0,87.0,15.0
2026-07-20,Øresund,dél,Teherhajó,211870240,7.0,159.0,22.0
2026-07-20,Øresund,dél,Teherhajó,228492800,6.8,148.0,27.0
2026-07-20,Øresund,dél,Teherhajó,230694000,6.9,238.0,35.0
2026-07-20,Øresund,észak,Teherhajó,230984000,7.3,141.0,22.0
2026-07-20,Øresund,dél,Tanker,231917000,6.7,90.0,14.0
2026-07-20,Øresund,észak,Teherhajó,244638000,7.6,132.0,16.0
2026-07-20,Øresund,észak,Teherhajó,244995000,4.5,90.0,13.0
2026-07-20,Øresund,dél,Teherhajó,245170000,4.9,134.0,17.0
2026-07-20,Øresund,dél,Teherhajó,245399000,3.7,98.0,13.0
2026-07-20,Øresund,dél,Teherhajó,245720000,4.3,100.0,16.0
2026-07-20,Øresund,dél,Teherhajó,245952000,5.0,138.0,16.0
2026-07-20,Øresund,dél,Teherhajó,246521000,7.1,205.0,26.0
2026-07-20,Øresund,észak,Teherhajó,247489200,6.3,204.0,26.0
2026-07-20,Øresund,észak,Tanker,249907000,6.0,156.0,26.0
2026-07-20,Øresund,dél,Tanker,255714000,6.0,100.0,17.0
2026-07-20,Øresund,észak,Teherhajó,255791000,4.1,88.0,14.0
2026-07-20,Øresund,dél,Teherhajó,255805594,6.3,158.0,24.0
2026-07-20,Øresund,észak,Teherhajó,255806300,6.8,135.0,22.0
2026-07-20,Øresund,dél,Teherhajó,255812000,5.0,89.0,15.0
2026-07-20,Øresund,dél,Teherhajó,255915582,3.3,89.0,12.0
2026-07-20,Øresund,észak,Tanker,255917319,5.5,124.0,17.0
2026-07-20,Øresund,dél,Tanker,257086660,5.6,100.0,17.0
2026-07-20,Øresund,észak,Tanker,257206000,4.7,82.0,12.0
2026-07-20,Øresund,dél,Tanker,258715000,5.7,89.0,13.0
2026-07-20,Øresund,dél,Teherhajó,259017000,6.6,90.0,14.0
2026-07-20,Øresund,dél,Tanker,266266000,7.2,130.0,20.0
2026-07-20,Øresund,észak,Teherhajó,273293820,5.7,145.0,18.0
2026-07-20,Øresund,észak,Teherhajó,304783000,6.6,166.0,24.0
2026-07-20,Øresund,dél,Teherhajó,305415000,3.3,106.0,15.0
2026-07-20,Øresund,észak,Teherhajó,305479000,3.0,90.0,15.0
2026-07-20,Øresund,észak,Teherhajó,305530000,6.6,176.0,26.0
2026-07-20,Øresund,dél,Teherhajó,305666000,3.7,119.0,14.0
2026-07-20,Øresund,észak,Teherhajó,305733000,5.7,114.0,14.0
2026-07-20,Øresund,dél,Teherhajó,305978000,7.8,158.0,23.0
2026-07-20,Øresund,dél,Teherhajó,308803000,7.4,148.0,25.0
2026-07-20,Øresund,észak,Teherhajó,311001809,6.4,90.0,14.0
2026-07-20,Øresund,dél,Teherhajó,314149000,4.9,108.0,18.0
2026-07-20,Øresund,dél,Tanker,352005425,7.6,246.0,42.0
2026-07-20,Øresund,dél,Teherhajó,370126000,5.1,137.0,23.0
2026-07-20,Øresund,dél,Tanker,511101845,6.7,251.0,44.0
2026-07-20,Øresund,dél,Teherhajó,538011815,6.5,180.0,30.0
2026-07-20,Øresund,dél,Teherhajó,636020765,6.4,200.0,32.0
2026-07-20,Øresund,dél,Teherhajó,636021117,7.0,234.0,43.0
2026-07-20,Øresund,dél,Teherhajó,636023924,5.4,169.0,27.0
2026-07-21,Nagy-Balti-öv,észak,Teherhajó,210704000,6.3,90.0,13.0
2026-07-21,Nagy-Balti-öv,dél,Teherhajó,211141000,7.7,134.0,23.0
2026-07-21,Nagy-Balti-öv,dél,Teherhajó,211202400,2.9,81.0,11.0
2026-07-21,Nagy-Balti-öv,dél,Tanker,219814000,8.6,147.0,22.0
2026-07-21,Nagy-Balti-öv,dél,Tanker,240447000,8.5,248.0,43.0
2026-07-21,Nagy-Balti-öv,észak,Teherhajó,246127000,8.1,122.0,17.0
2026-07-21,Nagy-Balti-öv,észak,Teherhajó,255769000,4.2,107.0,15.0
2026-07-21,Nagy-Balti-öv,észak,Teherhajó,255802570,3.3,89.0,13.0
2026-07-21,Nagy-Balti-öv,dél,Teherhajó,255916099,5.5,89.0,12.0
2026-07-21,Nagy-Balti-öv,dél,Teherhajó,255917243,4.0,89.0,16.0
2026-07-21,Nagy-Balti-öv,észak,Tanker,256029000,8.6,250.0,44.0
2026-07-21,Nagy-Balti-öv,észak,Teherhajó,256882000,10.0,205.0,30.0
2026-07-21,Nagy-Balti-öv,észak,Teherhajó,257064430,4.0,90.0,14.0
2026-07-21,Nagy-Balti-öv,észak,Teherhajó,257141000,3.8,88.0,13.0
2026-07-21,Nagy-Balti-öv,észak,Teherhajó,258809000,4.2,90.0,14.0
2026-07-21,Nagy-Balti-öv,dél,Tanker,265072000,8.4,130.0,22.0
2026-07-21,Nagy-Balti-öv,észak,Teherhajó,266247000,6.7,190.0,26.0
2026-07-21,Nagy-Balti-öv,észak,Tanker,273279660,15.0,,
2026-07-21,Nagy-Balti-öv,észak,Teherhajó,305522000,2.9,90.0,13.0
2026-07-21,Nagy-Balti-öv,dél,Teherhajó,305581000,4.0,81.0,12.0
2026-07-21,Nagy-Balti-öv,dél,Tanker,311000516,12.4,228.0,42.0
2026-07-21,Nagy-Balti-öv,észak,Teherhajó,311002106,14.4,225.0,32.0
2026-07-21,Nagy-Balti-öv,észak,Teherhajó,319995000,12.3,197.0,32.0
2026-07-21,Nagy-Balti-öv,észak,Teherhajó,351074000,8.3,190.0,30.0
2026-07-21,Nagy-Balti-öv,dél,Tanker,352002925,11.2,299.0,46.0
2026-07-21,Nagy-Balti-öv,észak,Tanker,352003390,9.6,183.0,32.0
2026-07-21,Nagy-Balti-öv,észak,Teherhajó,352004747,9.3,192.0,28.0
2026-07-21,Nagy-Balti-öv,észak,Tanker,352005806,14.9,245.0,42.0
2026-07-21,Nagy-Balti-öv,dél,Teherhajó,356639000,9.8,190.0,30.0
2026-07-21,Nagy-Balti-öv,észak,Teherhajó,371963000,14.9,229.0,32.0
2026-07-21,Nagy-Balti-öv,dél,Teherhajó,477941100,14.0,399.0,61.0
2026-07-21,Nagy-Balti-öv,dél,Tanker,538006356,9.2,256.0,43.0
2026-07-21,Nagy-Balti-öv,dél,Tanker,538011338,14.3,250.0,44.0
2026-07-21,Nagy-Balti-öv,dél,Tanker,563069300,14.2,250.0,44.0
2026-07-21,Nagy-Balti-öv,észak,Teherhajó,636023497,10.8,190.0,32.0
2026-07-21,Nagy-Balti-öv,észak,Tanker,667002335,14.8,247.0,42.0
2026-07-21,Øresund,észak,Teherhajó,209823000,6.1,92.0,15.0
2026-07-21,Øresund,dél,Teherhajó,210681000,6.6,120.0,16.0
2026-07-21,Øresund,dél,Teherhajó,212209000,4.0,95.0,13.0
2026-07-21,Øresund,észak,Teherhajó,218858000,4.9,89.0,12.0
2026-07-21,Øresund,észak,Tanker,219029880,6.5,147.0,22.0
2026-07-21,Øresund,észak,Tanker,231875000,6.3,144.0,23.0
2026-07-21,Øresund,észak,Teherhajó,232032735,5.8,106.0,15.0
2026-07-21,Øresund,dél,Tanker,244335000,6.9,115.0,16.0
2026-07-21,Øresund,dél,Teherhajó,244750397,6.0,89.0,13.0
2026-07-21,Øresund,dél,Teherhajó,245190000,6.0,89.0,14.0
2026-07-21,Øresund,észak,Teherhajó,245237000,5.0,117.0,16.0
2026-07-21,Øresund,észak,Teherhajó,245720000,4.3,100.0,16.0
2026-07-21,Øresund,dél,Teherhajó,245901000,3.8,114.0,14.0
2026-07-21,Øresund,észak,Teherhajó,246244000,5.1,141.0,24.0
2026-07-21,Øresund,észak,Teherhajó,246399000,3.9,90.0,14.0
2026-07-21,Øresund,észak,Tanker,248886000,6.4,88.0,14.0
2026-07-21,Øresund,észak,Tanker,255714000,5.3,100.0,17.0
2026-07-21,Øresund,dél,Teherhajó,255915737,6.6,190.0,32.0
2026-07-21,Øresund,dél,Teherhajó,255916298,6.8,200.0,24.0
2026-07-21,Øresund,dél,Teherhajó,256683000,7.2,225.0,32.0
2026-07-21,Øresund,észak,Tanker,257086660,5.4,100.0,17.0
2026-07-21,Øresund,dél,Tanker,257206000,3.7,82.0,12.0
2026-07-21,Øresund,dél,Teherhajó,257588000,5.7,122.0,20.0
2026-07-21,Øresund,dél,Teherhajó,258009780,4.2,88.0,12.0
2026-07-21,Øresund,észak,Teherhajó,258622000,5.0,101.0,17.0
2026-07-21,Øresund,dél,Teherhajó,259101000,4.8,107.0,17.0
2026-07-21,Øresund,dél,Teherhajó,265413000,6.1,170.0,24.0
2026-07-21,Øresund,dél,Tanker,266212000,4.7,80.0,14.0
2026-07-21,Øresund,észak,Teherhajó,304559000,3.5,74.0,11.0
2026-07-21,Øresund,dél,Teherhajó,304944000,5.7,99.0,16.0
2026-07-21,Øresund,dél,Teherhajó,305073000,3.1,89.0,13.0
2026-07-21,Øresund,dél,Teherhajó,305411000,6.3,130.0,20.0
2026-07-21,Øresund,észak,Teherhajó,305978000,8.1,158.0,23.0
2026-07-21,Øresund,észak,Teherhajó,311000973,6.8,150.0,22.0
2026-07-21,Øresund,dél,Teherhajó,311001763,5.8,88.0,13.0
2026-07-21,Øresund,dél,Teherhajó,311002039,6.3,190.0,32.0
2026-07-21,Øresund,észak,Teherhajó,314631000,5.6,88.0,13.0
2026-07-21,Øresund,dél,Tanker,351341000,7.2,183.0,32.0
2026-07-21,Øresund,észak,Teherhajó,352002808,6.8,146.0,18.0
2026-07-21,Øresund,dél,Tanker,355209000,6.9,186.0,32.0
2026-07-21,Øresund,dél,Tanker,525121061,7.6,245.0,42.0
2026-07-21,Øresund,dél,Teherhajó,538007200,7.4,190.0,33.0
2026-07-21,Øresund,dél,Teherhajó,538012529,6.3,190.0,31.0
2026-07-21,Øresund,dél,Teherhajó,636017854,7.2,229.0,32.0
2026-07-21,Øresund,dél,Tanker,636018294,7.0,244.0,42.0
2026-07-21,Øresund,dél,Teherhajó,636023944,7.6,172.0,28.0
2026-07-22,Nagy-Balti-öv,észak,Teherhajó,209332000,4.0,90.0,12.0
2026-07-22,Nagy-Balti-öv,dél,Teherhajó,209336000,4.5,88.0,11.0
2026-07-22,Nagy-Balti-öv,dél,Teherhajó,209536000,5.9,90.0,13.0
2026-07-22,Nagy-Balti-öv,dél,Teherhajó,212809000,7.6,120.0,16.0
2026-07-22,Nagy-Balti-öv,dél,Teherhajó,212811000,7.3,100.0,16.0
2026-07-22,Nagy-Balti-öv,észak,Teherhajó,212811000,7.3,100.0,16.0
2026-07-22,Nagy-Balti-öv,dél,Teherhajó,218858000,3.7,89.0,12.0
2026-07-22,Nagy-Balti-öv,észak,Tanker,228432700,9.5,299.0,46.0
2026-07-22,Nagy-Balti-öv,észak,Tanker,230707000,9.6,150.0,23.0
2026-07-22,Nagy-Balti-öv,észak,Tanker,240657000,13.2,249.0,44.0
2026-07-22,Nagy-Balti-öv,észak,Teherhajó,245525000,7.0,127.0,15.0
2026-07-22,Nagy-Balti-öv,észak,Teherhajó,250002821,8.8,136.0,22.0
2026-07-22,Nagy-Balti-öv,dél,Teherhajó,255915970,5.9,114.0,14.0
2026-07-22,Nagy-Balti-öv,dél,Teherhajó,255916314,7.6,148.0,27.0
2026-07-22,Nagy-Balti-öv,észak,Teherhajó,256608000,12.5,190.0,32.0
2026-07-22,Nagy-Balti-öv,észak,Tanker,257084120,6.3,129.0,20.0
2026-07-22,Nagy-Balti-öv,dél,Teherhajó,258114000,5.9,90.0,16.0
2026-07-22,Nagy-Balti-öv,dél,Tanker,258913000,9.2,180.0,28.0
2026-07-22,Nagy-Balti-öv,észak,Tanker,275541000,4.8,92.0,16.0
2026-07-22,Nagy-Balti-öv,dél,Teherhajó,305412000,5.7,129.0,20.0
2026-07-22,Nagy-Balti-öv,észak,Tanker,311002021,15.0,277.0,48.0
2026-07-22,Nagy-Balti-öv,észak,Teherhajó,314438000,4.7,90.0,12.0
2026-07-22,Nagy-Balti-öv,dél,Teherhajó,352001928,2.6,74.0,11.0
2026-07-22,Nagy-Balti-öv,dél,Teherhajó,352005614,6.8,225.0,32.0
2026-07-22,Nagy-Balti-öv,észak,Teherhajó,371233000,12.2,365.0,50.0
2026-07-22,Nagy-Balti-öv,dél,Teherhajó,422031300,11.1,300.0,40.0
2026-07-22,Nagy-Balti-öv,dél,Tanker,477142400,6.0,160.0,25.0
2026-07-22,Nagy-Balti-öv,észak,Teherhajó,477195100,13.5,291.0,32.0
2026-07-22,Nagy-Balti-öv,észak,Teherhajó,538003906,10.9,180.0,28.0
2026-07-22,Nagy-Balti-öv,észak,Teherhajó,538006419,10.6,200.0,24.0
2026-07-22,Nagy-Balti-öv,észak,Tanker,538011475,11.2,183.0,32.0
2026-07-22,Nagy-Balti-öv,észak,Tanker,538012016,15.0,244.0,42.0
2026-07-22,Nagy-Balti-öv,dél,Teherhajó,636015894,8.9,175.0,27.0
2026-07-22,Nagy-Balti-öv,dél,Teherhajó,636016697,12.9,229.0,32.0
2026-07-22,Nagy-Balti-öv,dél,Teherhajó,636017074,9.6,180.0,30.0
2026-07-22,Nagy-Balti-öv,dél,Teherhajó,636017408,11.9,399.0,54.0
2026-07-22,Nagy-Balti-öv,dél,Tanker,636017409,7.7,179.0,29.0
2026-07-22,Nagy-Balti-öv,dél,Teherhajó,636018563,12.0,261.0,32.0
2026-07-22,Nagy-Balti-öv,dél,Teherhajó,636019547,7.0,151.0,21.0
2026-07-22,Nagy-Balti-öv,észak,Teherhajó,636019579,14.2,225.0,32.0
2026-07-22,Nagy-Balti-öv,dél,Tanker,636022304,10.7,182.0,32.0
2026-07-22,Nagy-Balti-öv,észak,Tanker,636022749,12.1,183.0,32.0
2026-07-22,Nagy-Balti-öv,észak,Tanker,636023947,9.2,250.0,44.0
2026-07-22,Nagy-Balti-öv,észak,Teherhajó,636024961,12.3,200.0,32.0
2026-07-22,Nagy-Balti-öv,észak,Teherhajó,636025891,14.8,229.0,32.0
2026-07-22,Nagy-Balti-öv,észak,Teherhajó,636091995,10.5,208.0,30.0
2026-07-22,Øresund,észak,Teherhajó,209313000,5.0,82.0,12.0
2026-07-22,Øresund,dél,Teherhajó,209525000,6.2,90.0,13.0
2026-07-22,Øresund,dél,Teherhajó,212503000,3.9,88.0,13.0
2026-07-22,Øresund,észak,Tanker,215064000,5.7,88.0,15.0
2026-07-22,Øresund,dél,Teherhajó,218805000,5.5,90.0,15.0
2026-07-22,Øresund,dél,Tanker,220018000,4.6,78.0,13.0
2026-07-22,Øresund,dél,Teherhajó,230350000,5.8,120.0,18.0
2026-07-22,Øresund,dél,Teherhajó,231860000,9.8,179.0,31.0
2026-07-22,Øresund,észak,Teherhajó,231860000,9.8,179.0,31.0
2026-07-22,Øresund,dél,Teherhajó,231898000,4.9,89.0,13.0
2026-07-22,Øresund,észak,Teherhajó,244140468,7.2,110.0,14.0
2026-07-22,Øresund,dél,Teherhajó,244534000,6.2,193.0,26.0
2026-07-22,Øresund,dél,Tanker,244784000,6.6,100.0,16.0
2026-07-22,Øresund,dél,Teherhajó,245720000,4.3,100.0,16.0
2026-07-22,Øresund,észak,Teherhajó,246188000,3.8,112.0,15.0
2026-07-22,Øresund,dél,Teherhajó,246670000,4.1,114.0,14.0
2026-07-22,Øresund,dél,Teherhajó,246873000,4.7,108.0,16.0
2026-07-22,Øresund,dél,Teherhajó,255805973,6.4,89.0,16.0
2026-07-22,Øresund,észak,Teherhajó,255805993,4.8,88.0,12.0
2026-07-22,Øresund,dél,Teherhajó,255864560,5.0,89.0,15.0
2026-07-22,Øresund,dél,Tanker,256717000,5.7,90.0,15.0
2026-07-22,Øresund,észak,Tanker,258715000,4.1,89.0,13.0
2026-07-22,Øresund,észak,Teherhajó,259017000,4.7,90.0,14.0
2026-07-22,Øresund,észak,Tanker,265071000,5.4,130.0,22.0
2026-07-22,Øresund,észak,Tanker,266212000,4.3,80.0,14.0
2026-07-22,Øresund,észak,Teherhajó,268260900,7.7,105.0,16.0
2026-07-22,Øresund,észak,Teherhajó,304146000,5.9,88.0,14.0
2026-07-22,Øresund,dél,Teherhajó,305170000,4.2,81.0,13.0
2026-07-22,Øresund,dél,Teherhajó,305269000,4.2,90.0,13.0
2026-07-22,Øresund,dél,Teherhajó,305284000,6.5,116.0,16.0
2026-07-22,Øresund,dél,Teherhajó,305412000,5.7,129.0,20.0
2026-07-22,Øresund,észak,Teherhajó,305412000,5.7,129.0,20.0
2026-07-22,Øresund,dél,Teherhajó,305453000,7.5,108.0,18.0
2026-07-22,Øresund,dél,Teherhajó,305641000,3.8,114.0,14.0
2026-07-22,Øresund,észak,Teherhajó,311000972,6.7,150.0,22.0
2026-07-22,Øresund,észak,Teherhajó,311001816,4.8,88.0,13.0
2026-07-22,Øresund,észak,Teherhajó,314208000,5.2,90.0,15.0
2026-07-22,Øresund,észak,Tanker,563142200,7.2,183.0,32.0
2026-07-22,Øresund,észak,Tanker,564469000,6.9,150.0,24.0
2026-07-22,Øresund,dél,Tanker,636023657,7.2,182.0,27.0
2026-07-22,Øresund,észak,Teherhajó,636023944,8.1,172.0,28.0
2026-07-23,Nagy-Balti-öv,észak,Teherhajó,215362000,5.6,170.0,28.0
2026-07-23,Nagy-Balti-öv,dél,Teherhajó,218797000,2.8,90.0,12.0
2026-07-23,Nagy-Balti-öv,dél,Teherhajó,219001284,2.1,31.0,7.0
2026-07-23,Nagy-Balti-öv,dél,Teherhajó,219164000,7.2,86.0,14.0
2026-07-23,Nagy-Balti-öv,dél,Tanker,219775000,8.5,147.0,22.0
2026-07-23,Nagy-Balti-öv,dél,Tanker,241962000,12.9,249.0,44.0
2026-07-23,Nagy-Balti-öv,észak,Teherhajó,245472000,4.0,90.0,15.0
2026-07-23,Nagy-Balti-öv,észak,Teherhajó,255727000,9.2,180.0,32.0
2026-07-23,Nagy-Balti-öv,dél,Teherhajó,255769000,6.4,107.0,15.0
2026-07-23,Nagy-Balti-öv,észak,Tanker,255915980,6.5,144.0,23.0
2026-07-23,Nagy-Balti-öv,észak,Teherhajó,256883000,10.0,205.0,30.0
2026-07-23,Nagy-Balti-öv,dél,Teherhajó,257207000,6.5,90.0,14.0
2026-07-23,Nagy-Balti-öv,dél,Teherhajó,258656000,6.5,94.0,15.0
2026-07-23,Nagy-Balti-öv,észak,Teherhajó,258656000,6.5,94.0,15.0
2026-07-23,Nagy-Balti-öv,dél,Teherhajó,258761000,6.1,110.0,15.0
2026-07-23,Nagy-Balti-öv,dél,Tanker,266466000,8.0,129.0,20.0
2026-07-23,Nagy-Balti-öv,dél,Teherhajó,273254830,6.8,134.0,18.0
2026-07-23,Nagy-Balti-öv,dél,Tanker,273259730,8.6,250.0,46.0
2026-07-23,Nagy-Balti-öv,észak,Teherhajó,304274000,3.8,80.0,12.0
2026-07-23,Nagy-Balti-öv,dél,Teherhajó,304323000,3.4,88.0,13.0
2026-07-23,Nagy-Balti-öv,dél,Teherhajó,305978000,7.4,158.0,23.0
2026-07-23,Nagy-Balti-öv,észak,Teherhajó,308704000,7.5,180.0,25.0
2026-07-23,Nagy-Balti-öv,dél,Teherhajó,311062400,8.9,164.0,24.0
2026-07-23,Nagy-Balti-öv,észak,Tanker,352005301,15.0,246.0,42.0
2026-07-23,Nagy-Balti-öv,észak,Tanker,354536000,14.8,274.0,48.0
2026-07-23,Nagy-Balti-öv,dél,Teherhajó,354540000,10.1,237.0,32.0
2026-07-23,Nagy-Balti-öv,észak,Teherhajó,538005278,9.7,188.0,27.0
2026-07-23,Nagy-Balti-öv,észak,Tanker,538006356,11.0,256.0,43.0
2026-07-23,Nagy-Balti-öv,észak,Tanker,538008941,9.7,160.0,25.0
2026-07-23,Nagy-Balti-öv,észak,Tanker,538009202,8.5,250.0,44.0
2026-07-23,Nagy-Balti-öv,észak,Teherhajó,563115200,10.1,180.0,30.0
2026-07-23,Nagy-Balti-öv,észak,Tanker,563259800,10.0,183.0,32.0
2026-07-23,Nagy-Balti-öv,észak,Teherhajó,566796000,10.9,398.0,51.0
2026-07-23,Nagy-Balti-öv,észak,Tanker,630001226,11.0,228.0,32.0
2026-07-23,Nagy-Balti-öv,dél,Teherhajó,636019247,8.9,116.0,20.0
2026-07-23,Nagy-Balti-öv,dél,Teherhajó,636019890,9.6,175.0,29.0
2026-07-23,Nagy-Balti-öv,dél,Tanker,636022066,6.0,159.0,27.0
2026-07-23,Nagy-Balti-öv,dél,Tanker,636025995,9.2,274.0,48.0
2026-07-23,Nagy-Balti-öv,észak,Teherhajó,636093159,10.6,222.0,30.0
2026-07-23,Nagy-Balti-öv,észak,Tanker,667002338,15.0,250.0,44.0
2026-07-23,Nagy-Balti-öv,dél,Tanker,668116291,10.1,180.0,32.0
2026-07-23,Øresund,észak,Teherhajó,209151000,5.6,88.0,12.0
2026-07-23,Øresund,észak,Teherhajó,209992000,5.8,90.0,15.0
2026-07-23,Øresund,dél,Teherhajó,211265530,4.7,100.0,19.0
2026-07-23,Øresund,dél,Teherhajó,212811000,4.2,100.0,16.0
2026-07-23,Øresund,észak,Teherhajó,212811000,4.2,100.0,16.0
2026-07-23,Øresund,dél,Teherhajó,229659000,7.1,190.0,24.0
2026-07-23,Øresund,dél,Teherhajó,230042000,5.0,134.0,20.0
2026-07-23,Øresund,dél,Teherhajó,231766000,5.4,95.0,16.0
2026-07-23,Øresund,észak,Tanker,231917000,5.1,90.0,14.0
2026-07-23,Øresund,dél,Teherhajó,236568000,3.6,86.0,12.0
2026-07-23,Øresund,dél,Teherhajó,244780424,6.5,118.0,13.0
2026-07-23,Øresund,dél,Tanker,244790523,5.7,100.0,17.0
2026-07-23,Øresund,dél,Tanker,244994000,5.0,108.0,17.0
2026-07-23,Øresund,dél,Tanker,246541000,6.6,116.0,15.0
2026-07-23,Øresund,észak,Teherhajó,246571000,5.6,119.0,13.0
2026-07-23,Øresund,észak,Teherhajó,246809000,4.3,114.0,16.0
2026-07-23,Øresund,észak,Teherhajó,246838000,4.5,88.0,14.0
2026-07-23,Øresund,dél,Teherhajó,246883000,5.3,151.0,26.0
2026-07-23,Øresund,dél,Tanker,248886000,4.3,88.0,14.0
2026-07-23,Øresund,dél,Teherhajó,255916550,5.3,89.0,16.0
2026-07-23,Øresund,észak,Tanker,256717000,4.2,90.0,15.0
2026-07-23,Øresund,dél,Teherhajó,257115000,5.8,88.0,13.0
2026-07-23,Øresund,észak,Teherhajó,257588000,5.3,122.0,20.0
2026-07-23,Øresund,dél,Tanker,257601000,7.1,100.0,17.0
2026-07-23,Øresund,dél,Tanker,265002000,4.8,78.0,11.0
2026-07-23,Øresund,észak,Tanker,265062000,6.2,149.0,23.0
2026-07-23,Øresund,dél,Tanker,266454000,5.5,123.0,17.0
2026-07-23,Øresund,észak,Teherhajó,268246900,5.2,88.0,12.0
2026-07-23,Øresund,dél,Teherhajó,273148810,5.7,95.0,13.0
2026-07-23,Øresund,dél,Tanker,275541000,5.5,92.0,16.0
2026-07-23,Øresund,észak,Teherhajó,304011028,4.9,87.0,12.0
2026-07-23,Øresund,észak,Teherhajó,304776000,5.9,99.0,14.0
2026-07-23,Øresund,észak,Teherhajó,305411000,6.3,130.0,20.0
2026-07-23,Øresund,dél,Teherhajó,314019000,4.5,83.0,11.0
2026-07-23,Øresund,dél,Teherhajó,314608000,4.4,80.0,13.0
2026-07-23,Øresund,dél,Teherhajó,351639000,7.5,172.0,28.0
2026-07-23,Øresund,észak,Teherhajó,351639000,7.5,172.0,28.0
2026-07-23,Øresund,dél,Teherhajó,352004770,7.2,229.0,36.0
2026-07-23,Øresund,észak,Tanker,413319660,5.7,112.0,17.0
2026-07-23,Øresund,dél,Teherhajó,477345300,7.1,225.0,32.0
2026-07-23,Øresund,észak,Tanker,538005404,6.8,183.0,27.0
2026-07-23,Øresund,dél,Tanker,538011354,9.2,249.0,44.0
2026-07-23,Øresund,észak,Teherhajó,572728220,7.1,133.0,19.0
2026-07-23,Øresund,dél,Teherhajó,636015357,5.7,180.0,30.0
2026-07-23,Øresund,dél,Teherhajó,636024899,7.1,200.0,32.0
2026-07-24,Nagy-Balti-öv,észak,Teherhajó,209536000,3.7,90.0,13.0
2026-07-24,Nagy-Balti-öv,észak,Teherhajó,210359000,7.4,152.0,24.0
2026-07-24,Nagy-Balti-öv,dél,Tanker,210855000,5.6,109.0,17.0
2026-07-24,Nagy-Balti-öv,észak,Teherhajó,212357000,10.0,184.0,25.0
2026-07-24,Nagy-Balti-öv,észak,Teherhajó,212853000,6.2,88.0,13.0
2026-07-24,Nagy-Balti-öv,dél,Tanker,219029880,9.0,147.0,22.0
2026-07-24,Nagy-Balti-öv,dél,Teherhajó,219136000,9.1,200.0,36.0
2026-07-24,Nagy-Balti-öv,dél,Teherhajó,230642000,6.0,187.0,27.0
2026-07-24,Nagy-Balti-öv,dél,Tanker,230688000,14.8,250.0,44.0
2026-07-24,Nagy-Balti-öv,dél,Teherhajó,231897000,6.3,89.0,13.0
2026-07-24,Nagy-Balti-öv,dél,Tanker,244267000,4.8,104.0,16.0
2026-07-24,Nagy-Balti-öv,észak,Tanker,248716000,14.2,250.0,44.0
2026-07-24,Nagy-Balti-öv,észak,Tanker,248993000,14.1,254.0,44.0
2026-07-24,Nagy-Balti-öv,észak,Teherhajó,255769000,4.0,107.0,15.0
2026-07-24,Nagy-Balti-öv,észak,Teherhajó,255848000,4.8,89.0,16.0
2026-07-24,Nagy-Balti-öv,dél,Tanker,257071620,8.2,126.0,20.0
2026-07-24,Nagy-Balti-öv,dél,Teherhajó,257114000,3.6,95.0,14.0
2026-07-24,Nagy-Balti-öv,észak,Teherhajó,257207000,4.1,90.0,14.0
2026-07-24,Nagy-Balti-öv,észak,Teherhajó,258114000,3.4,90.0,16.0
2026-07-24,Nagy-Balti-öv,dél,Tanker,266436000,5.8,100.0,18.0
2026-07-24,Nagy-Balti-öv,észak,Teherhajó,304323000,5.3,88.0,13.0
2026-07-24,Nagy-Balti-öv,észak,Teherhajó,304520000,8.6,139.0,23.0
2026-07-24,Nagy-Balti-öv,dél,Teherhajó,304819000,10.5,190.0,29.0
2026-07-24,Nagy-Balti-öv,észak,Teherhajó,305184000,3.6,82.0,12.0
2026-07-24,Nagy-Balti-öv,észak,Tanker,314001027,7.8,127.0,20.0
2026-07-24,Nagy-Balti-öv,észak,Teherhajó,314862000,10.3,177.0,29.0
2026-07-24,Nagy-Balti-öv,dél,Teherhajó,352002033,9.8,177.0,28.0
2026-07-24,Nagy-Balti-öv,észak,Tanker,352002925,9.0,299.0,46.0
2026-07-24,Nagy-Balti-öv,dél,Teherhajó,352004293,12.9,225.0,32.0
2026-07-24,Nagy-Balti-öv,észak,Tanker,461000238,14.3,250.0,44.0
2026-07-24,Nagy-Balti-öv,dél,Tanker,538006497,5.8,101.0,18.0
2026-07-24,Nagy-Balti-öv,észak,Tanker,538006772,8.5,252.0,44.0
2026-07-24,Nagy-Balti-öv,észak,Teherhajó,538009096,7.7,229.0,32.0
2026-07-24,Nagy-Balti-öv,dél,Teherhajó,538010610,8.2,178.0,28.0
2026-07-24,Nagy-Balti-öv,észak,Teherhajó,538010993,6.7,229.0,32.0
2026-07-24,Nagy-Balti-öv,dél,Teherhajó,538011571,10.5,190.0,32.0
2026-07-24,Nagy-Balti-öv,dél,Tanker,563003300,14.4,250.0,44.0
2026-07-24,Nagy-Balti-öv,dél,Teherhajó,563076300,12.7,292.0,32.0
2026-07-24,Nagy-Balti-öv,dél,Tanker,563186400,10.8,184.0,27.0
2026-07-24,Nagy-Balti-öv,észak,Tanker,566644000,9.0,274.0,49.0
2026-07-24,Nagy-Balti-öv,dél,Tanker,636023418,11.8,290.0,46.0
2026-07-24,Nagy-Balti-öv,észak,Teherhajó,636024670,11.6,198.0,32.0
2026-07-24,Nagy-Balti-öv,észak,Teherhajó,636025036,12.3,199.0,32.0
2026-07-24,Nagy-Balti-öv,észak,Teherhajó,636025421,14.7,229.0,32.0
2026-07-24,Øresund,dél,Teherhajó,209823000,3.8,92.0,15.0
2026-07-24,Øresund,dél,Teherhajó,210388000,4.5,133.0,16.0
2026-07-24,Øresund,észak,Teherhajó,212209000,6.3,95.0,13.0
2026-07-24,Øresund,dél,Teherhajó,212385000,4.1,99.0,14.0
2026-07-24,Øresund,dél,Teherhajó,212882000,5.4,100.0,20.0
2026-07-24,Øresund,észak,Teherhajó,212900000,5.1,88.0,13.0
2026-07-24,Øresund,észak,Tanker,219034365,6.5,147.0,22.0
2026-07-24,Øresund,észak,Teherhajó,230352000,7.3,120.0,18.0
2026-07-24,Øresund,észak,Teherhajó,230696000,6.8,122.0,21.0
2026-07-24,Øresund,észak,Teherhajó,231023000,5.9,90.0,14.0
2026-07-24,Øresund,észak,Teherhajó,236306000,5.7,90.0,14.0
2026-07-24,Øresund,észak,Tanker,236342000,4.5,88.0,13.0
2026-07-24,Øresund,dél,Teherhajó,244140468,6.1,110.0,14.0
2026-07-24,Øresund,észak,Teherhajó,244218000,3.3,87.0,12.0
2026-07-24,Øresund,észak,Teherhajó,244534000,6.3,193.0,26.0
2026-07-24,Øresund,dél,Teherhajó,244584000,6.8,173.0,25.0
2026-07-24,Øresund,észak,Teherhajó,244615929,4.8,140.0,24.0
2026-07-24,Øresund,dél,Tanker,244678000,6.1,116.0,15.0
2026-07-24,Øresund,észak,Teherhajó,244870420,3.4,88.0,14.0
2026-07-24,Øresund,észak,Teherhajó,245720000,4.3,100.0,16.0
2026-07-24,Øresund,dél,Teherhajó,246141000,4.4,100.0,17.0
2026-07-24,Øresund,észak,Teherhajó,246395000,4.6,83.0,13.0
2026-07-24,Øresund,észak,Teherhajó,246554000,7.5,205.0,26.0
2026-07-24,Øresund,észak,Teherhajó,246639000,5.6,83.0,13.0
2026-07-24,Øresund,észak,Teherhajó,246655000,5.2,90.0,14.0
2026-07-24,Øresund,dél,Teherhajó,248256000,6.2,191.0,32.0
2026-07-24,Øresund,dél,Teherhajó,255805881,6.4,98.0,16.0
2026-07-24,Øresund,dél,Teherhajó,255805906,6.0,139.0,20.0
2026-07-24,Øresund,észak,Teherhajó,255805906,6.0,139.0,20.0
2026-07-24,Øresund,észak,Teherhajó,255845000,6.0,90.0,16.0
2026-07-24,Øresund,dél,Teherhajó,255848000,4.8,89.0,16.0
2026-07-24,Øresund,észak,Teherhajó,255915749,3.4,89.0,12.0
2026-07-24,Øresund,dél,Teherhajó,256696000,6.9,190.0,32.0
2026-07-24,Øresund,dél,Teherhajó,258006930,4.8,101.0,17.0
2026-07-24,Øresund,észak,Teherhajó,258009780,3.6,88.0,12.0
2026-07-24,Øresund,dél,Teherhajó,258227000,6.4,87.0,15.0
2026-07-24,Øresund,észak,Teherhajó,259101000,5.7,107.0,17.0
2026-07-24,Øresund,észak,Tanker,265002000,3.4,78.0,11.0
2026-07-24,Øresund,dél,Tanker,265012140,5.7,100.0,19.0
2026-07-24,Øresund,dél,Tanker,266468000,7.0,119.0,17.0
2026-07-24,Øresund,dél,Tanker,266475000,6.8,120.0,17.0
2026-07-24,Øresund,észak,Tanker,266475000,6.8,120.0,17.0
2026-07-24,Øresund,dél,Teherhajó,268263901,4.2,108.0,18.0
2026-07-24,Øresund,észak,Teherhajó,275515000,4.2,82.0,12.0
2026-07-24,Øresund,dél,Teherhajó,305479000,5.5,90.0,15.0
2026-07-24,Øresund,dél,Teherhajó,305767000,5.5,129.0,17.0
2026-07-24,Øresund,dél,Teherhajó,305773000,6.2,140.0,22.0
2026-07-24,Øresund,észak,Teherhajó,305821000,5.0,95.0,14.0
2026-07-24,Øresund,észak,Teherhajó,308803000,6.7,148.0,25.0
2026-07-24,Øresund,dél,Tanker,352004150,7.3,240.0,42.0
2026-07-24,Øresund,dél,Teherhajó,352005977,4.8,118.0,18.0
2026-07-24,Øresund,észak,Tanker,355209000,7.0,186.0,32.0
2026-07-24,Øresund,dél,Teherhajó,538010804,7.2,199.0,32.0
2026-07-24,Øresund,dél,Teherhajó,538090700,7.6,200.0,32.0
2026-07-24,Øresund,dél,Tanker,563326600,4.8,99.0,18.0
2026-07-24,Øresund,észak,Tanker,636021568,7.0,180.0,29.0
2026-07-24,Øresund,dél,Tanker,636025818,7.1,181.0,32.0
2026-07-25,Nagy-Balti-öv,észak,Tanker,211333700,3.2,68.0,12.0
2026-07-25,Nagy-Balti-öv,észak,Teherhajó,215015000,14.2,225.0,32.0
2026-07-25,Nagy-Balti-öv,dél,Tanker,215845000,15.0,277.0,48.0
2026-07-25,Nagy-Balti-öv,észak,Teherhajó,219164000,4.6,86.0,14.0
2026-07-25,Nagy-Balti-öv,észak,Teherhajó,235090537,9.7,153.0,24.0
2026-07-25,Nagy-Balti-öv,észak,Tanker,236668000,6.0,90.0,14.0
2026-07-25,Nagy-Balti-öv,észak,Tanker,244267000,6.6,104.0,16.0
2026-07-25,Nagy-Balti-öv,észak,Teherhajó,249032000,7.9,181.0,30.0
2026-07-25,Nagy-Balti-öv,dél,Teherhajó,255769000,6.2,107.0,15.0
2026-07-25,Nagy-Balti-öv,dél,Teherhajó,255805260,12.6,364.0,51.0
2026-07-25,Nagy-Balti-öv,dél,Teherhajó,255806257,10.9,179.0,28.0
2026-07-25,Nagy-Balti-öv,észak,Teherhajó,255806267,7.2,141.0,23.0
2026-07-25,Nagy-Balti-öv,dél,Teherhajó,256800000,8.0,205.0,30.0
2026-07-25,Nagy-Balti-öv,dél,Teherhajó,257031080,6.4,89.0,14.0
2026-07-25,Nagy-Balti-öv,észak,Teherhajó,258761000,4.5,110.0,15.0
2026-07-25,Nagy-Balti-öv,észak,Tanker,265610040,3.8,80.0,14.0
2026-07-25,Nagy-Balti-öv,észak,Tanker,273121120,15.0,243.0,42.0
2026-07-25,Nagy-Balti-öv,dél,Teherhajó,273218630,7.5,139.0,20.0
2026-07-25,Nagy-Balti-öv,észak,Teherhajó,304819000,6.7,190.0,29.0
2026-07-25,Nagy-Balti-öv,észak,Tanker,311000516,8.4,228.0,42.0
2026-07-25,Nagy-Balti-öv,észak,Teherhajó,314169000,12.8,180.0,32.0
2026-07-25,Nagy-Balti-öv,dél,Teherhajó,314540000,9.9,169.0,27.0
2026-07-25,Nagy-Balti-öv,dél,Teherhajó,352002643,7.1,168.0,27.0
2026-07-25,Nagy-Balti-öv,észak,Teherhajó,352004362,9.4,159.0,24.0
2026-07-25,Nagy-Balti-öv,dél,Tanker,352004563,9.5,183.0,32.0
2026-07-25,Nagy-Balti-öv,dél,Teherhajó,352006178,14.9,229.0,32.0
2026-07-25,Nagy-Balti-öv,dél,Teherhajó,352006667,8.9,172.0,27.0
2026-07-25,Nagy-Balti-öv,észak,Tanker,354290000,14.8,247.0,42.0
2026-07-25,Nagy-Balti-öv,észak,Teherhajó,370727000,14.6,235.0,38.0
2026-07-25,Nagy-Balti-öv,észak,Tanker,461000237,14.2,250.0,44.0
2026-07-25,Nagy-Balti-öv,dél,Teherhajó,477228300,7.5,225.0,33.0
2026-07-25,Nagy-Balti-öv,észak,Teherhajó,538007446,6.5,225.0,48.0
2026-07-25,Nagy-Balti-öv,észak,Teherhajó,538008404,8.3,199.0,24.0
2026-07-25,Nagy-Balti-öv,észak,Teherhajó,538008537,12.8,199.0,32.0
2026-07-25,Nagy-Balti-öv,észak,Teherhajó,538010871,10.2,180.0,30.0
2026-07-25,Nagy-Balti-öv,észak,Tanker,538011353,11.6,228.0,32.0
2026-07-25,Nagy-Balti-öv,észak,Teherhajó,563116200,10.7,180.0,30.0
2026-07-25,Nagy-Balti-öv,észak,Teherhajó,636016450,14.9,229.0,32.0
2026-07-25,Nagy-Balti-öv,észak,Teherhajó,636017782,13.7,225.0,33.0
2026-07-25,Nagy-Balti-öv,észak,Teherhajó,636019974,12.9,229.0,32.0
2026-07-25,Nagy-Balti-öv,dél,Tanker,636021311,12.8,250.0,44.0
2026-07-25,Nagy-Balti-öv,észak,Tanker,636022387,9.2,168.0,26.0
2026-07-25,Nagy-Balti-öv,észak,Teherhajó,636093331,9.8,180.0,30.0
2026-07-25,Øresund,dél,Teherhajó,209535000,6.1,90.0,13.0
2026-07-25,Øresund,észak,Teherhajó,210889000,5.4,88.0,13.0
2026-07-25,Øresund,észak,Teherhajó,210935000,5.6,90.0,14.0
2026-07-25,Øresund,észak,Teherhajó,212809000,7.6,120.0,16.0
2026-07-25,Øresund,dél,Teherhajó,230351000,6.7,120.0,18.0
2026-07-25,Øresund,észak,Teherhajó,235096892,4.8,122.0,20.0
2026-07-25,Øresund,észak,Tanker,244335000,4.8,115.0,16.0
2026-07-25,Øresund,észak,Teherhajó,244590000,7.2,154.0,22.0
2026-07-25,Øresund,észak,Teherhajó,245169000,4.1,82.0,12.0
2026-07-25,Øresund,észak,Teherhajó,245190000,4.1,89.0,14.0
2026-07-25,Øresund,észak,Teherhajó,245882000,4.5,88.0,13.0
2026-07-25,Øresund,dél,Teherhajó,245897000,7.1,205.0,26.0
2026-07-25,Øresund,dél,Teherhajó,246278000,6.1,121.0,21.0
2026-07-25,Øresund,dél,Tanker,246354000,6.6,100.0,16.0
2026-07-25,Øresund,dél,Teherhajó,246669000,4.1,114.0,14.0
2026-07-25,Øresund,észak,Teherhajó,255805577,6.6,140.0,23.0
2026-07-25,Øresund,dél,Teherhajó,255805842,6.9,141.0,22.0
2026-07-25,Øresund,észak,Teherhajó,255805882,6.4,107.0,18.0
2026-07-25,Øresund,észak,Teherhajó,255805955,5.9,97.0,16.0
2026-07-25,Øresund,észak,Teherhajó,255806250,6.1,117.0,16.0
2026-07-25,Øresund,dél,Teherhajó,255806257,10.9,179.0,28.0
2026-07-25,Øresund,észak,Teherhajó,255806257,10.9,179.0,28.0
2026-07-25,Øresund,dél,Tanker,255806384,8.7,130.0,19.0
2026-07-25,Øresund,dél,Teherhajó,257962000,5.8,98.0,16.0
2026-07-25,Øresund,észak,Teherhajó,258059000,4.6,87.0,15.0
2026-07-25,Øresund,dél,Teherhajó,258648000,6.5,110.0,15.0
2026-07-25,Øresund,dél,Teherhajó,258809000,6.3,90.0,14.0
2026-07-25,Øresund,észak,Teherhajó,258809000,6.3,90.0,14.0
2026-07-25,Øresund,észak,Teherhajó,259325000,5.1,88.0,13.0
2026-07-25,Øresund,észak,Tanker,265072000,5.5,130.0,22.0
2026-07-25,Øresund,dél,Tanker,266465000,7.5,120.0,20.0
2026-07-25,Øresund,észak,Teherhajó,275545000,4.7,100.0,16.0
2026-07-25,Øresund,észak,Teherhajó,304225000,5.4,88.0,13.0
2026-07-25,Øresund,észak,Teherhajó,305073000,5.4,89.0,13.0
2026-07-25,Øresund,dél,Teherhajó,305335000,5.9,94.0,15.0
2026-07-25,Øresund,dél,Teherhajó,305649000,4.0,95.0,14.0
2026-07-25,Øresund,észak,Teherhajó,305662000,5.8,90.0,14.0
2026-07-25,Øresund,észak,Teherhajó,305757000,6.7,126.0,23.0
2026-07-25,Øresund,észak,Teherhajó,308924000,2.8,82.0,11.0
2026-07-25,Øresund,dél,Teherhajó,311000878,6.3,180.0,30.0
2026-07-25,Øresund,észak,Teherhajó,314019000,4.5,83.0,11.0
2026-07-25,Øresund,észak,Teherhajó,352001928,4.4,74.0,11.0
2026-07-25,Øresund,dél,Teherhajó,352003402,6.0,190.0,32.0
2026-07-25,Øresund,dél,Teherhajó,352005176,7.5,225.0,32.0
2026-07-25,Øresund,dél,Teherhajó,355077000,6.9,200.0,32.0
2026-07-25,Øresund,dél,Teherhajó,636015406,6.2,186.0,28.0
2026-07-25,Øresund,dél,Tanker,636019720,6.2,141.0,25.0
2026-07-25,Øresund,dél,Teherhajó,636022830,6.6,199.0,32.0
2026-07-26,Nagy-Balti-öv,észak,Teherhajó,209184000,10.5,186.0,27.0
2026-07-26,Nagy-Balti-öv,dél,Teherhajó,209536000,6.0,90.0,13.0
2026-07-26,Nagy-Balti-öv,dél,Teherhajó,210704000,4.3,90.0,13.0
2026-07-26,Nagy-Balti-öv,dél,Tanker,211333700,3.4,68.0,12.0
2026-07-26,Nagy-Balti-öv,dél,Tanker,219034365,9.1,147.0,22.0
2026-07-26,Nagy-Balti-öv,észak,Teherhajó,219115000,11.4,200.0,36.0
2026-07-26,Nagy-Balti-öv,észak,Teherhajó,230091950,4.6,83.0,13.0
2026-07-26,Nagy-Balti-öv,észak,Teherhajó,230643000,6.3,187.0,27.0
2026-07-26,Nagy-Balti-öv,dél,Tanker,230689000,7.7,156.0,24.0
2026-07-26,Nagy-Balti-öv,dél,Tanker,230706000,9.3,150.0,23.0
2026-07-26,Nagy-Balti-öv,észak,Tanker,235108527,9.0,250.0,44.0
2026-07-26,Nagy-Balti-öv,észak,Tanker,244944000,7.5,117.0,18.0
2026-07-26,Nagy-Balti-öv,észak,Teherhajó,246456000,10.1,168.0,24.0
2026-07-26,Nagy-Balti-öv,dél,Teherhajó,249200000,8.0,185.0,30.0
2026-07-26,Nagy-Balti-öv,dél,Teherhajó,249934000,5.6,88.0,13.0
2026-07-26,Nagy-Balti-öv,észak,Teherhajó,249934000,5.6,88.0,13.0
2026-07-26,Nagy-Balti-öv,észak,Teherhajó,255806258,10.9,178.0,27.0
2026-07-26,Nagy-Balti-öv,észak,Tanker,255806519,8.5,144.0,23.0
2026-07-26,Nagy-Balti-öv,észak,Teherhajó,255916028,4.7,120.0,16.0
2026-07-26,Nagy-Balti-öv,dél,Teherhajó,255916049,8.4,108.0,18.0
2026-07-26,Nagy-Balti-öv,észak,Teherhajó,255916314,7.3,148.0,27.0
2026-07-26,Nagy-Balti-öv,észak,Teherhajó,255916590,10.0,168.0,26.0
2026-07-26,Nagy-Balti-öv,dél,Teherhajó,256882000,7.9,205.0,30.0
2026-07-26,Nagy-Balti-öv,észak,Teherhajó,257031080,4.2,89.0,14.0
2026-07-26,Nagy-Balti-öv,dél,Teherhajó,265022000,7.3,242.0,36.0
2026-07-26,Nagy-Balti-öv,észak,Tanker,266436000,5.6,100.0,18.0
2026-07-26,Nagy-Balti-öv,dél,Teherhajó,304559000,2.5,74.0,11.0
2026-07-26,Nagy-Balti-öv,dél,Teherhajó,311000791,7.8,152.0,23.0
2026-07-26,Nagy-Balti-öv,dél,Teherhajó,311000851,10.2,189.0,26.0
2026-07-26,Nagy-Balti-öv,észak,Tanker,314001155,14.6,249.0,44.0
2026-07-26,Nagy-Balti-öv,észak,Teherhajó,352001325,9.5,190.0,29.0
2026-07-26,Nagy-Balti-öv,észak,Teherhajó,354711000,11.4,196.0,33.0
2026-07-26,Nagy-Balti-öv,észak,Tanker,461000242,14.3,280.0,50.0
2026-07-26,Nagy-Balti-öv,dél,Teherhajó,477552100,10.0,211.0,30.0
2026-07-26,Nagy-Balti-öv,észak,Teherhajó,538004090,13.2,189.0,32.0
2026-07-26,Nagy-Balti-öv,észak,Teherhajó,538008298,6.8,225.0,48.0
2026-07-26,Nagy-Balti-öv,észak,Teherhajó,538010985,9.2,180.0,28.0
2026-07-26,Nagy-Balti-öv,dél,Teherhajó,566881000,11.1,397.0,51.0
2026-07-26,Nagy-Balti-öv,dél,Tanker,620999844,8.3,244.0,42.0
2026-07-26,Nagy-Balti-öv,dél,Teherhajó,636014740,10.7,222.0,30.0
2026-07-26,Nagy-Balti-öv,dél,Teherhajó,636017582,11.9,202.0,33.0
2026-07-26,Nagy-Balti-öv,dél,Tanker,636020861,11.5,299.0,46.0
2026-07-26,Nagy-Balti-öv,észak,Teherhajó,636021217,12.7,190.0,32.0
2026-07-26,Nagy-Balti-öv,észak,Tanker,636022668,10.9,183.0,27.0
2026-07-26,Nagy-Balti-öv,észak,Tanker,636024698,10.5,182.0,32.0
2026-07-26,Nagy-Balti-öv,észak,Teherhajó,636093385,14.5,229.0,32.0
2026-07-26,Nagy-Balti-öv,észak,Teherhajó,667002346,10.4,172.0,32.0
2026-07-26,Øresund,észak,Teherhajó,209525000,4.1,90.0,13.0
2026-07-26,Øresund,észak,Teherhajó,209535000,3.9,90.0,13.0
2026-07-26,Øresund,észak,Teherhajó,209710000,6.2,90.0,14.0
2026-07-26,Øresund,észak,Teherhajó,210548000,3.8,82.0,12.0
2026-07-26,Øresund,észak,Teherhajó,211870240,7.5,159.0,22.0
2026-07-26,Øresund,dél,Tanker,215064000,6.2,88.0,15.0
2026-07-26,Øresund,dél,Tanker,215078000,7.0,183.0,32.0
2026-07-26,Øresund,észak,Tanker,219814000,6.5,147.0,22.0
2026-07-26,Øresund,észak,Teherhajó,229245000,5.7,95.0,13.0
2026-07-26,Øresund,észak,Teherhajó,230694000,7.0,238.0,35.0
2026-07-26,Øresund,dél,Teherhajó,230697000,6.5,238.0,35.0
2026-07-26,Øresund,észak,Teherhajó,230941700,4.0,105.0,19.0
2026-07-26,Øresund,észak,Teherhajó,244020435,4.4,88.0,13.0
2026-07-26,Øresund,észak,Teherhajó,244321000,5.8,89.0,14.0
2026-07-26,Øresund,dél,Teherhajó,244903000,6.8,172.0,25.0
2026-07-26,Øresund,észak,Tanker,244994000,6.3,108.0,17.0
2026-07-26,Øresund,észak,Teherhajó,245050000,5.4,88.0,12.0
2026-07-26,Øresund,dél,Teherhajó,245097000,7.2,205.0,26.0
2026-07-26,Øresund,észak,Teherhajó,246141000,5.4,100.0,17.0
2026-07-26,Øresund,dél,Teherhajó,246265000,6.6,159.0,26.0
2026-07-26,Øresund,észak,Teherhajó,246521000,7.5,205.0,26.0
2026-07-26,Øresund,észak,Tanker,246541000,5.1,116.0,15.0
2026-07-26,Øresund,dél,Teherhajó,246649000,6.7,126.0,15.0
2026-07-26,Øresund,dél,Teherhajó,249788000,7.0,199.0,32.0
2026-07-26,Øresund,dél,Teherhajó,255805906,6.0,139.0,20.0
2026-07-26,Øresund,dél,Teherhajó,255806267,7.2,141.0,23.0
2026-07-26,Øresund,észak,Teherhajó,255806267,7.2,141.0,23.0
2026-07-26,Øresund,észak,Tanker,255806384,6.0,130.0,19.0
2026-07-26,Øresund,észak,Teherhajó,255916069,6.0,99.0,13.0
2026-07-26,Øresund,dél,Teherhajó,257076850,5.5,82.0,12.0
2026-07-26,Øresund,észak,Tanker,257206000,4.5,82.0,12.0
2026-07-26,Øresund,észak,Tanker,257970000,6.4,147.0,22.0
2026-07-26,Øresund,észak,Tanker,265012140,5.7,100.0,19.0
2026-07-26,Øresund,dél,Tanker,265610040,6.2,80.0,14.0
2026-07-26,Øresund,észak,Tanker,266266000,5.8,130.0,20.0
2026-07-26,Øresund,dél,Tanker,266476000,6.4,119.0,17.0
2026-07-26,Øresund,észak,Tanker,266476000,6.4,119.0,17.0
2026-07-26,Øresund,dél,Teherhajó,268237000,5.9,175.0,29.0
2026-07-26,Øresund,észak,Teherhajó,273354740,6.6,134.0,20.0
2026-07-26,Øresund,észak,Teherhajó,275334000,2.1,66.0,11.0
2026-07-26,Øresund,dél,Teherhajó,275535000,5.9,134.0,20.0
2026-07-26,Øresund,észak,Teherhajó,304944000,5.9,99.0,16.0
2026-07-26,Øresund,dél,Teherhajó,305055000,6.8,139.0,22.0
2026-07-26,Øresund,dél,Teherhajó,311995000,7.5,148.0,25.0
2026-07-26,Øresund,dél,Teherhajó,351639000,6.9,172.0,28.0
2026-07-26,Øresund,észak,Teherhajó,351639000,6.9,172.0,28.0
2026-07-26,Øresund,dél,Teherhajó,352002567,6.9,186.0,30.0
2026-07-26,Øresund,dél,Teherhajó,352002826,6.5,181.0,30.0
2026-07-26,Øresund,dél,Teherhajó,352003954,7.1,223.0,32.0
2026-07-26,Øresund,dél,Teherhajó,548995000,6.6,180.0,30.0
2026-07-26,Øresund,dél,Teherhajó,636016600,7.2,200.0,32.0
2026-07-26,Øresund,észak,Tanker,636016683,5.2,108.0,17.0
2026-07-26,Øresund,dél,Tanker,636021956,7.0,274.0,50.0
2026-07-26,Øresund,dél,Tanker,636024881,7.0,274.0,50.0
2026-07-27,Nagy-Balti-öv,dél,Teherhajó,211100000,3.9,81.0,11.0
2026-07-27,Nagy-Balti-öv,dél,Teherhajó,218816000,7.6,135.0,23.0
2026-07-27,Nagy-Balti-öv,észak,Teherhajó,219543000,7.7,172.0,32.0
2026-07-27,Nagy-Balti-öv,dél,Teherhajó,230941700,4.0,105.0,19.0
2026-07-27,Nagy-Balti-öv,dél,Tanker,235108529,14.7,250.0,44.0
2026-07-27,Nagy-Balti-öv,észak,Tanker,248180000,5.9,101.0,16.0
2026-07-27,Nagy-Balti-öv,észak,Tanker,248891000,6.0,106.0,17.0
2026-07-27,Nagy-Balti-öv,dél,Teherhajó,257186000,6.5,87.0,15.0
2026-07-27,Nagy-Balti-öv,dél,Teherhajó,257207000,6.5,90.0,14.0
2026-07-27,Nagy-Balti-öv,észak,Teherhajó,257207000,6.5,90.0,14.0
2026-07-27,Nagy-Balti-öv,dél,Tanker,257409000,8.5,140.0,22.0
2026-07-27,Nagy-Balti-öv,dél,Teherhajó,258763000,6.2,94.0,15.0
2026-07-27,Nagy-Balti-öv,dél,Tanker,258936000,8.9,160.0,26.0
2026-07-27,Nagy-Balti-öv,észak,Teherhajó,265039000,7.4,242.0,36.0
2026-07-27,Nagy-Balti-öv,észak,Tanker,273120220,14.2,248.0,44.0
2026-07-27,Nagy-Balti-öv,észak,Tanker,273129220,14.7,244.0,42.0
2026-07-27,Nagy-Balti-öv,észak,Tanker,273257120,6.5,96.0,15.0
2026-07-27,Nagy-Balti-öv,dél,Tanker,273279360,8.5,250.0,44.0
2026-07-27,Nagy-Balti-öv,észak,Teherhajó,304559000,3.6,74.0,11.0
2026-07-27,Nagy-Balti-öv,dél,Teherhajó,305224000,4.2,89.0,14.0
2026-07-27,Nagy-Balti-öv,észak,Teherhajó,305299000,8.5,134.0,22.0
2026-07-27,Nagy-Balti-öv,észak,Teherhajó,305466000,4.6,90.0,15.0
2026-07-27,Nagy-Balti-öv,dél,Teherhajó,305848000,8.0,132.0,16.0
2026-07-27,Nagy-Balti-öv,észak,Tanker,314102000,14.9,237.0,42.0
2026-07-27,Nagy-Balti-öv,észak,Teherhajó,314935000,10.8,150.0,23.0
2026-07-27,Nagy-Balti-öv,észak,Teherhajó,352001807,7.1,160.0,26.0
2026-07-27,Nagy-Balti-öv,észak,Tanker,352005437,14.8,229.0,42.0
2026-07-27,Nagy-Balti-öv,észak,Teherhajó,353738000,14.6,245.0,43.0
2026-07-27,Nagy-Balti-öv,észak,Teherhajó,354537000,9.6,237.0,32.0
2026-07-27,Nagy-Balti-öv,észak,Teherhajó,366479000,8.8,265.0,32.0
2026-07-27,Nagy-Balti-öv,dél,Teherhajó,450555000,5.7,150.0,18.0
2026-07-27,Nagy-Balti-öv,észak,Tanker,461000255,14.0,250.0,44.0
2026-07-27,Nagy-Balti-öv,észak,Teherhajó,477941100,13.4,399.0,61.0
2026-07-27,Nagy-Balti-öv,észak,Teherhajó,477961500,12.8,189.0,32.0
2026-07-27,Nagy-Balti-öv,dél,Tanker,525107008,10.6,174.0,29.0
2026-07-27,Nagy-Balti-öv,dél,Teherhajó,538007705,7.9,225.0,48.0
2026-07-27,Nagy-Balti-öv,észak,Tanker,538009926,10.3,180.0,29.0
2026-07-27,Nagy-Balti-öv,dél,Teherhajó,538009981,9.0,119.0,22.0
2026-07-27,Nagy-Balti-öv,észak,Tanker,563069300,8.2,250.0,44.0
2026-07-27,Nagy-Balti-öv,dél,Teherhajó,563288800,10.5,208.0,30.0
2026-07-27,Nagy-Balti-öv,dél,Tanker,563318500,8.0,150.0,23.0
2026-07-27,Nagy-Balti-öv,dél,Tanker,630001207,8.8,274.0,48.0
2026-07-27,Nagy-Balti-öv,észak,Tanker,631010071,14.8,250.0,44.0
2026-07-27,Nagy-Balti-öv,dél,Teherhajó,636018490,10.5,178.0,28.0
2026-07-27,Nagy-Balti-öv,észak,Teherhajó,636018563,9.7,261.0,32.0
2026-07-27,Nagy-Balti-öv,észak,Teherhajó,636019170,13.0,198.0,32.0
2026-07-27,Nagy-Balti-öv,észak,Tanker,636020805,8.9,250.0,44.0
2026-07-27,Nagy-Balti-öv,dél,Teherhajó,636021908,6.5,170.0,27.0
2026-07-27,Nagy-Balti-öv,észak,Tanker,667002334,15.0,241.0,42.0
2026-07-27,Øresund,dél,Teherhajó,211141000,7.1,134.0,23.0
2026-07-27,Øresund,észak,Teherhajó,211265530,5.0,100.0,19.0
2026-07-27,Øresund,észak,Teherhajó,212617000,5.2,89.0,12.0
2026-07-27,Øresund,észak,Teherhajó,212882000,5.4,100.0,20.0
2026-07-27,Øresund,dél,Teherhajó,218816000,7.6,135.0,23.0
2026-07-27,Øresund,észak,Teherhajó,218816000,7.6,135.0,23.0
2026-07-27,Øresund,észak,Tanker,219008000,7.2,147.0,22.0
2026-07-27,Øresund,észak,Tanker,219775000,7.1,147.0,22.0
2026-07-27,Øresund,észak,Teherhajó,231766000,4.8,95.0,16.0
2026-07-27,Øresund,észak,Teherhajó,231873000,7.2,100.0,14.0
2026-07-27,Øresund,észak,Tanker,241962000,6.9,249.0,44.0
2026-07-27,Øresund,dél,Tanker,244036000,5.4,108.0,16.0
2026-07-27,Øresund,észak,Tanker,244678000,5.0,116.0,15.0
2026-07-27,Øresund,dél,Teherhajó,244976000,6.7,134.0,16.0
2026-07-27,Øresund,dél,Teherhajó,245223000,4.5,89.0,12.0
2026-07-27,Øresund,dél,Teherhajó,245281000,3.6,89.0,12.0
2026-07-27,Øresund,észak,Teherhajó,247489200,6.3,204.0,26.0
2026-07-27,Øresund,dél,Teherhajó,249647000,6.2,179.0,30.0
2026-07-27,Øresund,észak,Teherhajó,255848000,6.6,89.0,16.0
2026-07-27,Øresund,dél,Teherhajó,255916028,4.7,120.0,16.0
2026-07-27,Øresund,észak,Tanker,255951000,6.3,144.0,23.0
2026-07-27,Øresund,észak,Teherhajó,257076850,5.2,82.0,12.0
2026-07-27,Øresund,dél,Teherhajó,257737000,6.0,86.0,16.0
2026-07-27,Øresund,dél,Teherhajó,258007280,4.8,85.0,16.0
2026-07-27,Øresund,észak,Tanker,259319000,7.4,123.0,20.0
2026-07-27,Øresund,észak,Tanker,266465000,6.0,120.0,20.0
2026-07-27,Øresund,észak,Tanker,266466000,5.8,129.0,20.0
2026-07-27,Øresund,észak,Teherhajó,275535000,6.0,134.0,20.0
2026-07-27,Øresund,észak,Teherhajó,305055000,7.1,139.0,22.0
2026-07-27,Øresund,észak,Teherhajó,305190000,5.3,86.0,13.0
2026-07-27,Øresund,dél,Teherhajó,305299000,8.5,134.0,22.0
2026-07-27,Øresund,észak,Teherhajó,305497000,5.2,90.0,15.0
2026-07-27,Øresund,észak,Teherhajó,305912000,5.8,90.0,14.0
2026-07-27,Øresund,dél,Teherhajó,308654000,7.6,148.0,25.0
2026-07-27,Øresund,dél,Teherhajó,311001792,5.2,90.0,14.0
2026-07-27,Øresund,dél,Teherhajó,311055300,6.3,189.0,28.0
2026-07-27,Øresund,dél,Teherhajó,352001928,2.6,74.0,11.0
2026-07-27,Øresund,dél,Teherhajó,352428000,7.2,180.0,30.0
2026-07-27,Øresund,észak,Teherhajó,538007200,6.5,190.0,33.0
2026-07-27,Øresund,dél,Teherhajó,538010710,6.9,200.0,24.0
2026-07-27,Øresund,észak,Tanker,538011354,8.5,249.0,44.0
2026-07-27,Øresund,észak,Tanker,563049000,5.3,145.0,23.0
2026-07-27,Øresund,észak,Tanker,563326600,4.3,99.0,18.0
2026-07-27,Øresund,dél,Teherhajó,636017813,4.5,120.0,17.0
2026-07-27,Øresund,dél,Teherhajó,636021767,7.1,229.0,38.0
2026-07-27,Øresund,dél,Teherhajó,636024942,6.5,200.0,32.0
2026-07-28,Nagy-Balti-öv,észak,Teherhajó,209536000,3.8,90.0,13.0
2026-07-28,Nagy-Balti-öv,észak,Teherhajó,210028000,9.4,170.0,27.0
2026-07-28,Nagy-Balti-öv,dél,Teherhajó,210359000,6.7,152.0,24.0
2026-07-28,Nagy-Balti-öv,dél,Teherhajó,212963000,7.3,152.0,24.0
2026-07-28,Nagy-Balti-öv,dél,Tanker,219332000,11.0,207.0,32.0
2026-07-28,Nagy-Balti-öv,dél,Tanker,219814000,9.1,147.0,22.0
2026-07-28,Nagy-Balti-öv,észak,Tanker,229291000,5.0,120.0,20.0
2026-07-28,Nagy-Balti-öv,észak,Teherhajó,229732000,10.4,190.0,32.0
2026-07-28,Nagy-Balti-öv,dél,Tanker,230690000,9.3,156.0,24.0
2026-07-28,Nagy-Balti-öv,észak,Teherhajó,244170000,8.4,143.0,19.0
2026-07-28,Nagy-Balti-öv,dél,Teherhajó,245472000,5.5,90.0,15.0
2026-07-28,Nagy-Balti-öv,dél,Tanker,248022000,12.8,250.0,44.0
2026-07-28,Nagy-Balti-öv,észak,Tanker,249279000,14.6,250.0,44.0
2026-07-28,Nagy-Balti-öv,észak,Teherhajó,249871000,9.5,189.0,23.0
2026-07-28,Nagy-Balti-öv,dél,Tanker,249987000,15.0,250.0,44.0
2026-07-28,Nagy-Balti-öv,dél,Teherhajó,255915581,3.3,89.0,12.0
2026-07-28,Nagy-Balti-öv,dél,Teherhajó,255916226,3.5,89.0,12.0
2026-07-28,Nagy-Balti-öv,észak,Teherhajó,255916298,10.7,200.0,24.0
2026-07-28,Nagy-Balti-öv,észak,Teherhajó,256708000,8.2,205.0,30.0
2026-07-28,Nagy-Balti-öv,észak,Teherhajó,257114000,6.4,95.0,14.0
2026-07-28,Nagy-Balti-öv,észak,Teherhajó,257186000,4.2,87.0,15.0
2026-07-28,Nagy-Balti-öv,dél,Tanker,258050000,9.0,146.0,24.0
2026-07-28,Nagy-Balti-öv,észak,Teherhajó,258763000,4.2,94.0,15.0
2026-07-28,Nagy-Balti-öv,észak,Tanker,265007000,6.7,150.0,23.0
2026-07-28,Nagy-Balti-öv,dél,Tanker,265072000,8.9,130.0,22.0
2026-07-28,Nagy-Balti-öv,észak,Teherhajó,266232000,7.1,190.0,26.0
2026-07-28,Nagy-Balti-öv,dél,Teherhajó,305055000,7.1,139.0,22.0
2026-07-28,Nagy-Balti-öv,dél,Tanker,309518000,12.4,241.0,42.0
2026-07-28,Nagy-Balti-öv,dél,Teherhajó,311001906,9.9,188.0,26.0
2026-07-28,Nagy-Balti-öv,észak,Tanker,351341000,12.1,183.0,32.0
2026-07-28,Nagy-Balti-öv,észak,Teherhajó,354625000,11.6,366.0,52.0
2026-07-28,Nagy-Balti-öv,dél,Tanker,373834000,9.5,274.0,48.0
2026-07-28,Nagy-Balti-öv,dél,Teherhajó,477887800,14.2,399.0,61.0
2026-07-28,Nagy-Balti-öv,észak,Teherhajó,477909800,10.1,264.0,32.0
2026-07-28,Nagy-Balti-öv,észak,Tanker,538004215,13.1,228.0,32.0
2026-07-28,Nagy-Balti-öv,észak,Tanker,538006497,4.9,101.0,18.0
2026-07-28,Nagy-Balti-öv,dél,Tanker,538007337,13.6,252.0,44.0
2026-07-28,Nagy-Balti-öv,észak,Tanker,563003300,8.2,250.0,44.0
2026-07-28,Nagy-Balti-öv,dél,Teherhajó,564306000,12.9,249.0,37.0
2026-07-28,Nagy-Balti-öv,észak,Teherhajó,566041000,8.8,162.0,27.0
2026-07-28,Nagy-Balti-öv,észak,Teherhajó,636015428,14.2,229.0,32.0
2026-07-28,Nagy-Balti-öv,dél,Teherhajó,636024886,11.9,366.0,51.0
2026-07-28,Nagy-Balti-öv,észak,Teherhajó,636025053,11.7,366.0,51.0
2026-07-28,Nagy-Balti-öv,észak,Teherhajó,636025355,10.2,180.0,30.0
2026-07-28,Nagy-Balti-öv,észak,Tanker,636025948,14.8,275.0,48.0
2026-07-28,Nagy-Balti-öv,észak,Teherhajó,636026119,10.5,183.0,31.0
2026-07-28,Nagy-Balti-öv,észak,Tanker,667002072,14.3,250.0,44.0
2026-07-28,Øresund,dél,Teherhajó,218030270,4.9,83.0,12.0
2026-07-28,Øresund,dél,Tanker,229084000,7.2,182.0,32.0
2026-07-28,Øresund,dél,Teherhajó,229788000,7.3,200.0,32.0
2026-07-28,Øresund,észak,Teherhajó,231898000,5.4,89.0,13.0
2026-07-28,Øresund,dél,Teherhajó,231915000,6.4,90.0,13.0
2026-07-28,Øresund,dél,Teherhajó,231921000,6.4,90.0,16.0
2026-07-28,Øresund,észak,Teherhajó,232054955,4.4,90.0,15.0
2026-07-28,Øresund,dél,Teherhajó,244463000,5.4,90.0,15.0
2026-07-28,Øresund,dél,Teherhajó,244693000,6.0,143.0,22.0
2026-07-28,Øresund,észak,Tanker,244790523,6.6,100.0,17.0
2026-07-28,Øresund,dél,Teherhajó,245882000,4.9,88.0,13.0
2026-07-28,Øresund,dél,Teherhajó,250006549,4.0,84.0,15.0
2026-07-28,Øresund,dél,Teherhajó,255808000,5.1,89.0,16.0
2026-07-28,Øresund,dél,Teherhajó,255861000,4.3,89.0,15.0
2026-07-28,Øresund,észak,Teherhajó,255909640,4.2,88.0,14.0
2026-07-28,Øresund,dél,Tanker,255915983,8.1,144.0,24.0
2026-07-28,Øresund,észak,Teherhajó,255916028,6.2,120.0,16.0
2026-07-28,Øresund,dél,Tanker,256717000,5.8,90.0,15.0
2026-07-28,Øresund,észak,Teherhajó,256956000,6.0,101.0,15.0
2026-07-28,Øresund,dél,Teherhajó,257113350,6.2,143.0,23.0
2026-07-28,Øresund,dél,Tanker,257206000,3.7,82.0,12.0
2026-07-28,Øresund,észak,Teherhajó,258006930,5.0,101.0,17.0
2026-07-28,Øresund,dél,Teherhajó,258209000,6.5,156.0,22.0
2026-07-28,Øresund,dél,Teherhajó,258809000,6.4,90.0,14.0
2026-07-28,Øresund,dél,Teherhajó,265412000,6.5,170.0,24.0
2026-07-28,Øresund,dél,Tanker,266475000,5.7,120.0,17.0
2026-07-28,Øresund,dél,Teherhajó,268246900,3.2,88.0,12.0
2026-07-28,Øresund,észak,Teherhajó,275511000,5.5,90.0,13.0
2026-07-28,Øresund,dél,Teherhajó,304627000,5.4,95.0,14.0
2026-07-28,Øresund,dél,Teherhajó,305184000,3.2,82.0,12.0
2026-07-28,Øresund,észak,Teherhajó,305299000,7.9,134.0,22.0
2026-07-28,Øresund,észak,Teherhajó,305773000,6.7,140.0,22.0
2026-07-28,Øresund,észak,Teherhajó,308654000,6.7,148.0,25.0
2026-07-28,Øresund,észak,Teherhajó,371950000,3.6,89.0,13.0
2026-07-28,Øresund,észak,Tanker,538003488,6.8,123.0,18.0
2026-07-28,Øresund,dél,Teherhajó,538008924,6.4,180.0,30.0
2026-07-28,Øresund,dél,Teherhajó,572728220,6.9,133.0,19.0
2026-07-28,Øresund,észak,Teherhajó,636019109,7.6,229.0,32.0
2026-07-28,Øresund,dél,Teherhajó,636022047,9.2,161.0,25.0
2026-07-29,Nagy-Balti-öv,dél,Teherhajó,212811000,7.3,100.0,16.0
2026-07-29,Nagy-Balti-öv,észak,Tanker,215845000,9.5,277.0,48.0
2026-07-29,Nagy-Balti-öv,dél,Teherhajó,219001284,2.1,31.0,7.0
2026-07-29,Nagy-Balti-öv,dél,Tanker,219309000,12.1,187.0,28.0
2026-07-29,Nagy-Balti-öv,dél,Tanker,219775000,7.9,147.0,22.0
2026-07-29,Nagy-Balti-öv,dél,Tanker,240168000,9.4,274.0,47.0
2026-07-29,Nagy-Balti-öv,dél,Tanker,241348000,13.4,250.0,44.0
2026-07-29,Nagy-Balti-öv,dél,Teherhajó,246100000,7.2,185.0,25.0
2026-07-29,Nagy-Balti-öv,dél,Teherhajó,248285000,13.0,198.0,32.0
2026-07-29,Nagy-Balti-öv,észak,Teherhajó,255864560,6.1,89.0,15.0
2026-07-29,Nagy-Balti-öv,dél,Teherhajó,255916597,6.9,180.0,32.0
2026-07-29,Nagy-Balti-öv,észak,Teherhajó,256918000,7.6,131.0,19.0
2026-07-29,Nagy-Balti-öv,észak,Tanker,257364000,6.0,92.0,14.0
2026-07-29,Nagy-Balti-öv,dél,Teherhajó,259143000,6.6,119.0,16.0
2026-07-29,Nagy-Balti-öv,észak,Tanker,273277840,15.1,244.0,42.0
2026-07-29,Nagy-Balti-öv,dél,Teherhajó,305522000,4.6,90.0,13.0
2026-07-29,Nagy-Balti-öv,dél,Teherhajó,305957000,4.4,89.0,12.0
2026-07-29,Nagy-Balti-öv,dél,Teherhajó,311001027,9.1,155.0,23.0
2026-07-29,Nagy-Balti-öv,észak,Teherhajó,352003211,14.2,225.0,32.0
2026-07-29,Nagy-Balti-öv,észak,Teherhajó,352004284,8.3,166.0,25.0
2026-07-29,Nagy-Balti-öv,észak,Teherhajó,352005037,7.9,189.0,30.0
2026-07-29,Nagy-Balti-öv,észak,Teherhajó,374721000,9.8,180.0,30.0
2026-07-29,Nagy-Balti-öv,észak,Teherhajó,405000390,11.9,200.0,36.0
2026-07-29,Nagy-Balti-öv,észak,Teherhajó,422031300,11.0,300.0,40.0
2026-07-29,Nagy-Balti-öv,dél,Teherhajó,477195100,12.3,291.0,32.0
2026-07-29,Nagy-Balti-öv,dél,Teherhajó,538006108,14.6,229.0,32.0
2026-07-29,Nagy-Balti-öv,dél,Tanker,538006211,5.7,99.0,17.0
2026-07-29,Nagy-Balti-öv,dél,Tanker,538012094,8.5,244.0,42.0
2026-07-29,Nagy-Balti-öv,észak,Teherhajó,563076300,12.9,292.0,32.0
2026-07-29,Nagy-Balti-öv,dél,Tanker,636017774,8.3,274.0,48.0
2026-07-29,Nagy-Balti-öv,dél,Teherhajó,636018322,10.8,217.0,27.0
2026-07-29,Nagy-Balti-öv,észak,Tanker,636019720,9.8,141.0,25.0
2026-07-29,Nagy-Balti-öv,észak,Tanker,636020861,9.6,299.0,46.0
2026-07-29,Nagy-Balti-öv,észak,Tanker,636021311,8.6,250.0,44.0
2026-07-29,Nagy-Balti-öv,észak,Teherhajó,636022704,13.4,225.0,32.0
2026-07-29,Nagy-Balti-öv,észak,Tanker,636023418,10.0,290.0,46.0
2026-07-29,Nagy-Balti-öv,észak,Tanker,636026647,14.6,256.0,43.0
2026-07-29,Nagy-Balti-öv,észak,Teherhajó,636093237,14.9,229.0,32.0
2026-07-29,Nagy-Balti-öv,dél,Teherhajó,667002345,10.2,172.0,32.0
2026-07-29,Øresund,dél,Teherhajó,209535000,6.1,90.0,13.0
2026-07-29,Øresund,észak,Teherhajó,209968000,4.3,82.0,12.0
2026-07-29,Øresund,dél,Teherhajó,209992000,5.4,90.0,15.0
2026-07-29,Øresund,észak,Teherhajó,210704000,5.6,90.0,13.0
2026-07-29,Øresund,észak,Teherhajó,211141000,6.8,134.0,23.0
2026-07-29,Øresund,észak,Teherhajó,212530000,6.4,90.0,15.0
2026-07-29,Øresund,dél,Teherhajó,212617000,2.8,89.0,12.0
2026-07-29,Øresund,észak,Teherhajó,218858000,4.7,89.0,12.0
2026-07-29,Øresund,észak,Teherhajó,219002392,3.4,81.0,11.0
2026-07-29,Øresund,dél,Teherhajó,219304000,9.6,179.0,31.0
2026-07-29,Øresund,észak,Teherhajó,219304000,9.6,179.0,31.0
2026-07-29,Øresund,dél,Teherhajó,219458000,5.9,197.0,26.0
2026-07-29,Øresund,észak,Tanker,220018000,5.0,78.0,13.0
2026-07-29,Øresund,dél,Teherhajó,230352000,6.5,120.0,18.0
2026-07-29,Øresund,észak,Teherhajó,230941700,4.0,105.0,19.0
2026-07-29,Øresund,dél,Teherhajó,231023000,3.8,90.0,14.0
2026-07-29,Øresund,észak,Teherhajó,231843000,4.9,89.0,14.0
2026-07-29,Øresund,dél,Teherhajó,231920000,5.9,89.0,13.0
2026-07-29,Øresund,észak,Teherhajó,231925000,3.6,86.0,13.0
2026-07-29,Øresund,dél,Tanker,236668000,4.8,90.0,14.0
2026-07-29,Øresund,dél,Teherhajó,245306000,3.9,90.0,14.0
2026-07-29,Øresund,dél,Teherhajó,245943000,3.5,100.0,14.0
2026-07-29,Øresund,dél,Teherhajó,246063000,5.9,90.0,15.0
2026-07-29,Øresund,dél,Teherhajó,246554000,6.9,205.0,26.0
2026-07-29,Øresund,dél,Tanker,255802940,5.7,88.0,15.0
2026-07-29,Øresund,észak,Teherhajó,255806522,6.1,117.0,16.0
2026-07-29,Øresund,észak,Tanker,255915983,6.5,144.0,24.0
2026-07-29,Øresund,észak,Teherhajó,255916021,5.8,98.0,16.0
2026-07-29,Øresund,észak,Tanker,256717000,5.2,90.0,15.0
2026-07-29,Øresund,dél,Tanker,257084120,8.1,129.0,20.0
2026-07-29,Øresund,észak,Teherhajó,258809000,4.2,90.0,14.0
2026-07-29,Øresund,dél,Tanker,265002000,4.8,78.0,11.0
2026-07-29,Øresund,észak,Tanker,265002000,4.8,78.0,11.0
2026-07-29,Øresund,észak,Tanker,266220000,5.9,130.0,20.0
2026-07-29,Øresund,dél,Tanker,271002685,4.9,100.0,16.0
2026-07-29,Øresund,észak,Teherhajó,273270450,3.6,77.0,15.0
2026-07-29,Øresund,dél,Tanker,304201000,7.0,180.0,32.0
2026-07-29,Øresund,dél,Teherhajó,304819000,10.8,190.0,29.0
2026-07-29,Øresund,dél,Teherhajó,305466000,4.5,90.0,15.0
2026-07-29,Øresund,dél,Teherhajó,311001769,3.4,82.0,11.0
2026-07-29,Øresund,észak,Teherhajó,311001911,5.9,90.0,16.0
2026-07-29,Øresund,dél,Teherhajó,314471000,4.9,83.0,11.0
2026-07-29,Øresund,észak,Teherhajó,352001928,4.6,74.0,11.0
2026-07-29,Øresund,dél,Tanker,352006339,5.6,100.0,18.0
2026-07-29,Øresund,észak,Teherhajó,355390000,5.5,100.0,20.0
2026-07-29,Øresund,dél,Teherhajó,356643000,5.5,170.0,27.0
2026-07-29,Øresund,dél,Tanker,511101345,6.5,180.0,32.0
2026-07-29,Øresund,dél,Teherhajó,538009038,7.1,229.0,32.0
2026-07-29,Øresund,észak,Teherhajó,577165000,6.5,112.0,18.0
2026-07-29,Øresund,dél,Tanker,636026409,7.2,256.0,43.0
2026-07-29,Øresund,dél,Tanker,636026649,7.0,256.0,43.0
2026-07-30,Nagy-Balti-öv,észak,Teherhajó,205343000,4.6,89.0,12.0
2026-07-30,Nagy-Balti-öv,észak,Tanker,210340000,7.0,110.0,18.0
2026-07-30,Nagy-Balti-öv,észak,Teherhajó,210641000,5.1,98.0,16.0
2026-07-30,Nagy-Balti-öv,dél,Teherhajó,212338000,4.6,90.0,16.0
2026-07-30,Nagy-Balti-öv,dél,Teherhajó,219001262,2.0,31.0,8.0
2026-07-30,Nagy-Balti-öv,dél,Tanker,219008000,9.1,147.0,22.0
2026-07-30,Nagy-Balti-öv,észak,Tanker,230689000,9.6,156.0,24.0
2026-07-30,Nagy-Balti-öv,dél,Tanker,236112740,8.6,148.0,23.0
2026-07-30,Nagy-Balti-öv,észak,Teherhajó,238297000,12.3,189.0,32.0
2026-07-30,Nagy-Balti-öv,észak,Tanker,240447000,14.5,248.0,43.0
2026-07-30,Nagy-Balti-öv,dél,Teherhajó,244674000,4.6,126.0,16.0
2026-07-30,Nagy-Balti-öv,észak,Teherhajó,246802000,4.6,90.0,13.0
2026-07-30,Nagy-Balti-öv,dél,Teherhajó,246802000,4.6,90.0,13.0
2026-07-30,Nagy-Balti-öv,dél,Tanker,249948000,14.8,250.0,44.0
2026-07-30,Nagy-Balti-öv,dél,Teherhajó,255806359,6.8,150.0,26.0
2026-07-30,Nagy-Balti-öv,észak,Teherhajó,255806513,8.5,168.0,25.0
2026-07-30,Nagy-Balti-öv,dél,Teherhajó,255917283,7.4,170.0,25.0
2026-07-30,Nagy-Balti-öv,észak,Teherhajó,256800000,10.0,205.0,30.0
2026-07-30,Nagy-Balti-öv,dél,Teherhajó,304274000,2.8,80.0,12.0
2026-07-30,Nagy-Balti-öv,dél,Teherhajó,304323000,3.4,88.0,13.0
2026-07-30,Nagy-Balti-öv,dél,Teherhajó,304783000,10.1,166.0,24.0
2026-07-30,Nagy-Balti-öv,dél,Teherhajó,305507000,7.4,132.0,16.0
2026-07-30,Nagy-Balti-öv,észak,Teherhajó,305522000,3.2,90.0,13.0
2026-07-30,Nagy-Balti-öv,dél,Teherhajó,305978000,7.7,158.0,23.0
2026-07-30,Nagy-Balti-öv,észak,Teherhajó,305994000,8.6,139.0,22.0
2026-07-30,Nagy-Balti-öv,dél,Teherhajó,308924000,4.3,82.0,11.0
2026-07-30,Nagy-Balti-öv,észak,Teherhajó,311055200,9.9,191.0,28.0
2026-07-30,Nagy-Balti-öv,észak,Tanker,314153000,15.0,274.0,48.0
2026-07-30,Nagy-Balti-öv,dél,Teherhajó,314537000,8.3,169.0,27.0
2026-07-30,Nagy-Balti-öv,észak,Teherhajó,341661002,10.0,153.0,24.0
2026-07-30,Nagy-Balti-öv,észak,Teherhajó,352004770,14.2,229.0,36.0
2026-07-30,Nagy-Balti-öv,dél,Teherhajó,352978201,5.0,140.0,25.0
2026-07-30,Nagy-Balti-öv,dél,Teherhajó,357787000,8.7,182.0,28.0
2026-07-30,Nagy-Balti-öv,észak,Tanker,461000256,13.8,250.0,44.0
2026-07-30,Nagy-Balti-öv,észak,Teherhajó,477748600,8.5,200.0,28.0
2026-07-30,Nagy-Balti-öv,észak,Teherhajó,538005604,9.7,178.0,29.0
2026-07-30,Nagy-Balti-öv,észak,Tanker,563270900,9.6,183.0,32.0
2026-07-30,Nagy-Balti-öv,észak,Teherhajó,566881000,11.3,397.0,51.0
2026-07-30,Nagy-Balti-öv,észak,Teherhajó,636014740,10.9,222.0,30.0
2026-07-30,Nagy-Balti-öv,észak,Teherhajó,636015406,10.5,186.0,28.0
2026-07-30,Nagy-Balti-öv,észak,Teherhajó,636016416,9.8,175.0,29.0
2026-07-30,Nagy-Balti-öv,dél,Tanker,636018671,14.7,250.0,44.0
2026-07-30,Nagy-Balti-öv,észak,Tanker,636022074,10.2,183.0,32.0
2026-07-30,Nagy-Balti-öv,észak,Tanker,636023657,10.5,182.0,27.0
2026-07-30,Nagy-Balti-öv,észak,Tanker,636024043,10.8,170.0,27.0
2026-07-30,Nagy-Balti-öv,észak,Teherhajó,636024608,10.2,181.0,30.0
2026-07-30,Nagy-Balti-öv,észak,Tanker,636025638,15.0,244.0,42.0
2026-07-30,Øresund,észak,Teherhajó,209535000,4.0,90.0,13.0
2026-07-30,Øresund,dél,Teherhajó,209536000,5.9,90.0,13.0
2026-07-30,Øresund,észak,Teherhajó,209974000,4.2,90.0,15.0
2026-07-30,Øresund,észak,Teherhajó,211100000,3.8,81.0,11.0
2026-07-30,Øresund,észak,Teherhajó,211317180,7.4,100.0,17.0
2026-07-30,Øresund,dél,Teherhajó,212209000,4.0,95.0,13.0
2026-07-30,Øresund,észak,Teherhajó,212820000,6.2,90.0,14.0
2026-07-30,Øresund,észak,Tanker,219029880,6.5,147.0,22.0
2026-07-30,Øresund,dél,Teherhajó,219164000,7.2,86.0,14.0
2026-07-30,Øresund,észak,Teherhajó,230723000,6.6,143.0,22.0
2026-07-30,Øresund,dél,Teherhajó,231873000,4.3,100.0,14.0
2026-07-30,Øresund,dél,Teherhajó,244855000,6.9,143.0,16.0
2026-07-30,Øresund,észak,Teherhajó,245257000,4.2,86.0,11.0
2026-07-30,Øresund,dél,Teherhajó,246141000,4.5,100.0,17.0
2026-07-30,Øresund,észak,Tanker,246354000,5.6,100.0,16.0
2026-07-30,Øresund,észak,Teherhajó,246474000,3.9,90.0,14.0
2026-07-30,Øresund,észak,Teherhajó,246733000,6.4,118.0,16.0
2026-07-30,Øresund,észak,Teherhajó,246855000,4.9,88.0,13.0
2026-07-30,Øresund,dél,Tanker,248096000,7.5,120.0,19.0
2026-07-30,Øresund,dél,Teherhajó,249517000,6.9,185.0,31.0
2026-07-30,Øresund,észak,Teherhajó,250006549,6.2,84.0,15.0
2026-07-30,Øresund,észak,Teherhajó,255808000,4.7,89.0,16.0
2026-07-30,Øresund,észak,Teherhajó,255915634,5.7,99.0,16.0
2026-07-30,Øresund,dél,Teherhajó,255915749,3.3,89.0,12.0
2026-07-30,Øresund,dél,Teherhajó,255915848,5.6,89.0,16.0
2026-07-30,Øresund,észak,Tanker,257084120,6.1,129.0,20.0
2026-07-30,Øresund,észak,Teherhajó,257115000,5.6,88.0,13.0
2026-07-30,Øresund,észak,Tanker,257601000,5.2,100.0,17.0
2026-07-30,Øresund,észak,Teherhajó,258209000,5.0,156.0,22.0
2026-07-30,Øresund,észak,Teherhajó,265411000,6.7,161.0,24.0
2026-07-30,Øresund,dél,Tanker,266466000,5.8,129.0,20.0
2026-07-30,Øresund,észak,Tanker,266475000,5.0,120.0,17.0
2026-07-30,Øresund,dél,Teherhajó,273292160,5.4,127.0,20.0
2026-07-30,Øresund,észak,Tanker,276869000,5.9,93.0,14.0
2026-07-30,Øresund,dél,Teherhajó,277391000,3.2,88.0,13.0
2026-07-30,Øresund,dél,Teherhajó,277586000,8.3,148.0,25.0
2026-07-30,Øresund,észak,Teherhajó,277586000,8.3,148.0,25.0
2026-07-30,Øresund,dél,Teherhajó,304482000,4.9,85.0,13.0
2026-07-30,Øresund,észak,Teherhajó,304707000,5.4,93.0,14.0
2026-07-30,Øresund,észak,Teherhajó,304713000,5.0,90.0,16.0
2026-07-30,Øresund,észak,Teherhajó,304819000,7.0,190.0,29.0
2026-07-30,Øresund,dél,Teherhajó,305978000,7.7,158.0,23.0
2026-07-30,Øresund,észak,Teherhajó,305978000,7.7,158.0,23.0
2026-07-30,Øresund,dél,Teherhajó,309701000,5.8,88.0,14.0
2026-07-30,Øresund,dél,Teherhajó,311001814,4.8,88.0,13.0
2026-07-30,Øresund,dél,Teherhajó,311002379,7.3,229.0,32.0
2026-07-30,Øresund,dél,Teherhajó,314035000,3.0,87.0,11.0
2026-07-30,Øresund,dél,Teherhajó,355390000,4.6,100.0,20.0
2026-07-30,Øresund,dél,Teherhajó,538009529,5.6,175.0,29.0
2026-07-30,Øresund,észak,Tanker,538009924,7.2,180.0,29.0
2026-07-30,Øresund,dél,Teherhajó,538011733,7.0,225.0,32.0
2026-07-30,Øresund,dél,Tanker,636019153,7.5,250.0,44.0
2026-07-30,Øresund,észak,Teherhajó,636022047,8.8,161.0,25.0
2026-07-30,Øresund,dél,Teherhajó,636023944,9.8,172.0,28.0
2026-07-31,Nagy-Balti-öv,dél,Teherhajó,211100000,2.3,81.0,11.0
2026-07-31,Nagy-Balti-öv,dél,Teherhajó,219002392,2.5,81.0,11.0
2026-07-31,Nagy-Balti-öv,dél,Tanker,219029722,9.1,147.0,22.0
2026-07-31,Nagy-Balti-öv,dél,Teherhajó,219115000,9.1,200.0,36.0
2026-07-31,Nagy-Balti-öv,dél,Tanker,220018000,3.8,78.0,13.0
2026-07-31,Nagy-Balti-öv,észak,Teherhajó,229941000,8.0,152.0,22.0
2026-07-31,Nagy-Balti-öv,dél,Teherhajó,230643000,6.4,187.0,27.0
2026-07-31,Nagy-Balti-öv,észak,Tanker,230688000,8.9,250.0,44.0
2026-07-31,Nagy-Balti-öv,észak,Teherhajó,244010871,7.1,139.0,22.0
2026-07-31,Nagy-Balti-öv,észak,Tanker,248022000,8.8,250.0,44.0
2026-07-31,Nagy-Balti-öv,észak,Teherhajó,255806476,7.7,151.0,24.0
2026-07-31,Nagy-Balti-öv,észak,Teherhajó,255915737,12.4,190.0,32.0
2026-07-31,Nagy-Balti-öv,dél,Teherhajó,256883000,7.9,205.0,30.0
2026-07-31,Nagy-Balti-öv,dél,Teherhajó,257064430,6.3,90.0,14.0
2026-07-31,Nagy-Balti-öv,dél,Teherhajó,257207000,6.5,90.0,14.0
2026-07-31,Nagy-Balti-öv,dél,Teherhajó,258761000,6.2,110.0,15.0
2026-07-31,Nagy-Balti-öv,dél,Tanker,265071000,8.7,130.0,22.0
2026-07-31,Nagy-Balti-öv,dél,Tanker,266436000,5.8,100.0,18.0
2026-07-31,Nagy-Balti-öv,észak,Tanker,273277290,14.2,249.0,44.0
2026-07-31,Nagy-Balti-öv,dél,Tanker,275525000,4.5,100.0,18.0
2026-07-31,Nagy-Balti-öv,észak,Teherhajó,304520000,9.1,139.0,23.0
2026-07-31,Nagy-Balti-öv,dél,Teherhajó,305299000,7.8,134.0,22.0
2026-07-31,Nagy-Balti-öv,észak,Teherhajó,305688000,6.3,130.0,16.0
2026-07-31,Nagy-Balti-öv,dél,Teherhajó,311053300,12.4,229.0,32.0
2026-07-31,Nagy-Balti-öv,észak,Teherhajó,312726000,10.1,178.0,26.0
2026-07-31,Nagy-Balti-öv,észak,Teherhajó,314910000,14.6,229.0,38.0
2026-07-31,Nagy-Balti-öv,észak,Teherhajó,352005614,14.4,225.0,32.0
2026-07-31,Nagy-Balti-öv,észak,Teherhajó,352005977,8.5,118.0,18.0
2026-07-31,Nagy-Balti-öv,észak,Teherhajó,352006699,6.6,134.0,22.0
2026-07-31,Nagy-Balti-öv,dél,Teherhajó,354235000,14.2,235.0,38.0
2026-07-31,Nagy-Balti-öv,észak,Teherhajó,370126000,8.5,137.0,23.0
2026-07-31,Nagy-Balti-öv,észak,Tanker,374007000,15.0,277.0,48.0
2026-07-31,Nagy-Balti-öv,észak,Tanker,477142400,10.1,160.0,25.0
2026-07-31,Nagy-Balti-öv,dél,Tanker,477142400,10.1,160.0,25.0
2026-07-31,Nagy-Balti-öv,észak,Tanker,477142400,10.1,160.0,25.0
2026-07-31,Nagy-Balti-öv,dél,Teherhajó,477228500,8.5,225.0,32.0
2026-07-31,Nagy-Balti-öv,észak,Teherhajó,477552100,11.1,211.0,30.0
2026-07-31,Nagy-Balti-öv,észak,Teherhajó,538004100,8.4,177.0,28.0
2026-07-31,Nagy-Balti-öv,dél,Tanker,538010133,10.7,183.0,32.0
2026-07-31,Nagy-Balti-öv,észak,Tanker,538011338,15.0,250.0,44.0
2026-07-31,Nagy-Balti-öv,dél,Teherhajó,563078800,8.3,253.0,43.0
2026-07-31,Nagy-Balti-öv,dél,Tanker,563164700,10.2,180.0,29.0
2026-07-31,Nagy-Balti-öv,dél,Teherhajó,563202200,14.9,255.0,43.0
2026-07-31,Nagy-Balti-öv,észak,Teherhajó,563288800,8.5,208.0,30.0
2026-07-31,Nagy-Balti-öv,dél,Tanker,636013381,13.2,274.0,50.0
2026-07-31,Nagy-Balti-öv,észak,Teherhajó,636015357,10.5,180.0,30.0
2026-07-31,Nagy-Balti-öv,észak,Teherhajó,636017408,11.5,399.0,54.0
2026-07-31,Nagy-Balti-öv,dél,Teherhajó,636021003,7.0,229.0,32.0
2026-07-31,Nagy-Balti-öv,észak,Teherhajó,636023924,10.0,169.0,27.0
2026-07-31,Nagy-Balti-öv,észak,Tanker,636025995,15.0,274.0,48.0
2026-07-31,Nagy-Balti-öv,dél,Teherhajó,636091995,10.0,208.0,30.0
2026-07-31,Nagy-Balti-öv,dél,Tanker,667002260,8.5,245.0,42.0
2026-07-31,Øresund,dél,Teherhajó,205343000,4.6,89.0,12.0
2026-07-31,Øresund,dél,Teherhajó,209313000,3.2,82.0,12.0
2026-07-31,Øresund,észak,Teherhajó,209536000,3.8,90.0,13.0
2026-07-31,Øresund,dél,Teherhajó,209681000,3.7,90.0,13.0
2026-07-31,Øresund,dél,Teherhajó,209974000,4.0,90.0,15.0
2026-07-31,Øresund,észak,Teherhajó,210524000,5.5,89.0,13.0
2026-07-31,Øresund,észak,Teherhajó,212385000,4.6,99.0,14.0
2026-07-31,Øresund,dél,Teherhajó,212882000,4.4,100.0,20.0
2026-07-31,Øresund,észak,Tanker,215064000,5.4,88.0,15.0
2026-07-31,Øresund,észak,Teherhajó,219164000,4.9,86.0,14.0
2026-07-31,Øresund,dél,Tanker,229015000,5.7,109.0,16.0
2026-07-31,Øresund,dél,Teherhajó,231898000,5.1,89.0,13.0
2026-07-31,Øresund,dél,Teherhajó,232031869,3.5,90.0,14.0
2026-07-31,Øresund,észak,Teherhajó,235008290,4.2,82.0,12.0
2026-07-31,Øresund,észak,Teherhajó,244027000,3.9,89.0,13.0
2026-07-31,Øresund,észak,Teherhajó,244140468,7.3,110.0,14.0
2026-07-31,Øresund,dél,Teherhajó,245257000,2.7,86.0,11.0
2026-07-31,Øresund,észak,Teherhajó,246883000,4.9,151.0,26.0
2026-07-31,Øresund,dél,Teherhajó,255617000,6.9,180.0,30.0
2026-07-31,Øresund,észak,Teherhajó,255805973,4.8,89.0,16.0
2026-07-31,Øresund,dél,Teherhajó,255805993,5.4,88.0,12.0
2026-07-31,Øresund,dél,Teherhajó,255806300,6.5,135.0,22.0
2026-07-31,Øresund,észak,Teherhajó,255812000,5.6,89.0,15.0
2026-07-31,Øresund,dél,Teherhajó,255915932,3.0,88.0,13.0
2026-07-31,Øresund,észak,Tanker,255915984,6.7,144.0,23.0
2026-07-31,Øresund,dél,Teherhajó,257186000,6.7,87.0,15.0
2026-07-31,Øresund,észak,Teherhajó,257211000,5.4,82.0,12.0
2026-07-31,Øresund,észak,Tanker,257409000,6.1,140.0,22.0
2026-07-31,Øresund,észak,Teherhajó,258007280,5.9,85.0,16.0
2026-07-31,Øresund,észak,Teherhajó,258227000,6.6,87.0,15.0
2026-07-31,Øresund,észak,Teherhajó,258648000,6.3,110.0,15.0
2026-07-31,Øresund,dél,Tanker,266212000,5.0,80.0,14.0
2026-07-31,Øresund,dél,Teherhajó,275545000,4.9,100.0,16.0
2026-07-31,Øresund,dél,Tanker,276869000,4.8,93.0,14.0
2026-07-31,Øresund,dél,Teherhajó,304145000,4.6,90.0,14.0
2026-07-31,Øresund,észak,Teherhajó,304616000,5.3,120.0,15.0
2026-07-31,Øresund,dél,Teherhajó,305209000,4.4,89.0,13.0
2026-07-31,Øresund,észak,Teherhajó,305649000,5.7,95.0,14.0
2026-07-31,Øresund,dél,Teherhajó,311001799,5.9,88.0,13.0
2026-07-31,Øresund,észak,Teherhajó,311995000,6.7,148.0,25.0
2026-07-31,Øresund,észak,Teherhajó,314398000,5.6,90.0,15.0
2026-07-31,Øresund,dél,Tanker,352005520,7.5,244.0,42.0
2026-07-31,Øresund,észak,Tanker,352006339,4.3,100.0,18.0
2026-07-31,Øresund,dél,Teherhajó,370410000,7.0,229.0,37.0
2026-07-31,Øresund,dél,Teherhajó,538009422,5.9,186.0,28.0
2026-07-31,Øresund,dél,Tanker,538010412,7.5,228.0,32.0
2026-07-31,Øresund,dél,Teherhajó,636017521,7.0,225.0,32.0
2026-07-31,Øresund,észak,Teherhajó,636017813,6.5,120.0,17.0
2026-07-31,Øresund,észak,Teherhajó,636020388,7.1,139.0,22.0
2026-07-31,Øresund,észak,Teherhajó,636023944,9.6,172.0,28.0
2026-07-31,Øresund,dél,Teherhajó,636026424,6.7,175.0,23.0
2026-08-01,Nagy-Balti-öv,dél,Teherhajó,210641000,4.5,98.0,16.0
2026-08-01,Nagy-Balti-öv,észak,Tanker,210855000,6.4,109.0,17.0
2026-08-01,Nagy-Balti-öv,észak,Teherhajó,211100000,3.8,81.0,11.0
2026-08-01,Nagy-Balti-öv,észak,Teherhajó,211890660,4.4,81.0,11.0
2026-08-01,Nagy-Balti-öv,észak,Teherhajó,212811000,4.5,100.0,16.0
2026-08-01,Nagy-Balti-öv,dél,Teherhajó,215114000,8.7,134.0,16.0
2026-08-01,Nagy-Balti-öv,észak,Teherhajó,215622000,11.8,190.0,32.0
2026-08-01,Nagy-Balti-öv,észak,Teherhajó,218805000,3.3,90.0,15.0
2026-08-01,Nagy-Balti-öv,dél,Tanker,219029880,9.1,147.0,22.0
2026-08-01,Nagy-Balti-öv,észak,Tanker,219332000,8.0,207.0,32.0
2026-08-01,Nagy-Balti-öv,észak,Tanker,220018000,5.0,78.0,13.0
2026-08-01,Nagy-Balti-öv,dél,Tanker,230707000,9.5,150.0,23.0
2026-08-01,Nagy-Balti-öv,észak,Tanker,236112740,6.1,148.0,23.0
2026-08-01,Nagy-Balti-öv,észak,Teherhajó,241976000,10.3,200.0,32.0
2026-08-01,Nagy-Balti-öv,észak,Teherhajó,244903000,10.1,172.0,25.0
2026-08-01,Nagy-Balti-öv,észak,Teherhajó,246415000,5.2,88.0,14.0
2026-08-01,Nagy-Balti-öv,dél,Teherhajó,246625000,8.1,143.0,16.0
2026-08-01,Nagy-Balti-öv,dél,Teherhajó,249934000,5.8,88.0,13.0
2026-08-01,Nagy-Balti-öv,észak,Tanker,249987000,9.2,250.0,44.0
2026-08-01,Nagy-Balti-öv,dél,Teherhajó,255806476,7.5,151.0,24.0
2026-08-01,Nagy-Balti-öv,észak,Teherhajó,256683000,14.2,225.0,32.0
2026-08-01,Nagy-Balti-öv,észak,Teherhajó,257064430,4.0,90.0,14.0
2026-08-01,Nagy-Balti-öv,észak,Teherhajó,258761000,4.5,110.0,15.0
2026-08-01,Nagy-Balti-öv,észak,Tanker,258913000,7.3,180.0,28.0
2026-08-01,Nagy-Balti-öv,észak,Teherhajó,259143000,4.3,119.0,16.0
2026-08-01,Nagy-Balti-öv,észak,Tanker,265610040,3.8,80.0,14.0
2026-08-01,Nagy-Balti-öv,észak,Tanker,266471000,8.0,124.0,18.0
2026-08-01,Nagy-Balti-öv,dél,Teherhajó,273432030,8.2,120.0,18.0
2026-08-01,Nagy-Balti-öv,dél,Teherhajó,305426000,9.5,176.0,26.0
2026-08-01,Nagy-Balti-öv,dél,Teherhajó,305688000,5.7,130.0,16.0
2026-08-01,Nagy-Balti-öv,dél,Teherhajó,305994000,8.2,139.0,22.0
2026-08-01,Nagy-Balti-öv,észak,Tanker,308871000,10.7,182.0,32.0
2026-08-01,Nagy-Balti-öv,észak,Teherhajó,311002039,11.5,190.0,32.0
2026-08-01,Nagy-Balti-öv,észak,Teherhajó,319192200,12.8,189.0,32.0
2026-08-01,Nagy-Balti-öv,észak,Tanker,352004997,14.1,250.0,44.0
2026-08-01,Nagy-Balti-öv,észak,Tanker,352005238,14.6,249.0,44.0
2026-08-01,Nagy-Balti-öv,dél,Tanker,461000187,8.0,240.0,42.0
2026-08-01,Nagy-Balti-öv,dél,Tanker,538006198,12.8,249.0,44.0
2026-08-01,Nagy-Balti-öv,észak,Teherhajó,538007705,7.7,225.0,48.0
2026-08-01,Nagy-Balti-öv,észak,Teherhajó,538009477,10.6,180.0,28.0
2026-08-01,Nagy-Balti-öv,észak,Teherhajó,538010710,10.8,200.0,24.0
2026-08-01,Nagy-Balti-öv,dél,Tanker,538010878,8.0,179.0,30.0
2026-08-01,Nagy-Balti-öv,észak,Teherhajó,538011815,10.6,180.0,30.0
2026-08-01,Nagy-Balti-öv,dél,Tanker,620800240,9.0,274.0,48.0
2026-08-01,Nagy-Balti-öv,észak,Tanker,636018294,15.0,244.0,42.0
2026-08-01,Nagy-Balti-öv,észak,Teherhajó,636018491,10.8,179.0,27.0
2026-08-01,Nagy-Balti-öv,észak,Teherhajó,636019247,6.8,116.0,20.0
2026-08-01,Nagy-Balti-öv,észak,Tanker,636019884,10.4,173.0,28.0
2026-08-01,Nagy-Balti-öv,dél,Tanker,636020805,14.4,250.0,44.0
2026-08-01,Nagy-Balti-öv,észak,Teherhajó,636021117,13.3,234.0,43.0
2026-08-01,Nagy-Balti-öv,észak,Tanker,636022066,10.0,159.0,27.0
2026-08-01,Nagy-Balti-öv,dél,Teherhajó,636022519,8.7,289.0,45.0
2026-08-01,Nagy-Balti-öv,dél,Tanker,636022945,9.0,234.0,42.0
2026-08-01,Nagy-Balti-öv,dél,Tanker,636024112,14.5,250.0,44.0
2026-08-01,Nagy-Balti-öv,észak,Tanker,636026561,15.0,244.0,42.0
2026-08-01,Nagy-Balti-öv,dél,Tanker,667001708,8.0,244.0,42.0
2026-08-01,Øresund,dél,Teherhajó,210704000,4.3,90.0,13.0
2026-08-01,Øresund,dél,Teherhajó,211317180,5.1,100.0,17.0
2026-08-01,Øresund,észak,Tanker,219034365,6.5,147.0,22.0
2026-08-01,Øresund,észak,Teherhajó,230697000,6.9,238.0,35.0
2026-08-01,Øresund,észak,Teherhajó,231815000,7.2,105.0,14.0
2026-08-01,Øresund,észak,Teherhajó,232035207,5.7,90.0,15.0
2026-08-01,Øresund,dél,Teherhajó,244020808,5.3,98.0,13.0
2026-08-01,Øresund,észak,Tanker,244036000,6.7,108.0,16.0
2026-08-01,Øresund,dél,Teherhajó,245157000,6.1,88.0,13.0
2026-08-01,Øresund,dél,Teherhajó,245864000,4.9,133.0,16.0
2026-08-01,Øresund,dél,Tanker,246354000,6.6,100.0,16.0
2026-08-01,Øresund,dél,Teherhajó,248680000,7.0,185.0,30.0
2026-08-01,Øresund,dél,Tanker,249810000,5.5,100.0,17.0
2026-08-01,Øresund,észak,Tanker,255802940,5.8,88.0,15.0
2026-08-01,Øresund,dél,Teherhajó,255805577,7.1,140.0,23.0
2026-08-01,Øresund,észak,Teherhajó,255805842,7.4,141.0,22.0
2026-08-01,Øresund,dél,Teherhajó,255805907,7.1,181.0,32.0
2026-08-01,Øresund,észak,Teherhajó,255805907,7.1,181.0,32.0
2026-08-01,Øresund,dél,Tanker,255806519,6.5,144.0,23.0
2026-08-01,Øresund,dél,Teherhajó,255915668,4.9,90.0,13.0
2026-08-01,Øresund,észak,Teherhajó,255915932,4.5,88.0,13.0
2026-08-01,Øresund,dél,Tanker,255915986,6.5,144.0,23.0
2026-08-01,Øresund,dél,Teherhajó,255916028,4.7,120.0,16.0
2026-08-01,Øresund,észak,Teherhajó,257186000,4.2,87.0,15.0
2026-08-01,Øresund,dél,Teherhajó,257415000,6.4,87.0,15.0
2026-08-01,Øresund,dél,Teherhajó,257477000,5.7,88.0,13.0
2026-08-01,Øresund,észak,Teherhajó,257537000,6.3,90.0,16.0
2026-08-01,Øresund,észak,Teherhajó,257737000,5.0,86.0,16.0
2026-08-01,Øresund,dél,Teherhajó,257943000,5.4,88.0,13.0
2026-08-01,Øresund,dél,Tanker,257970000,7.3,147.0,22.0
2026-08-01,Øresund,dél,Teherhajó,258622000,5.6,101.0,17.0
2026-08-01,Øresund,dél,Teherhajó,258809000,6.4,90.0,14.0
2026-08-01,Øresund,dél,Tanker,265056000,4.4,67.0,12.0
2026-08-01,Øresund,észak,Tanker,265072000,5.7,130.0,22.0
2026-08-01,Øresund,észak,Tanker,266212000,5.0,80.0,14.0
2026-08-01,Øresund,észak,Tanker,266468000,5.2,119.0,17.0
2026-08-01,Øresund,dél,Teherhajó,304520000,9.1,139.0,23.0
2026-08-01,Øresund,dél,Teherhajó,304559000,2.5,74.0,11.0
2026-08-01,Øresund,észak,Teherhajó,304783000,6.5,166.0,24.0
2026-08-01,Øresund,dél,Teherhajó,305190000,3.3,86.0,13.0
2026-08-01,Øresund,dél,Teherhajó,305821000,3.7,95.0,14.0
2026-08-01,Øresund,dél,Teherhajó,305912000,6.3,90.0,14.0
2026-08-01,Øresund,észak,Teherhajó,311001499,4.0,89.0,14.0
2026-08-01,Øresund,dél,Teherhajó,311001783,4.6,82.0,11.0
2026-08-01,Øresund,észak,Teherhajó,311001792,5.1,90.0,14.0
2026-08-01,Øresund,dél,Teherhajó,311001808,5.0,82.0,11.0
2026-08-01,Øresund,észak,Teherhajó,352006178,7.5,229.0,32.0
2026-08-01,Øresund,dél,Tanker,511101557,6.8,185.0,32.0
2026-08-01,Øresund,észak,Teherhajó,548995000,6.6,180.0,30.0
2026-08-02,Nagy-Balti-öv,észak,Teherhajó,209982000,3.4,80.0,12.0
2026-08-02,Nagy-Balti-öv,észak,Tanker,215515000,13.9,237.0,44.0
2026-08-02,Nagy-Balti-öv,észak,Teherhajó,219002392,3.4,81.0,11.0
2026-08-02,Nagy-Balti-öv,észak,Tanker,219309000,8.0,187.0,28.0
2026-08-02,Nagy-Balti-öv,dél,Tanker,220018000,3.8,78.0,13.0
2026-08-02,Nagy-Balti-öv,észak,Teherhajó,230642000,6.3,187.0,27.0
2026-08-02,Nagy-Balti-öv,dél,Teherhajó,231613000,2.7,73.0,12.0
2026-08-02,Nagy-Balti-öv,észak,Teherhajó,231907000,5.4,89.0,13.0
2026-08-02,Nagy-Balti-öv,észak,Tanker,235108529,9.0,250.0,44.0
2026-08-02,Nagy-Balti-öv,észak,Teherhajó,244067000,5.0,88.0,13.0
2026-08-02,Nagy-Balti-öv,észak,Teherhajó,245097000,8.2,205.0,26.0
2026-08-02,Nagy-Balti-öv,észak,Teherhajó,248256000,12.8,191.0,32.0
2026-08-02,Nagy-Balti-öv,dél,Teherhajó,255806081,10.4,179.0,27.0
2026-08-02,Nagy-Balti-öv,észak,Teherhajó,255806257,10.5,179.0,28.0
2026-08-02,Nagy-Balti-öv,észak,Tanker,255915978,9.5,149.0,24.0
2026-08-02,Nagy-Balti-öv,dél,Tanker,256862000,10.6,183.0,32.0
2026-08-02,Nagy-Balti-öv,dél,Tanker,257089140,14.5,277.0,46.0
2026-08-02,Nagy-Balti-öv,dél,Tanker,257374000,7.9,140.0,22.0
2026-08-02,Nagy-Balti-öv,dél,Teherhajó,261208000,5.5,56.0,11.0
2026-08-02,Nagy-Balti-öv,észak,Teherhajó,268264001,10.9,190.0,30.0
2026-08-02,Nagy-Balti-öv,észak,Tanker,273270850,13.9,250.0,44.0
2026-08-02,Nagy-Balti-öv,észak,Teherhajó,273413440,5.5,122.0,20.0
2026-08-02,Nagy-Balti-öv,észak,Teherhajó,305426000,6.6,176.0,26.0
2026-08-02,Nagy-Balti-öv,észak,Teherhajó,305714000,8.0,214.0,36.0
2026-08-02,Nagy-Balti-öv,dél,Tanker,310795000,11.3,297.0,47.0
2026-08-02,Nagy-Balti-öv,észak,Teherhajó,311000878,10.6,180.0,30.0
2026-08-02,Nagy-Balti-öv,dél,Teherhajó,311001018,8.9,150.0,22.0
2026-08-02,Nagy-Balti-öv,észak,Teherhajó,311055300,10.4,189.0,28.0
2026-08-02,Nagy-Balti-öv,dél,Tanker,314115000,8.6,243.0,42.0
2026-08-02,Nagy-Balti-öv,észak,Teherhajó,352004977,8.3,175.0,28.0
2026-08-02,Nagy-Balti-öv,észak,Teherhajó,352006327,12.9,190.0,32.0
2026-08-02,Nagy-Balti-öv,észak,Teherhajó,356639000,8.0,190.0,30.0
2026-08-02,Nagy-Balti-öv,dél,Teherhajó,405000382,13.2,200.0,36.0
2026-08-02,Nagy-Balti-öv,észak,Teherhajó,450555000,8.8,150.0,18.0
2026-08-02,Nagy-Balti-öv,észak,Tanker,538006211,4.5,99.0,17.0
2026-08-02,Nagy-Balti-öv,dél,Tanker,538006497,5.9,101.0,18.0
2026-08-02,Nagy-Balti-öv,dél,Teherhajó,538011973,13.1,229.0,32.0
2026-08-02,Nagy-Balti-öv,dél,Tanker,563003300,14.5,250.0,44.0
2026-08-02,Nagy-Balti-öv,dél,Teherhajó,636015893,5.5,175.0,27.0
2026-08-02,Nagy-Balti-öv,észak,Teherhajó,636017854,14.3,229.0,32.0
2026-08-02,Nagy-Balti-öv,dél,Tanker,636024113,14.7,250.0,44.0
2026-08-02,Nagy-Balti-öv,észak,Tanker,636024881,14.3,274.0,50.0
2026-08-02,Nagy-Balti-öv,dél,Tanker,664444000,7.7,188.0,32.0
2026-08-02,Øresund,dél,Teherhajó,209536000,5.9,90.0,13.0
2026-08-02,Øresund,dél,Teherhajó,212530000,6.4,90.0,15.0
2026-08-02,Øresund,dél,Teherhajó,230700000,6.5,238.0,35.0
2026-08-02,Øresund,észak,Teherhajó,231068000,7.1,100.0,14.0
2026-08-02,Øresund,észak,Teherhajó,231906000,5.3,89.0,13.0
2026-08-02,Øresund,dél,Teherhajó,236306000,4.0,90.0,14.0
2026-08-02,Øresund,észak,Tanker,236668000,6.8,90.0,14.0
2026-08-02,Øresund,dél,Teherhajó,244912000,7.8,205.0,26.0
2026-08-02,Øresund,dél,Teherhajó,245180000,5.6,89.0,13.0
2026-08-02,Øresund,észak,Teherhajó,245281000,5.8,89.0,12.0
2026-08-02,Øresund,dél,Teherhajó,246125000,5.6,89.0,14.0
2026-08-02,Øresund,észak,Teherhajó,246141000,5.4,100.0,17.0
2026-08-02,Øresund,dél,Teherhajó,246244000,5.4,141.0,24.0
2026-08-02,Øresund,dél,Tanker,246541000,6.8,116.0,15.0
2026-08-02,Øresund,észak,Tanker,246541000,6.8,116.0,15.0
2026-08-02,Øresund,dél,Teherhajó,248195000,6.9,199.0,32.0
2026-08-02,Øresund,észak,Tanker,248886000,4.5,88.0,14.0
2026-08-02,Øresund,dél,Tanker,248886000,4.5,88.0,14.0
2026-08-02,Øresund,dél,Tanker,249007000,7.0,250.0,44.0
2026-08-02,Øresund,észak,Teherhajó,255802570,3.4,89.0,13.0
2026-08-02,Øresund,dél,Teherhajó,255805955,5.2,97.0,16.0
2026-08-02,Øresund,észak,Teherhajó,255806436,7.1,141.0,22.0
2026-08-02,Øresund,dél,Teherhajó,255915683,4.8,89.0,12.0
2026-08-02,Øresund,észak,Teherhajó,255916028,7.6,120.0,16.0
2026-08-02,Øresund,észak,Teherhajó,255916550,5.4,89.0,16.0
2026-08-02,Øresund,dél,Teherhajó,257857000,6.0,90.0,14.0
2026-08-02,Øresund,észak,Teherhajó,257962000,4.9,98.0,16.0
2026-08-02,Øresund,észak,Teherhajó,258809000,4.2,90.0,14.0
2026-08-02,Øresund,dél,Teherhajó,258812000,6.6,116.0,17.0
2026-08-02,Øresund,észak,Tanker,259372000,5.6,124.0,20.0
2026-08-02,Øresund,dél,Teherhajó,265039000,7.0,242.0,36.0
2026-08-02,Øresund,észak,Tanker,265056000,3.5,67.0,12.0
2026-08-02,Øresund,észak,Tanker,266466000,5.8,129.0,20.0
2026-08-02,Øresund,észak,Teherhajó,268263901,6.6,108.0,18.0
2026-08-02,Øresund,dél,Teherhajó,271051905,7.1,190.0,32.0
2026-08-02,Øresund,dél,Teherhajó,275519000,3.8,99.0,14.0
2026-08-02,Øresund,dél,Teherhajó,275535000,6.6,134.0,20.0
2026-08-02,Øresund,dél,Teherhajó,277586000,8.2,148.0,25.0
2026-08-02,Øresund,észak,Teherhajó,277586000,8.2,148.0,25.0
2026-08-02,Øresund,dél,Teherhajó,304047000,5.1,106.0,15.0
2026-08-02,Øresund,észak,Teherhajó,304482000,4.9,85.0,13.0
2026-08-02,Øresund,dél,Teherhajó,305055000,6.3,139.0,22.0
2026-08-02,Øresund,észak,Teherhajó,305055000,6.3,139.0,22.0
2026-08-02,Øresund,dél,Teherhajó,305776000,5.6,153.0,24.0
2026-08-02,Øresund,észak,Teherhajó,311001794,3.9,88.0,13.0
2026-08-02,Øresund,észak,Teherhajó,311001812,4.0,88.0,13.0
2026-08-02,Øresund,észak,Teherhajó,311001814,5.9,88.0,13.0
2026-08-02,Øresund,észak,Teherhajó,314001073,5.0,136.0,23.0
2026-08-02,Øresund,dél,Teherhajó,314396000,7.2,90.0,15.0
2026-08-02,Øresund,dél,Tanker,352002786,7.0,243.0,42.0
2026-08-02,Øresund,dél,Teherhajó,374352000,6.6,142.0,23.0
2026-08-02,Øresund,észak,Teherhajó,538008296,6.6,199.0,32.0
2026-08-02,Øresund,dél,Teherhajó,636021566,6.5,177.0,28.0
2026-08-02,Øresund,dél,Teherhajó,636026283,6.7,180.0,32.0
2026-08-03,Nagy-Balti-öv,dél,Teherhajó,212357000,9.8,184.0,25.0
2026-08-03,Nagy-Balti-öv,észak,Teherhajó,212797000,5.9,100.0,13.0
2026-08-03,Nagy-Balti-öv,dél,Tanker,219034365,8.9,147.0,22.0
2026-08-03,Nagy-Balti-öv,észak,Teherhajó,219136000,11.3,200.0,36.0
2026-08-03,Nagy-Balti-öv,dél,Teherhajó,219164000,7.3,86.0,14.0
2026-08-03,Nagy-Balti-öv,dél,Teherhajó,219543000,10.2,172.0,32.0
2026-08-03,Nagy-Balti-öv,észak,Tanker,220018000,5.0,78.0,13.0
2026-08-03,Nagy-Balti-öv,észak,Tanker,229084000,7.4,182.0,32.0
2026-08-03,Nagy-Balti-öv,dél,Tanker,230689000,9.6,156.0,24.0
2026-08-03,Nagy-Balti-öv,észak,Teherhajó,231613000,4.7,73.0,12.0
2026-08-03,Nagy-Balti-öv,dél,Tanker,240221000,9.3,274.0,47.0
2026-08-03,Nagy-Balti-öv,észak,Teherhajó,244109000,7.8,107.0,19.0
2026-08-03,Nagy-Balti-öv,dél,Teherhajó,246521000,7.1,205.0,26.0
2026-08-03,Nagy-Balti-öv,dél,Teherhajó,248203000,8.2,200.0,24.0
2026-08-03,Nagy-Balti-öv,észak,Teherhajó,249814000,10.0,169.0,26.0
2026-08-03,Nagy-Balti-öv,észak,Tanker,249948000,9.0,250.0,44.0
2026-08-03,Nagy-Balti-öv,dél,Teherhajó,250002903,5.9,182.0,30.0
2026-08-03,Nagy-Balti-öv,észak,Teherhajó,255805260,13.1,364.0,51.0
2026-08-03,Nagy-Balti-öv,dél,Teherhajó,255806258,10.9,178.0,27.0
2026-08-03,Nagy-Balti-öv,észak,Teherhajó,255915935,9.1,180.0,30.0
2026-08-03,Nagy-Balti-öv,észak,Teherhajó,255916314,6.8,148.0,27.0
2026-08-03,Nagy-Balti-öv,dél,Teherhajó,257350220,6.0,100.0,16.0
2026-08-03,Nagy-Balti-öv,dél,Teherhajó,257782000,6.5,116.0,16.0
2026-08-03,Nagy-Balti-öv,észak,Tanker,258915000,7.2,160.0,26.0
2026-08-03,Nagy-Balti-öv,észak,Teherhajó,265022000,7.0,242.0,36.0
2026-08-03,Nagy-Balti-öv,dél,Tanker,265053000,9.3,150.0,23.0
2026-08-03,Nagy-Balti-öv,észak,Tanker,266436000,5.8,100.0,18.0
2026-08-03,Nagy-Balti-öv,észak,Tanker,304218000,10.7,183.0,32.0
2026-08-03,Nagy-Balti-öv,dél,Teherhajó,304219000,9.6,166.0,21.0
2026-08-03,Nagy-Balti-öv,észak,Teherhajó,305978000,8.3,158.0,23.0
2026-08-03,Nagy-Balti-öv,észak,Teherhajó,311000851,7.9,189.0,26.0
2026-08-03,Nagy-Balti-öv,dél,Teherhajó,352001928,2.8,74.0,11.0
2026-08-03,Nagy-Balti-öv,észak,Teherhajó,352003402,12.3,190.0,32.0
2026-08-03,Nagy-Balti-öv,észak,Tanker,352004593,10.5,174.0,28.0
2026-08-03,Nagy-Balti-öv,észak,Teherhajó,477345300,14.5,225.0,32.0
2026-08-03,Nagy-Balti-öv,észak,Teherhajó,477887800,12.7,399.0,61.0
2026-08-03,Nagy-Balti-öv,dél,Teherhajó,477895400,14.0,399.0,61.0
2026-08-03,Nagy-Balti-öv,észak,Tanker,525121061,15.5,245.0,42.0
2026-08-03,Nagy-Balti-öv,észak,Teherhajó,538008963,10.0,199.0,36.0
2026-08-03,Nagy-Balti-öv,észak,Teherhajó,564306000,10.1,249.0,37.0
2026-08-03,Nagy-Balti-öv,dél,Teherhajó,566341000,9.8,163.0,26.0
2026-08-03,Nagy-Balti-öv,észak,Tanker,631010112,7.3,180.0,32.0
2026-08-03,Nagy-Balti-öv,észak,Tanker,636021733,15.0,244.0,42.0
2026-08-03,Nagy-Balti-öv,észak,Teherhajó,636024120,10.2,200.0,32.0
2026-08-03,Nagy-Balti-öv,észak,Teherhajó,636024899,11.2,200.0,32.0
2026-08-03,Nagy-Balti-öv,dél,Teherhajó,636025057,4.9,148.0,21.0
2026-08-03,Nagy-Balti-öv,észak,Tanker,636025818,12.0,181.0,32.0
2026-08-03,Nagy-Balti-öv,észak,Tanker,667002240,15.0,250.0,44.0
2026-08-03,Nagy-Balti-öv,észak,Tanker,667002293,14.5,249.0,44.0
2026-08-03,Øresund,észak,Tanker,209221000,7.5,105.0,17.0
2026-08-03,Øresund,észak,Teherhajó,209536000,3.8,90.0,13.0
2026-08-03,Øresund,észak,Teherhajó,210681000,7.2,120.0,16.0
2026-08-03,Øresund,dél,Teherhajó,211100000,2.4,81.0,11.0
2026-08-03,Øresund,dél,Teherhajó,211870240,7.1,159.0,22.0
2026-08-03,Øresund,dél,Tanker,219355000,5.4,93.0,14.0
2026-08-03,Øresund,észak,Tanker,219775000,6.8,147.0,22.0
2026-08-03,Øresund,észak,Teherhajó,230683000,6.8,160.0,26.0
2026-08-03,Øresund,dél,Teherhajó,230941700,4.0,105.0,19.0
2026-08-03,Øresund,észak,Teherhajó,230984000,7.2,141.0,22.0
2026-08-03,Øresund,észak,Teherhajó,231915000,5.1,90.0,13.0
2026-08-03,Øresund,dél,Teherhajó,244140468,4.9,110.0,14.0
2026-08-03,Øresund,dél,Tanker,244335000,6.7,115.0,16.0
2026-08-03,Øresund,dél,Teherhajó,244562000,7.1,110.0,14.0
2026-08-03,Øresund,dél,Tanker,244790523,5.6,100.0,17.0
2026-08-03,Øresund,észak,Teherhajó,244830834,6.5,119.0,15.0
2026-08-03,Øresund,észak,Teherhajó,245491000,7.0,132.0,16.0
2026-08-03,Øresund,észak,Teherhajó,246554000,7.4,205.0,26.0
2026-08-03,Øresund,dél,Teherhajó,255809000,5.6,89.0,16.0
2026-08-03,Øresund,dél,Teherhajó,257036300,5.5,106.0,14.0
2026-08-03,Øresund,észak,Teherhajó,258812000,4.6,116.0,17.0
2026-08-03,Øresund,dél,Tanker,265610040,5.8,80.0,14.0
2026-08-03,Øresund,dél,Tanker,266471000,6.4,124.0,18.0
2026-08-03,Øresund,észak,Teherhajó,275535000,5.7,134.0,20.0
2026-08-03,Øresund,észak,Teherhajó,304010515,6.0,97.0,16.0
2026-08-03,Øresund,dél,Teherhajó,304944000,5.2,99.0,16.0
2026-08-03,Øresund,dél,Teherhajó,305055000,6.6,139.0,22.0
2026-08-03,Øresund,észak,Teherhajó,305190000,5.3,86.0,13.0
2026-08-03,Øresund,észak,Teherhajó,305224000,6.0,89.0,14.0
2026-08-03,Øresund,dél,Teherhajó,305458000,5.8,100.0,15.0
2026-08-03,Øresund,dél,Teherhajó,305967000,4.8,82.0,13.0
2026-08-03,Øresund,dél,Teherhajó,305978000,8.3,158.0,23.0
2026-08-03,Øresund,dél,Teherhajó,311996000,6.7,150.0,25.0
2026-08-03,Øresund,dél,Teherhajó,314278000,6.9,225.0,32.0
2026-08-03,Øresund,dél,Teherhajó,341568002,6.4,177.0,28.0
2026-08-03,Øresund,észak,Teherhajó,352002605,7.3,229.0,32.0
2026-08-03,Øresund,dél,Tanker,538005799,5.9,100.0,17.0
2026-08-03,Øresund,észak,Teherhajó,572728220,5.8,133.0,19.0
2026-08-03,Øresund,dél,Tanker,636025354,7.0,180.0,32.0
2026-08-04,Nagy-Balti-öv,észak,Tanker,205691000,7.0,180.0,30.0
2026-08-04,Nagy-Balti-öv,észak,Teherhajó,209114000,2.7,89.0,12.0
2026-08-04,Nagy-Balti-öv,észak,Teherhajó,210704000,6.2,90.0,13.0
2026-08-04,Nagy-Balti-öv,észak,Tanker,212228000,5.7,105.0,16.0
2026-08-04,Nagy-Balti-öv,dél,Tanker,229291000,6.6,120.0,20.0
2026-08-04,Nagy-Balti-öv,dél,Teherhajó,230642000,5.8,187.0,27.0
2026-08-04,Nagy-Balti-öv,dél,Tanker,230688000,14.9,250.0,44.0
2026-08-04,Nagy-Balti-öv,észak,Teherhajó,244584000,7.9,173.0,25.0
2026-08-04,Nagy-Balti-öv,észak,Tanker,246553000,5.3,104.0,16.0
2026-08-04,Nagy-Balti-öv,észak,Tanker,249747000,14.0,250.0,44.0
2026-08-04,Nagy-Balti-öv,dél,Tanker,255915983,9.0,144.0,24.0
2026-08-04,Nagy-Balti-öv,dél,Teherhajó,256708000,7.5,205.0,30.0
2026-08-04,Nagy-Balti-öv,észak,Teherhajó,256882000,10.1,205.0,30.0
2026-08-04,Nagy-Balti-öv,észak,Teherhajó,256883000,10.0,205.0,30.0
2026-08-04,Nagy-Balti-öv,észak,Tanker,257206000,4.6,82.0,12.0
2026-08-04,Nagy-Balti-öv,dél,Teherhajó,257207000,6.5,90.0,14.0
2026-08-04,Nagy-Balti-öv,észak,Tanker,258936000,8.6,160.0,26.0
2026-08-04,Nagy-Balti-öv,dél,Teherhajó,259143000,6.0,119.0,16.0
2026-08-04,Nagy-Balti-öv,dél,Tanker,265062000,9.2,149.0,23.0
2026-08-04,Nagy-Balti-öv,észak,Teherhajó,268237000,9.9,175.0,29.0
2026-08-04,Nagy-Balti-öv,dél,Tanker,273123910,9.0,274.0,50.0
2026-08-04,Nagy-Balti-öv,észak,Tanker,273127420,15.0,272.0,44.0
2026-08-04,Nagy-Balti-öv,dél,Teherhajó,304482000,3.2,85.0,13.0
2026-08-04,Nagy-Balti-öv,dél,Tanker,311002013,9.0,274.0,48.0
2026-08-04,Nagy-Balti-öv,dél,Teherhajó,311002290,10.8,226.0,32.0
2026-08-04,Nagy-Balti-öv,észak,Teherhajó,314085000,10.7,178.0,28.0
2026-08-04,Nagy-Balti-öv,észak,Teherhajó,314377000,6.0,90.0,15.0
2026-08-04,Nagy-Balti-öv,észak,Teherhajó,352001928,4.5,74.0,11.0
2026-08-04,Nagy-Balti-öv,dél,Tanker,352005354,8.5,244.0,42.0
2026-08-04,Nagy-Balti-öv,észak,Teherhajó,354540000,10.4,237.0,32.0
2026-08-04,Nagy-Balti-öv,dél,Teherhajó,354711000,11.4,196.0,33.0
2026-08-04,Nagy-Balti-öv,észak,Tanker,538007337,8.7,252.0,44.0
2026-08-04,Nagy-Balti-öv,dél,Teherhajó,538008756,12.4,260.0,32.0
2026-08-04,Nagy-Balti-öv,dél,Teherhajó,538009423,6.2,186.0,28.0
2026-08-04,Nagy-Balti-öv,dél,Tanker,538010363,15.0,250.0,44.0
2026-08-04,Nagy-Balti-öv,észak,Teherhajó,538010610,10.8,178.0,28.0
2026-08-04,Nagy-Balti-öv,észak,Teherhajó,538010804,12.7,199.0,32.0
2026-08-04,Nagy-Balti-öv,észak,Tanker,631010120,10.9,183.0,32.0
2026-08-04,Nagy-Balti-öv,észak,Tanker,631010126,13.6,256.0,46.0
2026-08-04,Nagy-Balti-öv,dél,Teherhajó,636017073,10.4,180.0,30.0
2026-08-04,Nagy-Balti-öv,észak,Teherhajó,636018322,11.4,217.0,27.0
2026-08-04,Nagy-Balti-öv,észak,Tanker,636018545,11.6,183.0,32.0
2026-08-04,Nagy-Balti-öv,észak,Tanker,636018671,9.7,250.0,44.0
2026-08-04,Nagy-Balti-öv,észak,Tanker,636021956,15.0,274.0,50.0
2026-08-04,Nagy-Balti-öv,észak,Teherhajó,636022414,14.8,229.0,38.0
2026-08-04,Nagy-Balti-öv,észak,Teherhajó,636022830,13.2,199.0,32.0
2026-08-04,Nagy-Balti-öv,észak,Teherhajó,636024886,11.7,366.0,51.0
2026-08-04,Nagy-Balti-öv,dél,Teherhajó,636025766,8.3,230.0,38.0
2026-08-04,Nagy-Balti-öv,észak,Teherhajó,636091995,10.8,208.0,30.0
2026-08-04,Nagy-Balti-öv,dél,Teherhajó,636093159,10.3,222.0,30.0
2026-08-04,Nagy-Balti-öv,észak,Tanker,667001235,15.0,,
2026-08-04,Nagy-Balti-öv,dél,Tanker,667002022,8.0,245.0,42.0
2026-08-04,Øresund,dél,Teherhajó,209184000,6.1,186.0,27.0
2026-08-04,Øresund,dél,Teherhajó,209968000,3.9,82.0,12.0
2026-08-04,Øresund,észak,Teherhajó,211100000,3.9,81.0,11.0
2026-08-04,Øresund,észak,Teherhajó,211718360,4.7,90.0,13.0
2026-08-04,Øresund,észak,Teherhajó,212503000,5.0,88.0,13.0
2026-08-04,Øresund,észak,Teherhajó,218030270,4.6,83.0,12.0
2026-08-04,Øresund,dél,Teherhajó,218055220,4.1,89.0,16.0
2026-08-04,Øresund,dél,Teherhajó,218805000,5.5,90.0,15.0
2026-08-04,Øresund,észak,Tanker,219814000,6.5,147.0,22.0
2026-08-04,Øresund,dél,Teherhajó,220474000,6.1,77.0,14.0
2026-08-04,Øresund,észak,Teherhajó,230350000,6.6,120.0,18.0
2026-08-04,Øresund,észak,Teherhajó,230709000,3.8,88.0,14.0
2026-08-04,Øresund,észak,Teherhajó,236108000,5.2,83.0,13.0
2026-08-04,Øresund,dél,Teherhajó,244027000,3.5,89.0,13.0
2026-08-04,Øresund,észak,Tanker,244335000,4.8,115.0,16.0
2026-08-04,Øresund,dél,Teherhajó,244847000,3.4,89.0,12.0
2026-08-04,Øresund,észak,Teherhajó,246388000,7.2,130.0,15.0
2026-08-04,Øresund,dél,Teherhajó,246518000,5.0,105.0,16.0
2026-08-04,Øresund,dél,Tanker,246541000,6.4,116.0,15.0
2026-08-04,Øresund,dél,Tanker,248080000,6.4,107.0,16.0
2026-08-04,Øresund,dél,Teherhajó,250004612,4.1,87.0,15.0
2026-08-04,Øresund,észak,Teherhajó,255806300,6.9,135.0,22.0
2026-08-04,Øresund,dél,Teherhajó,255916296,5.7,107.0,18.0
2026-08-04,Øresund,dél,Teherhajó,257588000,6.0,122.0,20.0
2026-08-04,Øresund,dél,Teherhajó,257836000,5.9,88.0,13.0
2026-08-04,Øresund,észak,Teherhajó,258622000,5.0,101.0,17.0
2026-08-04,Øresund,észak,Tanker,258849000,6.2,129.0,20.0
2026-08-04,Øresund,dél,Teherhajó,259017000,6.6,90.0,14.0
2026-08-04,Øresund,dél,Teherhajó,261159000,,91.0,13.0
2026-08-04,Øresund,dél,Teherhajó,265411000,6.0,161.0,24.0
2026-08-04,Øresund,dél,Tanker,266212000,4.5,80.0,14.0
2026-08-04,Øresund,észak,Tanker,266212000,4.5,80.0,14.0
2026-08-04,Øresund,dél,Tanker,266475000,7.1,120.0,17.0
2026-08-04,Øresund,dél,Teherhajó,273450990,5.1,120.0,15.0
2026-08-04,Øresund,dél,Teherhajó,275511000,3.8,90.0,13.0
2026-08-04,Øresund,dél,Teherhajó,304146000,5.1,88.0,14.0
2026-08-04,Øresund,észak,Teherhajó,304656000,3.9,82.0,12.0
2026-08-04,Øresund,észak,Teherhajó,305978000,8.2,158.0,23.0
2026-08-04,Øresund,dél,Teherhajó,308803000,7.4,148.0,25.0
2026-08-04,Øresund,észak,Teherhajó,311000804,6.9,150.0,22.0
2026-08-04,Øresund,dél,Teherhajó,311055500,6.3,190.0,29.0
2026-08-04,Øresund,dél,Teherhajó,376208000,5.3,186.0,24.0
2026-08-04,Øresund,dél,Tanker,538006310,5.4,95.0,16.0
2026-08-04,Øresund,dél,Teherhajó,538010594,6.0,180.0,30.0
2026-08-04,Øresund,dél,Teherhajó,636093396,7.2,229.0,32.0
2026-08-04,Øresund,észak,Tanker,664444000,6.4,188.0,32.0
2026-08-05,Nagy-Balti-öv,dél,Teherhajó,209535000,6.1,90.0,13.0
2026-08-05,Nagy-Balti-öv,dél,Teherhajó,210944000,14.2,225.0,32.0
2026-08-05,Nagy-Balti-öv,dél,Teherhajó,212811000,7.3,100.0,16.0
2026-08-05,Nagy-Balti-öv,dél,Teherhajó,219001284,2.3,31.0,7.0
2026-08-05,Nagy-Balti-öv,észak,Teherhajó,219164000,4.6,86.0,14.0
2026-08-05,Nagy-Balti-öv,dél,Tanker,220634000,10.0,183.0,32.0
2026-08-05,Nagy-Balti-öv,dél,Teherhajó,230670000,10.1,160.0,26.0
2026-08-05,Nagy-Balti-öv,dél,Teherhajó,231843000,5.1,89.0,14.0
2026-08-05,Nagy-Balti-öv,dél,Tanker,241866000,15.0,250.0,44.0
2026-08-05,Nagy-Balti-öv,dél,Tanker,248022000,14.2,250.0,44.0
2026-08-05,Nagy-Balti-öv,észak,Teherhajó,249874000,8.3,169.0,26.0
2026-08-05,Nagy-Balti-öv,dél,Teherhajó,249934000,4.1,88.0,13.0
2026-08-05,Nagy-Balti-öv,észak,Teherhajó,249934000,4.1,88.0,13.0
2026-08-05,Nagy-Balti-öv,észak,Teherhajó,255806451,8.5,158.0,24.0
2026-08-05,Nagy-Balti-öv,dél,Teherhajó,255915669,3.6,90.0,13.0
2026-08-05,Nagy-Balti-öv,észak,Teherhajó,255915748,5.2,89.0,12.0
2026-08-05,Nagy-Balti-öv,észak,Teherhajó,255916048,8.2,110.0,18.0
2026-08-05,Nagy-Balti-öv,dél,Teherhajó,255916314,7.8,148.0,27.0
2026-08-05,Nagy-Balti-öv,észak,Teherhajó,257207000,4.2,90.0,14.0
2026-08-05,Nagy-Balti-öv,dél,Teherhajó,257211000,3.7,82.0,12.0
2026-08-05,Nagy-Balti-öv,észak,Teherhajó,257350220,4.3,100.0,16.0
2026-08-05,Nagy-Balti-öv,észak,Teherhajó,257782000,4.5,116.0,16.0
2026-08-05,Nagy-Balti-öv,észak,Teherhajó,304482000,4.8,85.0,13.0
2026-08-05,Nagy-Balti-öv,észak,Tanker,310795000,8.9,297.0,47.0
2026-08-05,Nagy-Balti-öv,dél,Tanker,311027500,12.5,249.0,44.0
2026-08-05,Nagy-Balti-öv,észak,Teherhajó,314837000,8.0,134.0,19.0
2026-08-05,Nagy-Balti-öv,dél,Tanker,352002473,9.0,281.0,48.0
2026-08-05,Nagy-Balti-öv,észak,Teherhajó,352002643,8.6,168.0,27.0
2026-08-05,Nagy-Balti-öv,észak,Tanker,352004150,14.8,240.0,42.0
2026-08-05,Nagy-Balti-öv,dél,Tanker,372616000,9.6,277.0,48.0
2026-08-05,Nagy-Balti-öv,észak,Tanker,461000254,13.2,250.0,46.0
2026-08-05,Nagy-Balti-öv,észak,Teherhajó,477195100,11.8,291.0,32.0
2026-08-05,Nagy-Balti-öv,észak,Teherhajó,477228300,14.6,225.0,33.0
2026-08-05,Nagy-Balti-öv,észak,Tanker,538006198,8.5,249.0,44.0
2026-08-05,Nagy-Balti-öv,észak,Tanker,538006497,4.9,101.0,18.0
2026-08-05,Nagy-Balti-öv,dél,Teherhajó,538007446,7.5,225.0,48.0
2026-08-05,Nagy-Balti-öv,dél,Teherhajó,636021059,8.6,180.0,29.0
2026-08-05,Nagy-Balti-öv,észak,Tanker,636024112,8.6,250.0,44.0
2026-08-05,Nagy-Balti-öv,dél,Tanker,636024820,9.5,180.0,29.0
2026-08-05,Nagy-Balti-öv,dél,Teherhajó,636025450,13.0,368.0,51.0
2026-08-05,Nagy-Balti-öv,észak,Teherhajó,636093290,14.6,229.0,32.0
2026-08-05,Øresund,dél,Teherhajó,211100000,2.4,81.0,11.0
2026-08-05,Øresund,dél,Teherhajó,211141000,7.8,134.0,23.0
2026-08-05,Øresund,észak,Teherhajó,211317180,7.4,100.0,17.0
2026-08-05,Øresund,észak,Teherhajó,212530000,4.0,90.0,15.0
2026-08-05,Øresund,dél,Teherhajó,212571000,4.1,82.0,12.0
2026-08-05,Øresund,dél,Tanker,215064000,5.7,88.0,15.0
2026-08-05,Øresund,dél,Tanker,215382000,5.5,109.0,16.0
2026-08-05,Øresund,észak,Teherhajó,219000245,2.6,55.0,9.0
2026-08-05,Øresund,észak,Tanker,219355000,5.3,93.0,14.0
2026-08-05,Øresund,dél,Teherhajó,231836000,9.6,179.0,31.0
2026-08-05,Øresund,észak,Teherhajó,231836000,9.6,179.0,31.0
2026-08-05,Øresund,észak,Teherhajó,232031869,5.6,90.0,14.0
2026-08-05,Øresund,észak,Teherhajó,244027000,3.5,89.0,13.0
2026-08-05,Øresund,észak,Tanker,244090097,6.6,164.0,25.0
2026-08-05,Øresund,dél,Teherhajó,244870673,3.4,88.0,12.0
2026-08-05,Øresund,dél,Teherhajó,245176000,4.7,90.0,13.0
2026-08-05,Øresund,dél,Teherhajó,245697000,5.9,162.0,26.0
2026-08-05,Øresund,dél,Teherhajó,246293000,6.7,184.0,27.0
2026-08-05,Øresund,dél,Teherhajó,246415000,3.4,88.0,14.0
2026-08-05,Øresund,dél,Teherhajó,246443000,4.1,89.0,12.0
2026-08-05,Øresund,dél,Teherhajó,255805882,6.3,107.0,18.0
2026-08-05,Øresund,dél,Teherhajó,255805887,5.1,89.0,16.0
2026-08-05,Øresund,dél,Tanker,255915980,6.9,144.0,23.0
2026-08-05,Øresund,dél,Teherhajó,255916028,7.5,120.0,16.0
2026-08-05,Øresund,dél,Teherhajó,255916295,4.7,107.0,18.0
2026-08-05,Øresund,dél,Teherhajó,255916550,4.0,89.0,16.0
2026-08-05,Øresund,dél,Tanker,257136000,5.4,101.0,18.0
2026-08-05,Øresund,dél,Tanker,257206000,3.7,82.0,12.0
2026-08-05,Øresund,dél,Teherhajó,257314000,6.2,90.0,14.0
2026-08-05,Øresund,észak,Teherhajó,257477000,5.9,88.0,13.0
2026-08-05,Øresund,észak,Teherhajó,258356000,4.0,66.0,13.0
2026-08-05,Øresund,észak,Tanker,266475000,5.0,120.0,17.0
2026-08-05,Øresund,észak,Teherhajó,275511000,5.9,90.0,13.0
2026-08-05,Øresund,észak,Teherhajó,275513000,5.4,82.0,13.0
2026-08-05,Øresund,dél,Teherhajó,305581000,5.4,81.0,12.0
2026-08-05,Øresund,észak,Teherhajó,305612000,5.6,89.0,13.0
2026-08-05,Øresund,észak,Teherhajó,305976000,7.3,101.0,15.0
2026-08-05,Øresund,dél,Teherhajó,308654000,7.4,148.0,25.0
2026-08-05,Øresund,észak,Teherhajó,311001783,3.1,82.0,11.0
2026-08-05,Øresund,észak,Teherhajó,311818000,4.3,82.0,11.0
2026-08-05,Øresund,észak,Teherhajó,311996000,7.6,150.0,25.0
2026-08-05,Øresund,dél,Teherhajó,356302000,7.2,226.0,32.0
2026-08-05,Øresund,dél,Teherhajó,372811000,6.6,179.0,28.0
2026-08-05,Øresund,dél,Teherhajó,538005705,7.5,180.0,32.0
2026-08-05,Øresund,dél,Teherhajó,636021605,7.0,235.0,43.0
2026-08-05,Øresund,dél,Tanker,636024690,7.5,270.0,50.0
2026-08-05,Øresund,dél,Teherhajó,636025693,7.2,235.0,38.0
2026-08-05,Øresund,dél,Teherhajó,636026417,7.6,141.0,23.0
2026-08-06,Nagy-Balti-öv,észak,Teherhajó,209535000,3.8,90.0,13.0
2026-08-06,Nagy-Balti-öv,észak,Teherhajó,212811000,4.5,100.0,16.0
2026-08-06,Nagy-Balti-öv,észak,Tanker,215078000,11.3,183.0,32.0
2026-08-06,Nagy-Balti-öv,dél,Tanker,220018000,3.8,78.0,13.0
2026-08-06,Nagy-Balti-öv,dél,Tanker,220603000,11.6,183.0,32.0
2026-08-06,Nagy-Balti-öv,észak,Teherhajó,229788000,12.2,200.0,32.0
2026-08-06,Nagy-Balti-öv,észak,Teherhajó,230643000,6.0,187.0,27.0
2026-08-06,Nagy-Balti-öv,észak,Tanker,240168000,15.0,274.0,47.0
2026-08-06,Nagy-Balti-öv,észak,Teherhajó,245466000,7.5,154.0,18.0
2026-08-06,Nagy-Balti-öv,dél,Teherhajó,249874000,8.4,169.0,26.0
2026-08-06,Nagy-Balti-öv,dél,Tanker,249987000,14.3,250.0,44.0
2026-08-06,Nagy-Balti-öv,dél,Teherhajó,255805916,8.4,107.0,18.0
2026-08-06,Nagy-Balti-öv,észak,Teherhajó,255806119,5.2,100.0,12.0
2026-08-06,Nagy-Balti-öv,észak,Teherhajó,255915963,14.6,229.0,35.0
2026-08-06,Nagy-Balti-öv,észak,Teherhajó,255916099,5.8,89.0,12.0
2026-08-06,Nagy-Balti-öv,észak,Teherhajó,255917283,8.6,170.0,25.0
2026-08-06,Nagy-Balti-öv,dél,Teherhajó,257064430,6.2,90.0,14.0
2026-08-06,Nagy-Balti-öv,észak,Teherhajó,257076220,5.3,89.0,13.0
2026-08-06,Nagy-Balti-öv,észak,Tanker,257089140,9.5,277.0,46.0
2026-08-06,Nagy-Balti-öv,dél,Teherhajó,257186000,4.1,87.0,15.0
2026-08-06,Nagy-Balti-öv,észak,Teherhajó,258214000,5.1,120.0,17.0
2026-08-06,Nagy-Balti-öv,dél,Teherhajó,258656000,6.1,94.0,15.0
2026-08-06,Nagy-Balti-öv,dél,Tanker,266266000,8.0,130.0,20.0
2026-08-06,Nagy-Balti-öv,észak,Tanker,271002685,6.5,100.0,16.0
2026-08-06,Nagy-Balti-öv,dél,Tanker,273335010,9.0,257.0,34.0
2026-08-06,Nagy-Balti-öv,dél,Teherhajó,305978000,7.5,158.0,23.0
2026-08-06,Nagy-Balti-öv,észak,Teherhajó,311000791,7.4,152.0,23.0
2026-08-06,Nagy-Balti-öv,dél,Teherhajó,311818000,2.6,82.0,11.0
2026-08-06,Nagy-Balti-öv,észak,Teherhajó,314149000,7.0,108.0,18.0
2026-08-06,Nagy-Balti-öv,észak,Teherhajó,352003954,14.6,223.0,32.0
2026-08-06,Nagy-Balti-öv,észak,Teherhajó,352005176,14.2,225.0,32.0
2026-08-06,Nagy-Balti-öv,észak,Teherhajó,354214000,10.8,190.0,32.0
2026-08-06,Nagy-Balti-öv,észak,Teherhajó,355077000,13.3,200.0,32.0
2026-08-06,Nagy-Balti-öv,észak,Teherhajó,357656000,6.2,186.0,28.0
2026-08-06,Nagy-Balti-öv,észak,Teherhajó,357787000,9.1,182.0,28.0
2026-08-06,Nagy-Balti-öv,dél,Teherhajó,373361000,12.9,199.0,32.0
2026-08-06,Nagy-Balti-öv,észak,Tanker,373638000,14.8,247.0,42.0
2026-08-06,Nagy-Balti-öv,észak,Tanker,461000252,15.0,244.0,42.0
2026-08-06,Nagy-Balti-öv,észak,Tanker,563186400,10.6,184.0,27.0
2026-08-06,Nagy-Balti-öv,dél,Teherhajó,563269800,7.1,199.0,32.0
2026-08-06,Nagy-Balti-öv,észak,Tanker,563318500,9.3,150.0,23.0
2026-08-06,Nagy-Balti-öv,dél,Teherhajó,566090000,9.7,163.0,26.0
2026-08-06,Nagy-Balti-öv,dél,Teherhajó,636016430,12.4,280.0,32.0
2026-08-06,Nagy-Balti-öv,észak,Teherhajó,636021767,14.5,229.0,38.0
2026-08-06,Nagy-Balti-öv,észak,Tanker,636024113,8.6,250.0,44.0
2026-08-06,Nagy-Balti-öv,észak,Teherhajó,667002345,10.4,172.0,32.0
2026-08-06,Øresund,dél,Tanker,209217000,6.7,104.0,17.0
2026-08-06,Øresund,dél,Teherhajó,209525000,6.3,90.0,13.0
2026-08-06,Øresund,észak,Teherhajó,209850000,6.1,140.0,22.0
2026-08-06,Øresund,észak,Teherhajó,210071000,4.5,89.0,12.0
2026-08-06,Øresund,észak,Teherhajó,211100000,3.8,81.0,11.0
2026-08-06,Øresund,észak,Teherhajó,215540000,6.8,118.0,15.0
2026-08-06,Øresund,észak,Tanker,219029722,6.5,147.0,22.0
2026-08-06,Øresund,dél,Teherhajó,219551000,6.1,196.0,30.0
2026-08-06,Øresund,dél,Teherhajó,229246000,5.4,95.0,13.0
2026-08-06,Øresund,dél,Teherhajó,231907000,5.4,89.0,13.0
2026-08-06,Øresund,észak,Teherhajó,244912000,7.6,205.0,26.0
2026-08-06,Øresund,észak,Teherhajó,246063000,5.9,90.0,15.0
2026-08-06,Øresund,észak,Teherhajó,246125000,4.0,89.0,14.0
2026-08-06,Øresund,dél,Teherhajó,246141000,4.5,100.0,17.0
2026-08-06,Øresund,észak,Tanker,246354000,5.5,100.0,16.0
2026-08-06,Øresund,észak,Teherhajó,246415000,4.9,88.0,14.0
2026-08-06,Øresund,észak,Tanker,246541000,5.1,116.0,15.0
2026-08-06,Øresund,észak,Teherhajó,250004612,6.3,87.0,15.0
2026-08-06,Øresund,dél,Teherhajó,255801940,6.4,134.0,22.0
2026-08-06,Øresund,észak,Teherhajó,255915683,5.8,89.0,12.0
2026-08-06,Øresund,dél,Teherhajó,255915928,6.1,177.0,28.0
2026-08-06,Øresund,dél,Teherhajó,256956000,5.3,101.0,15.0
2026-08-06,Øresund,dél,Teherhajó,257308000,5.7,93.0,15.0
2026-08-06,Øresund,észak,Tanker,257374000,6.3,140.0,22.0
2026-08-06,Øresund,észak,Teherhajó,257588000,5.1,122.0,20.0
2026-08-06,Øresund,észak,Tanker,257970000,6.3,147.0,22.0
2026-08-06,Øresund,dél,Teherhajó,258809000,6.4,90.0,14.0
2026-08-06,Øresund,észak,Teherhajó,258809000,6.4,90.0,14.0
2026-08-06,Øresund,észak,Teherhajó,265413000,6.7,170.0,24.0
2026-08-06,Øresund,észak,Teherhajó,273148810,4.8,95.0,13.0
2026-08-06,Øresund,dél,Teherhajó,273298160,6.1,138.0,21.0
2026-08-06,Øresund,dél,Teherhajó,304050000,3.9,89.0,12.0
2026-08-06,Øresund,dél,Teherhajó,305842000,4.2,126.0,15.0
2026-08-06,Øresund,észak,Teherhajó,308654000,6.7,148.0,25.0
2026-08-06,Øresund,észak,Teherhajó,311001793,5.4,88.0,13.0
2026-08-06,Øresund,észak,Teherhajó,311001808,4.7,82.0,11.0
2026-08-06,Øresund,dél,Teherhajó,314019000,4.6,83.0,11.0
2026-08-06,Øresund,dél,Teherhajó,370484000,7.1,225.0,33.0
2026-08-06,Øresund,dél,Teherhajó,372176000,5.3,160.0,26.0
2026-08-06,Øresund,észak,Tanker,538005799,5.1,100.0,17.0
2026-08-06,Øresund,észak,Teherhajó,538006108,7.0,229.0,32.0
2026-08-06,Øresund,dél,Teherhajó,538006903,6.0,178.0,28.0
2026-08-06,Øresund,dél,Teherhajó,538009008,6.9,225.0,32.0
2026-08-06,Øresund,dél,Tanker,538009926,6.9,180.0,29.0
2026-08-06,Øresund,észak,Tanker,538010878,6.8,179.0,30.0
2026-08-06,Øresund,észak,Tanker,563164700,7.3,180.0,29.0
2026-08-06,Øresund,észak,Tanker,636019177,6.8,146.0,24.0
2026-08-06,Øresund,dél,Teherhajó,636022724,6.7,139.0,21.0
2026-08-06,Øresund,dél,Teherhajó,636023944,9.0,172.0,28.0
2026-08-06,Øresund,észak,Teherhajó,636026417,7.6,141.0,23.0
2026-08-06,Øresund,dél,Teherhajó,636093385,7.5,229.0,32.0
2026-08-07,Nagy-Balti-öv,észak,Teherhajó,211686000,3.0,75.0,10.0
2026-08-07,Nagy-Balti-öv,észak,Teherhajó,212673000,5.2,89.0,14.0
2026-08-07,Nagy-Balti-öv,dél,Teherhajó,212797000,3.8,100.0,13.0
2026-08-07,Nagy-Balti-öv,dél,Tanker,219333000,9.9,206.0,32.0
2026-08-07,Nagy-Balti-öv,észak,Teherhajó,219543000,7.7,172.0,32.0
2026-08-07,Nagy-Balti-öv,észak,Tanker,220514000,5.4,106.0,16.0
2026-08-07,Nagy-Balti-öv,dél,Teherhajó,230643000,6.2,187.0,27.0
2026-08-07,Nagy-Balti-öv,észak,Tanker,241348000,12.1,250.0,44.0
2026-08-07,Nagy-Balti-öv,dél,Tanker,241875000,14.9,250.0,44.0
2026-08-07,Nagy-Balti-öv,dél,Teherhajó,244246000,3.2,81.0,12.0
2026-08-07,Nagy-Balti-öv,észak,Teherhajó,257064430,4.0,90.0,14.0
2026-08-07,Nagy-Balti-öv,dél,Tanker,257364000,5.2,92.0,14.0
2026-08-07,Nagy-Balti-öv,dél,Tanker,265072000,8.7,130.0,22.0
2026-08-07,Nagy-Balti-öv,dél,Tanker,266436000,5.9,100.0,18.0
2026-08-07,Nagy-Balti-öv,dél,Tanker,273120020,8.9,250.0,44.0
2026-08-07,Nagy-Balti-öv,észak,Tanker,273121220,15.4,244.0,42.0
2026-08-07,Nagy-Balti-öv,dél,Tanker,273127020,8.0,244.0,42.0
2026-08-07,Nagy-Balti-öv,dél,Tanker,273257120,4.8,96.0,15.0
2026-08-07,Nagy-Balti-öv,észak,Teherhajó,304274000,4.2,80.0,12.0
2026-08-07,Nagy-Balti-öv,dél,Teherhajó,311001021,8.2,145.0,22.0
2026-08-07,Nagy-Balti-öv,dél,Tanker,314001020,11.0,183.0,32.0
2026-08-07,Nagy-Balti-öv,észak,Teherhajó,314082000,10.3,190.0,28.0
2026-08-07,Nagy-Balti-öv,dél,Teherhajó,352001184,7.4,200.0,32.0
2026-08-07,Nagy-Balti-öv,észak,Teherhajó,352006698,6.9,134.0,22.0
2026-08-07,Nagy-Balti-öv,dél,Teherhajó,477552100,11.2,211.0,30.0
2026-08-07,Nagy-Balti-öv,dél,Tanker,538007403,9.0,160.0,26.0
2026-08-07,Nagy-Balti-öv,észak,Tanker,538008844,4.6,99.0,17.0
2026-08-07,Nagy-Balti-öv,dél,Tanker,538012483,8.6,250.0,44.0
2026-08-07,Nagy-Balti-öv,észak,Teherhajó,538090700,13.2,200.0,32.0
2026-08-07,Nagy-Balti-öv,dél,Teherhajó,563076300,12.1,292.0,32.0
2026-08-07,Nagy-Balti-öv,dél,Tanker,574005750,8.6,141.0,24.0
2026-08-07,Nagy-Balti-öv,dél,Tanker,613007420,9.0,274.0,48.0
2026-08-07,Nagy-Balti-öv,észak,Teherhajó,636017582,10.2,202.0,33.0
2026-08-07,Nagy-Balti-öv,dél,Teherhajó,636018491,10.6,179.0,27.0
2026-08-07,Nagy-Balti-öv,dél,Tanker,636020835,8.1,229.0,42.0
2026-08-07,Nagy-Balti-öv,dél,Teherhajó,636022780,11.6,200.0,32.0
2026-08-07,Nagy-Balti-öv,dél,Teherhajó,636023222,3.6,89.0,13.0
2026-08-07,Nagy-Balti-öv,észak,Teherhajó,636023986,10.8,180.0,30.0
2026-08-07,Nagy-Balti-öv,észak,Teherhajó,636024942,11.5,200.0,32.0
2026-08-07,Nagy-Balti-öv,dél,Tanker,636026391,11.0,183.0,27.0
2026-08-07,Øresund,dél,Teherhajó,209325000,3.3,88.0,13.0
2026-08-07,Øresund,észak,Teherhajó,209325000,3.3,88.0,13.0
2026-08-07,Øresund,dél,Teherhajó,211100000,2.3,81.0,11.0
2026-08-07,Øresund,észak,Teherhajó,211341960,4.8,149.0,28.0
2026-08-07,Øresund,dél,Teherhajó,218030270,3.1,83.0,12.0
2026-08-07,Øresund,észak,Teherhajó,218805000,3.4,90.0,15.0
2026-08-07,Øresund,észak,Tanker,219008000,6.9,147.0,22.0
2026-08-07,Øresund,észak,Teherhajó,220474000,5.2,77.0,14.0
2026-08-07,Øresund,észak,Teherhajó,230666000,4.8,90.0,14.0
2026-08-07,Øresund,dél,Teherhajó,231906000,4.0,89.0,13.0
2026-08-07,Øresund,dél,Teherhajó,244110824,5.6,98.0,13.0
2026-08-07,Øresund,dél,Teherhajó,244675000,5.3,97.0,14.0
2026-08-07,Øresund,észak,Teherhajó,244847000,5.6,89.0,12.0
2026-08-07,Øresund,észak,Teherhajó,246278000,6.8,121.0,21.0
2026-08-07,Øresund,dél,Teherhajó,255806119,3.3,100.0,12.0
2026-08-07,Øresund,dél,Teherhajó,255915634,4.4,99.0,16.0
2026-08-07,Øresund,észak,Teherhajó,255916028,7.6,120.0,16.0
2026-08-07,Øresund,dél,Tanker,256717000,5.2,90.0,15.0
2026-08-07,Øresund,dél,Teherhajó,257076220,3.8,89.0,13.0
2026-08-07,Øresund,dél,Teherhajó,257988000,7.3,119.0,17.0
2026-08-07,Øresund,dél,Tanker,265012140,5.1,100.0,19.0
2026-08-07,Øresund,dél,Tanker,266475000,7.2,120.0,17.0
2026-08-07,Øresund,észak,Teherhajó,273254830,6.8,134.0,18.0
2026-08-07,Øresund,dél,Teherhajó,275487000,3.3,63.0,11.0
2026-08-07,Øresund,észak,Teherhajó,304627000,6.0,94.0,13.0
2026-08-07,Øresund,dél,Teherhajó,305874000,7.3,108.0,18.0
2026-08-07,Øresund,észak,Teherhajó,311001803,5.0,88.0,13.0
2026-08-07,Øresund,dél,Teherhajó,351639000,7.8,172.0,28.0
2026-08-07,Øresund,észak,Teherhajó,351639000,7.8,172.0,28.0
2026-08-07,Øresund,dél,Teherhajó,352003701,7.1,229.0,37.0
2026-08-07,Øresund,dél,Teherhajó,352003755,6.7,190.0,32.0
2026-08-07,Øresund,dél,Teherhajó,477826500,7.3,229.0,32.0
2026-08-07,Øresund,dél,Teherhajó,538002117,7.5,224.0,32.0
2026-08-07,Øresund,dél,Teherhajó,636022047,8.9,161.0,25.0
2026-08-07,Øresund,dél,Teherhajó,636022637,7.1,199.0,32.0
2026-08-07,Øresund,dél,Tanker,636024262,7.2,183.0,32.0
2026-08-07,Øresund,dél,Teherhajó,636024757,7.2,200.0,32.0
2026-08-08,Nagy-Balti-öv,észak,Teherhajó,209239000,5.3,87.0,13.0
2026-08-08,Nagy-Balti-öv,észak,Teherhajó,210549000,5.2,90.0,14.0
2026-08-08,Nagy-Balti-öv,dél,Teherhajó,211141000,8.7,134.0,23.0
2026-08-08,Nagy-Balti-öv,dél,Teherhajó,212503000,5.4,88.0,13.0
2026-08-08,Nagy-Balti-öv,észak,Tanker,215760000,7.9,129.0,21.0
2026-08-08,Nagy-Balti-öv,dél,Teherhajó,219136000,8.9,200.0,36.0
2026-08-08,Nagy-Balti-öv,észak,Teherhajó,229659000,9.4,190.0,24.0
2026-08-08,Nagy-Balti-öv,dél,Tanker,230687000,14.5,250.0,44.0
2026-08-08,Nagy-Balti-öv,észak,Tanker,230688000,8.9,250.0,44.0
2026-08-08,Nagy-Balti-öv,dél,Tanker,236112740,8.6,148.0,23.0
2026-08-08,Nagy-Balti-öv,észak,Teherhajó,246265000,10.1,159.0,26.0
2026-08-08,Nagy-Balti-öv,dél,Teherhajó,246602000,7.1,128.0,15.0
2026-08-08,Nagy-Balti-öv,észak,Teherhajó,249647000,10.0,179.0,30.0
2026-08-08,Nagy-Balti-öv,észak,Teherhajó,250002903,10.2,182.0,30.0
2026-08-08,Nagy-Balti-öv,észak,Teherhajó,255806081,9.0,179.0,27.0
2026-08-08,Nagy-Balti-öv,észak,Teherhajó,255806267,7.3,141.0,23.0
2026-08-08,Nagy-Balti-öv,dél,Teherhajó,255806451,7.9,158.0,24.0
2026-08-08,Nagy-Balti-öv,dél,Teherhajó,255915748,5.0,89.0,12.0
2026-08-08,Nagy-Balti-öv,dél,Teherhajó,255916047,8.3,106.0,18.0
2026-08-08,Nagy-Balti-öv,észak,Teherhajó,256696000,10.2,190.0,32.0
2026-08-08,Nagy-Balti-öv,dél,Teherhajó,256800000,8.0,205.0,30.0
2026-08-08,Nagy-Balti-öv,dél,Tanker,257895000,13.2,276.0,46.0
2026-08-08,Nagy-Balti-öv,dél,Tanker,257980000,14.1,276.0,46.0
2026-08-08,Nagy-Balti-öv,észak,Teherhajó,258656000,3.8,94.0,15.0
2026-08-08,Nagy-Balti-öv,dél,Teherhajó,259179000,5.3,87.0,13.0
2026-08-08,Nagy-Balti-öv,észak,Tanker,265610040,3.4,80.0,14.0
2026-08-08,Nagy-Balti-öv,észak,Tanker,266220000,8.0,130.0,20.0
2026-08-08,Nagy-Balti-öv,észak,Tanker,266436000,5.6,100.0,18.0
2026-08-08,Nagy-Balti-öv,észak,Tanker,273276930,12.0,183.0,32.0
2026-08-08,Nagy-Balti-öv,észak,Teherhajó,304717000,3.3,88.0,12.0
2026-08-08,Nagy-Balti-öv,észak,Teherhajó,305083300,7.9,151.0,21.0
2026-08-08,Nagy-Balti-öv,dél,Teherhajó,305190000,5.1,86.0,13.0
2026-08-08,Nagy-Balti-öv,észak,Teherhajó,305531000,6.2,115.0,15.0
2026-08-08,Nagy-Balti-öv,észak,Teherhajó,305764000,5.3,88.0,12.0
2026-08-08,Nagy-Balti-öv,dél,Teherhajó,311001844,9.2,172.0,27.0
2026-08-08,Nagy-Balti-öv,észak,Tanker,311027400,9.2,248.0,44.0
2026-08-08,Nagy-Balti-öv,észak,Teherhajó,311053300,7.3,229.0,32.0
2026-08-08,Nagy-Balti-öv,észak,Teherhajó,311818000,4.1,82.0,11.0
2026-08-08,Nagy-Balti-öv,dél,Tanker,314001147,9.0,273.0,48.0
2026-08-08,Nagy-Balti-öv,észak,Teherhajó,314537000,5.6,169.0,27.0
2026-08-08,Nagy-Balti-öv,észak,Teherhajó,352002826,10.4,181.0,30.0
2026-08-08,Nagy-Balti-öv,észak,Tanker,352005425,13.2,246.0,42.0
2026-08-08,Nagy-Balti-öv,észak,Teherhajó,370314000,8.0,119.0,21.0
2026-08-08,Nagy-Balti-öv,észak,Tanker,373834000,14.7,274.0,48.0
2026-08-08,Nagy-Balti-öv,észak,Tanker,461000370,14.8,241.0,42.0
2026-08-08,Nagy-Balti-öv,dél,Tanker,538008844,5.5,99.0,17.0
2026-08-08,Nagy-Balti-öv,észak,Teherhajó,538009529,9.1,175.0,29.0
2026-08-08,Nagy-Balti-öv,észak,Tanker,538010363,9.0,250.0,44.0
2026-08-08,Nagy-Balti-öv,észak,Tanker,538010412,11.8,228.0,32.0
2026-08-08,Nagy-Balti-öv,észak,Teherhajó,538011733,14.3,225.0,32.0
2026-08-08,Nagy-Balti-öv,dél,Teherhajó,538090735,8.3,197.0,32.0
2026-08-08,Nagy-Balti-öv,észak,Tanker,563003300,8.2,250.0,44.0
2026-08-08,Nagy-Balti-öv,dél,Tanker,563173900,12.0,250.0,44.0
2026-08-08,Nagy-Balti-öv,dél,Teherhajó,563178700,7.7,215.0,37.0
2026-08-08,Nagy-Balti-öv,dél,Tanker,631010110,8.0,250.0,44.0
2026-08-08,Nagy-Balti-öv,észak,Tanker,631010130,14.4,249.0,44.0
2026-08-08,Nagy-Balti-öv,észak,Teherhajó,636016600,13.6,200.0,32.0
2026-08-08,Nagy-Balti-öv,észak,Tanker,636017774,14.7,274.0,48.0
2026-08-08,Nagy-Balti-öv,észak,Tanker,636019153,14.5,250.0,44.0
2026-08-08,Nagy-Balti-öv,észak,Tanker,636020805,8.6,250.0,44.0
2026-08-08,Nagy-Balti-öv,észak,Tanker,636026649,15.0,256.0,43.0
2026-08-08,Nagy-Balti-öv,észak,Teherhajó,636093159,10.4,222.0,30.0
2026-08-08,Nagy-Balti-öv,észak,Tanker,667002360,14.9,244.0,42.0
2026-08-08,Øresund,dél,Teherhajó,209535000,5.8,90.0,13.0
2026-08-08,Øresund,dél,Teherhajó,209823000,3.7,92.0,15.0
2026-08-08,Øresund,észak,Teherhajó,211141000,8.7,134.0,23.0
2026-08-08,Øresund,dél,Teherhajó,211265530,5.5,100.0,19.0
2026-08-08,Øresund,dél,Teherhajó,212385000,5.9,99.0,14.0
2026-08-08,Øresund,dél,Teherhajó,212673000,3.6,89.0,14.0
2026-08-08,Øresund,dél,Teherhajó,212853000,5.2,88.0,13.0
2026-08-08,Øresund,észak,Tanker,215064000,5.1,88.0,15.0
2026-08-08,Øresund,dél,Teherhajó,215280000,7.3,229.0,32.0
2026-08-08,Øresund,észak,Teherhajó,230352000,7.2,120.0,18.0
2026-08-08,Øresund,észak,Teherhajó,230700000,7.2,238.0,35.0
2026-08-08,Øresund,észak,Teherhajó,231920000,5.2,89.0,13.0
2026-08-08,Øresund,észak,Teherhajó,231921000,6.4,90.0,16.0
2026-08-08,Øresund,észak,Teherhajó,232018267,5.9,90.0,15.0
2026-08-08,Øresund,észak,Teherhajó,236111603,4.0,86.0,12.0
2026-08-08,Øresund,észak,Teherhajó,236306000,5.4,90.0,14.0
2026-08-08,Øresund,dél,Tanker,236668000,5.7,90.0,14.0
2026-08-08,Øresund,dél,Teherhajó,244632000,5.2,132.0,16.0
2026-08-08,Øresund,észak,Tanker,244790523,6.6,100.0,17.0
2026-08-08,Øresund,dél,Teherhajó,245147000,3.4,119.0,14.0
2026-08-08,Øresund,észak,Teherhajó,245697000,5.9,162.0,26.0
2026-08-08,Øresund,dél,Tanker,246354000,6.5,100.0,16.0
2026-08-08,Øresund,észak,Teherhajó,246498000,3.7,91.0,14.0
2026-08-08,Øresund,dél,Teherhajó,246594000,4.2,82.0,12.0
2026-08-08,Øresund,dél,Tanker,248884000,6.9,253.0,44.0
2026-08-08,Øresund,dél,Teherhajó,255739000,7.2,169.0,28.0
2026-08-08,Øresund,észak,Teherhajó,255739000,7.2,169.0,28.0
2026-08-08,Øresund,észak,Teherhajó,255805577,6.9,140.0,23.0
2026-08-08,Øresund,dél,Teherhajó,255806254,7.2,229.0,32.0
2026-08-08,Øresund,észak,Teherhajó,255806465,3.0,88.0,12.0
2026-08-08,Øresund,észak,Teherhajó,255915627,6.0,99.0,16.0
2026-08-08,Øresund,dél,Teherhajó,255916099,3.2,89.0,12.0
2026-08-08,Øresund,észak,Teherhajó,255916550,5.4,89.0,16.0
2026-08-08,Øresund,dél,Tanker,257086660,5.7,100.0,17.0
2026-08-08,Øresund,észak,Tanker,257136000,6.8,101.0,18.0
2026-08-08,Øresund,észak,Teherhajó,257415000,6.4,87.0,15.0
2026-08-08,Øresund,dél,Tanker,257601000,5.2,100.0,17.0
2026-08-08,Øresund,dél,Teherhajó,258006930,5.0,101.0,17.0
2026-08-08,Øresund,dél,Teherhajó,258009780,4.3,88.0,12.0
2026-08-08,Øresund,észak,Teherhajó,259017000,4.6,90.0,14.0
2026-08-08,Øresund,észak,Tanker,265012140,5.2,100.0,19.0
2026-08-08,Øresund,észak,Teherhajó,275545000,4.7,100.0,16.0
2026-08-08,Øresund,észak,Teherhajó,275546000,5.7,90.0,13.0
2026-08-08,Øresund,észak,Teherhajó,304145000,6.0,90.0,14.0
2026-08-08,Øresund,észak,Teherhajó,305821000,5.9,95.0,14.0
2026-08-08,Øresund,észak,Teherhajó,308803000,6.7,148.0,25.0
2026-08-08,Øresund,dél,Tanker,311001726,7.4,189.0,32.0
2026-08-08,Øresund,észak,Teherhajó,314207000,4.9,90.0,16.0
2026-08-08,Øresund,dél,Teherhajó,314631000,4.5,88.0,13.0
2026-08-08,Øresund,dél,Tanker,319301000,5.1,96.0,16.0
2026-08-08,Øresund,észak,Teherhajó,341299002,5.9,92.0,14.0
2026-08-08,Øresund,dél,Teherhajó,352001801,7.0,225.0,32.0
2026-08-08,Øresund,dél,Teherhajó,357501000,7.2,225.0,32.0
2026-08-08,Øresund,dél,Teherhajó,414637000,7.2,229.0,38.0
2026-08-08,Øresund,dél,Teherhajó,538010510,5.8,179.0,28.0
2026-08-08,Øresund,észak,Teherhajó,636022047,9.3,161.0,25.0
2026-08-08,Øresund,dél,Teherhajó,636022353,6.4,190.0,32.0
2026-08-08,Øresund,dél,Teherhajó,636093238,6.7,179.0,32.0
2026-08-08,Øresund,dél,Teherhajó,636093394,7.5,229.0,32.0
2026-08-09,Nagy-Balti-öv,dél,Teherhajó,209536000,6.1,90.0,13.0
2026-08-09,Nagy-Balti-öv,észak,Teherhajó,212357000,9.9,184.0,25.0
2026-08-09,Nagy-Balti-öv,dél,Teherhajó,219018865,2.0,34.0,7.0
2026-08-09,Nagy-Balti-öv,észak,Teherhajó,219115000,12.1,200.0,36.0
2026-08-09,Nagy-Balti-öv,dél,Tanker,219309000,12.1,187.0,28.0
2026-08-09,Nagy-Balti-öv,dél,Teherhajó,229439000,11.2,190.0,32.0
2026-08-09,Nagy-Balti-öv,észak,Teherhajó,230642000,6.4,187.0,27.0
2026-08-09,Nagy-Balti-öv,észak,Tanker,230707000,9.5,150.0,23.0
2026-08-09,Nagy-Balti-öv,dél,Tanker,241809000,13.9,330.0,60.0
2026-08-09,Nagy-Balti-öv,dél,Tanker,244090097,7.5,164.0,25.0
2026-08-09,Nagy-Balti-öv,dél,Teherhajó,244160000,7.8,168.0,25.0
2026-08-09,Nagy-Balti-öv,észak,Teherhajó,245315000,8.1,135.0,17.0
2026-08-09,Nagy-Balti-öv,észak,Teherhajó,245952000,8.1,138.0,16.0
2026-08-09,Nagy-Balti-öv,észak,Tanker,249007000,14.2,250.0,44.0
2026-08-09,Nagy-Balti-öv,dél,Teherhajó,249934000,5.6,88.0,13.0
2026-08-09,Nagy-Balti-öv,dél,Teherhajó,255806257,10.8,179.0,28.0
2026-08-09,Nagy-Balti-öv,dél,Tanker,256346000,8.3,243.0,42.0
2026-08-09,Nagy-Balti-öv,észak,Teherhajó,257113350,10.0,143.0,23.0
2026-08-09,Nagy-Balti-öv,dél,Teherhajó,257207000,6.5,90.0,14.0
2026-08-09,Nagy-Balti-öv,észak,Teherhajó,257207000,6.5,90.0,14.0
2026-08-09,Nagy-Balti-öv,dél,Teherhajó,258114000,6.7,90.0,16.0
2026-08-09,Nagy-Balti-öv,észak,Teherhajó,258964000,10.7,198.0,31.0
2026-08-09,Nagy-Balti-öv,dél,Teherhajó,265022000,7.3,242.0,36.0
2026-08-09,Nagy-Balti-öv,észak,Tanker,273127520,14.9,244.0,42.0
2026-08-09,Nagy-Balti-öv,észak,Tanker,273128320,15.0,243.0,42.0
2026-08-09,Nagy-Balti-öv,dél,Tanker,273251530,9.1,249.0,44.0
2026-08-09,Nagy-Balti-öv,dél,Tanker,273272460,8.2,250.0,44.0
2026-08-09,Nagy-Balti-öv,dél,Teherhajó,305036000,8.2,132.0,16.0
2026-08-09,Nagy-Balti-öv,észak,Teherhajó,305322000,5.5,88.0,13.0
2026-08-09,Nagy-Balti-öv,észak,Teherhajó,305978000,7.5,158.0,23.0
2026-08-09,Nagy-Balti-öv,észak,Tanker,309518000,8.5,241.0,42.0
2026-08-09,Nagy-Balti-öv,dél,Teherhajó,309841000,8.3,150.0,22.0
2026-08-09,Nagy-Balti-öv,dél,Tanker,314191000,9.0,273.0,48.0
2026-08-09,Nagy-Balti-öv,dél,Tanker,352005486,8.7,244.0,42.0
2026-08-09,Nagy-Balti-öv,dél,Teherhajó,354537000,12.1,237.0,32.0
2026-08-09,Nagy-Balti-öv,észak,Teherhajó,374226000,10.9,199.0,32.0
2026-08-09,Nagy-Balti-öv,dél,Tanker,538006497,6.2,101.0,18.0
2026-08-09,Nagy-Balti-öv,észak,Teherhajó,538008756,10.0,260.0,32.0
2026-08-09,Nagy-Balti-öv,észak,Teherhajó,538009038,12.6,229.0,32.0
2026-08-09,Nagy-Balti-öv,dél,Tanker,538009199,15.0,250.0,44.0
2026-08-09,Nagy-Balti-öv,dél,Tanker,538010809,10.6,180.0,30.0
2026-08-09,Nagy-Balti-öv,észak,Teherhajó,538011571,12.4,190.0,32.0
2026-08-09,Nagy-Balti-öv,dél,Teherhajó,538013033,6.5,178.0,29.0
2026-08-09,Nagy-Balti-öv,észak,Teherhajó,563078800,14.4,253.0,43.0
2026-08-09,Nagy-Balti-öv,dél,Teherhajó,563174500,8.3,229.0,32.0
2026-08-09,Nagy-Balti-öv,dél,Tanker,563214300,11.5,183.0,32.0
2026-08-09,Nagy-Balti-öv,dél,Tanker,636017416,9.3,160.0,26.0
2026-08-09,Nagy-Balti-öv,észak,Teherhajó,636020765,13.2,200.0,32.0
2026-08-09,Nagy-Balti-öv,dél,Teherhajó,636021202,10.3,233.0,32.0
2026-08-09,Nagy-Balti-öv,észak,Teherhajó,636021908,10.3,170.0,27.0
2026-08-09,Nagy-Balti-öv,dél,Teherhajó,636022520,8.8,289.0,45.0
2026-08-09,Nagy-Balti-öv,észak,Teherhajó,636023222,5.4,89.0,13.0
2026-08-09,Nagy-Balti-öv,dél,Tanker,636023947,12.6,250.0,44.0
2026-08-09,Nagy-Balti-öv,dél,Tanker,667001624,10.1,272.0,46.0
2026-08-09,Øresund,észak,Teherhajó,209014000,4.4,88.0,12.0
2026-08-09,Øresund,dél,Teherhajó,210238000,6.5,197.0,33.0
2026-08-09,Øresund,dél,Teherhajó,210525000,5.5,88.0,13.0
2026-08-09,Øresund,dél,Teherhajó,210549000,3.7,90.0,14.0
2026-08-09,Øresund,észak,Teherhajó,210552000,5.4,88.0,13.0
2026-08-09,Øresund,észak,Teherhajó,211100000,3.8,81.0,11.0
2026-08-09,Øresund,dél,Teherhajó,212366000,6.9,182.0,30.0
2026-08-09,Øresund,észak,Teherhajó,212673000,6.1,89.0,14.0
2026-08-09,Øresund,dél,Teherhajó,219164000,7.3,86.0,14.0
2026-08-09,Øresund,dél,Teherhajó,220474000,6.2,77.0,14.0
2026-08-09,Øresund,dél,Teherhajó,230696000,6.8,122.0,21.0
2026-08-09,Øresund,dél,Teherhajó,230709000,5.4,88.0,14.0
2026-08-09,Øresund,észak,Teherhajó,231873000,7.2,100.0,14.0
2026-08-09,Øresund,dél,Teherhajó,231915000,5.3,90.0,13.0
2026-08-09,Øresund,észak,Tanker,235087256,5.2,100.0,17.0
2026-08-09,Øresund,dél,Teherhajó,236701000,7.5,100.0,17.0
2026-08-09,Øresund,dél,Teherhajó,244615929,5.5,140.0,24.0
2026-08-09,Øresund,észak,Teherhajó,244780424,6.1,118.0,13.0
2026-08-09,Øresund,dél,Teherhajó,245097000,7.3,205.0,26.0
2026-08-09,Øresund,észak,Teherhajó,245306000,6.0,90.0,14.0
2026-08-09,Øresund,észak,Tanker,245313000,6.9,115.0,16.0
2026-08-09,Øresund,észak,Teherhajó,246521000,7.5,205.0,26.0
2026-08-09,Øresund,dél,Teherhajó,255805842,7.1,141.0,22.0
2026-08-09,Øresund,dél,Teherhajó,255806267,7.3,141.0,23.0
2026-08-09,Øresund,észak,Tanker,256717000,5.7,90.0,15.0
2026-08-09,Øresund,dél,Teherhajó,257076850,5.2,82.0,12.0
2026-08-09,Øresund,észak,Tanker,257086660,5.1,100.0,17.0
2026-08-09,Øresund,észak,Teherhajó,257943000,5.2,88.0,13.0
2026-08-09,Øresund,dél,Teherhajó,258227000,6.1,87.0,15.0
2026-08-09,Øresund,dél,Teherhajó,259020000,7.6,124.0,17.0
2026-08-09,Øresund,észak,Teherhajó,259143000,6.1,119.0,16.0
2026-08-09,Øresund,észak,Tanker,265062000,6.2,149.0,23.0
2026-08-09,Øresund,dél,Tanker,265610040,5.8,80.0,14.0
2026-08-09,Øresund,észak,Teherhajó,268246900,5.4,88.0,12.0
2026-08-09,Øresund,dél,Teherhajó,273379740,7.2,134.0,18.0
2026-08-09,Øresund,dél,Teherhajó,275535000,6.1,134.0,20.0
2026-08-09,Øresund,észak,Teherhajó,304244000,3.8,88.0,12.0
2026-08-09,Øresund,dél,Teherhajó,304491000,6.1,89.0,14.0
2026-08-09,Øresund,dél,Teherhajó,305412000,6.5,129.0,20.0
2026-08-09,Øresund,észak,Teherhajó,305412000,6.5,129.0,20.0
2026-08-09,Øresund,észak,Teherhajó,305466000,4.5,90.0,15.0
2026-08-09,Øresund,dél,Teherhajó,305511000,3.6,99.0,14.0
2026-08-09,Øresund,észak,Teherhajó,311001226,5.4,134.0,16.0
2026-08-09,Øresund,észak,Teherhajó,311001826,3.5,74.0,10.0
2026-08-09,Øresund,dél,Teherhajó,311995000,7.5,148.0,25.0
2026-08-09,Øresund,dél,Teherhajó,371950000,3.2,89.0,13.0
2026-08-09,Øresund,dél,Teherhajó,538006206,6.0,180.0,28.0
2026-08-09,Øresund,észak,Tanker,538006310,4.3,95.0,16.0
2026-08-09,Øresund,észak,Tanker,538007403,7.0,160.0,26.0
2026-08-09,Øresund,dél,Teherhajó,538008114,5.0,170.0,28.0
2026-08-09,Øresund,észak,Tanker,538010133,7.2,183.0,32.0
2026-08-09,Øresund,dél,Tanker,636022158,7.7,183.0,32.0
2026-08-09,Øresund,dél,Tanker,636026410,7.2,274.0,48.0
2026-08-09,Øresund,dél,Teherhajó,636093200,6.4,180.0,30.0
2026-08-10,Nagy-Balti-öv,észak,Teherhajó,209332000,4.3,90.0,12.0
2026-08-10,Nagy-Balti-öv,észak,Teherhajó,209536000,3.8,90.0,13.0
2026-08-10,Nagy-Balti-öv,észak,Teherhajó,210028000,9.3,170.0,27.0
2026-08-10,Nagy-Balti-öv,dél,Teherhajó,210704000,4.3,90.0,13.0
2026-08-10,Nagy-Balti-öv,dél,Teherhajó,211100000,2.7,81.0,11.0
2026-08-10,Nagy-Balti-öv,észak,Teherhajó,211870240,8.7,159.0,22.0
2026-08-10,Nagy-Balti-öv,dél,Teherhajó,212811000,7.3,100.0,16.0
2026-08-10,Nagy-Balti-öv,észak,Teherhajó,212811000,7.3,100.0,16.0
2026-08-10,Nagy-Balti-öv,dél,Tanker,215760000,6.2,129.0,21.0
2026-08-10,Nagy-Balti-öv,dél,Tanker,219008000,9.0,147.0,22.0
2026-08-10,Nagy-Balti-öv,dél,Tanker,219814000,8.5,147.0,22.0
2026-08-10,Nagy-Balti-öv,dél,Teherhajó,228397700,11.9,400.0,62.0
2026-08-10,Nagy-Balti-öv,dél,Teherhajó,231908000,4.3,86.0,12.0
2026-08-10,Nagy-Balti-öv,észak,Teherhajó,244693000,8.9,143.0,22.0
2026-08-10,Nagy-Balti-öv,dél,Teherhajó,244850116,3.3,88.0,14.0
2026-08-10,Nagy-Balti-öv,dél,Teherhajó,245050000,5.7,88.0,12.0
2026-08-10,Nagy-Balti-öv,dél,Tanker,246553000,6.5,104.0,16.0
2026-08-10,Nagy-Balti-öv,észak,Teherhajó,249517000,10.9,185.0,31.0
2026-08-10,Nagy-Balti-öv,észak,Tanker,249987000,9.2,250.0,44.0
2026-08-10,Nagy-Balti-öv,észak,Teherhajó,255915581,5.2,89.0,12.0
2026-08-10,Nagy-Balti-öv,észak,Teherhajó,255915585,3.9,89.0,12.0
2026-08-10,Nagy-Balti-öv,észak,Teherhajó,255916314,7.3,148.0,27.0
2026-08-10,Nagy-Balti-öv,észak,Teherhajó,258009780,3.8,88.0,12.0
2026-08-10,Nagy-Balti-öv,észak,Tanker,258050000,10.0,146.0,24.0
2026-08-10,Nagy-Balti-öv,észak,Teherhajó,258114000,3.6,90.0,16.0
2026-08-10,Nagy-Balti-öv,észak,Teherhajó,265039000,7.3,242.0,36.0
2026-08-10,Nagy-Balti-öv,dél,Teherhajó,271000973,9.9,160.0,24.0
2026-08-10,Nagy-Balti-öv,észak,Teherhajó,271051905,12.1,190.0,32.0
2026-08-10,Nagy-Balti-öv,dél,Tanker,273254770,10.3,170.0,24.0
2026-08-10,Nagy-Balti-öv,észak,Tanker,304201000,12.0,180.0,32.0
2026-08-10,Nagy-Balti-öv,dél,Teherhajó,305425000,10.4,176.0,26.0
2026-08-10,Nagy-Balti-öv,dél,Teherhajó,352005801,10.0,190.0,30.0
2026-08-10,Nagy-Balti-öv,dél,Tanker,352978181,8.2,243.0,42.0
2026-08-10,Nagy-Balti-öv,észak,Teherhajó,370410000,13.1,229.0,37.0
2026-08-10,Nagy-Balti-öv,észak,Teherhajó,477895400,12.6,399.0,61.0
2026-08-10,Nagy-Balti-öv,dél,Teherhajó,538004060,6.3,190.0,24.0
2026-08-10,Nagy-Balti-öv,dél,Teherhajó,538005261,9.3,180.0,30.0
2026-08-10,Nagy-Balti-öv,észak,Teherhajó,538005936,9.9,169.0,27.0
2026-08-10,Nagy-Balti-öv,dél,Tanker,538007337,15.0,252.0,44.0
2026-08-10,Nagy-Balti-öv,dél,Teherhajó,538008298,7.3,225.0,48.0
2026-08-10,Nagy-Balti-öv,dél,Tanker,563065100,8.0,181.0,32.0
2026-08-10,Nagy-Balti-öv,dél,Teherhajó,636014740,10.6,222.0,30.0
2026-08-10,Nagy-Balti-öv,dél,Tanker,636020078,11.4,299.0,46.0
2026-08-10,Nagy-Balti-öv,dél,Teherhajó,636020117,12.4,190.0,33.0
2026-08-10,Nagy-Balti-öv,észak,Teherhajó,636022519,14.7,289.0,45.0
2026-08-10,Nagy-Balti-öv,észak,Tanker,667001237,15.0,240.0,42.0
2026-08-10,Øresund,dél,Teherhajó,209114000,2.6,89.0,12.0
2026-08-10,Øresund,észak,Teherhajó,209535000,3.9,90.0,13.0
2026-08-10,Øresund,észak,Teherhajó,209652000,7.4,229.0,32.0
2026-08-10,Øresund,dél,Teherhajó,212530000,6.5,90.0,15.0
2026-08-10,Øresund,észak,Tanker,220018000,3.8,78.0,13.0
2026-08-10,Øresund,dél,Teherhajó,230042000,5.0,134.0,20.0
2026-08-10,Øresund,dél,Teherhajó,230666000,4.4,90.0,14.0
2026-08-10,Øresund,dél,Teherhajó,230694000,7.0,238.0,35.0
2026-08-10,Øresund,észak,Teherhajó,230717000,7.2,119.0,17.0
2026-08-10,Øresund,észak,Teherhajó,231898000,6.3,89.0,13.0
2026-08-10,Øresund,dél,Tanker,244335000,6.9,115.0,16.0
2026-08-10,Øresund,észak,Tanker,244335000,6.9,115.0,16.0
2026-08-10,Øresund,dél,Teherhajó,244978000,4.9,88.0,13.0
2026-08-10,Øresund,dél,Tanker,244994000,5.0,108.0,17.0
2026-08-10,Øresund,dél,Teherhajó,246415000,3.3,88.0,14.0
2026-08-10,Øresund,dél,Tanker,255802940,6.1,88.0,15.0
2026-08-10,Øresund,észak,Teherhajó,255805887,4.7,89.0,16.0
2026-08-10,Øresund,dél,Teherhajó,255805906,5.7,139.0,20.0
2026-08-10,Øresund,észak,Teherhajó,255805993,5.2,88.0,12.0
2026-08-10,Øresund,észak,Teherhajó,255806267,6.8,141.0,23.0
2026-08-10,Øresund,dél,Teherhajó,255806433,3.9,130.0,25.0
2026-08-10,Øresund,dél,Tanker,255984000,6.5,109.0,21.0
2026-08-10,Øresund,észak,Teherhajó,257036300,6.4,106.0,14.0
2026-08-10,Øresund,észak,Teherhajó,257076850,4.9,82.0,12.0
2026-08-10,Øresund,dél,Teherhajó,258809000,6.4,90.0,14.0
2026-08-10,Øresund,észak,Teherhajó,258809000,6.4,90.0,14.0
2026-08-10,Øresund,dél,Tanker,265056000,4.2,67.0,12.0
2026-08-10,Øresund,észak,Tanker,266266000,5.4,130.0,20.0
2026-08-10,Øresund,észak,Teherhajó,275535000,5.9,134.0,20.0
2026-08-10,Øresund,észak,Teherhajó,305175000,5.9,119.0,14.0
2026-08-10,Øresund,dél,Teherhajó,305919000,5.5,89.0,12.0
2026-08-10,Øresund,dél,Teherhajó,305978000,7.5,158.0,23.0
2026-08-10,Øresund,észak,Teherhajó,305978000,7.5,158.0,23.0
2026-08-10,Øresund,észak,Teherhajó,311001027,7.5,155.0,23.0
2026-08-10,Øresund,dél,Teherhajó,311001924,7.0,229.0,32.0
2026-08-10,Øresund,dél,Teherhajó,314584000,4.8,90.0,12.0
2026-08-10,Øresund,dél,Teherhajó,314811000,4.2,104.0,17.0
2026-08-10,Øresund,dél,Teherhajó,353083000,7.0,140.0,22.0
2026-08-10,Øresund,dél,Teherhajó,372781000,6.7,192.0,32.0
2026-08-10,Øresund,dél,Teherhajó,511101985,6.0,90.0,13.0
2026-08-10,Øresund,dél,Tanker,538005301,7.5,230.0,32.0
2026-08-10,Øresund,dél,Teherhajó,538009904,5.9,181.0,30.0
2026-08-10,Øresund,dél,Tanker,538012718,6.8,244.0,42.0
2026-08-10,Øresund,dél,Tanker,563090100,5.5,99.0,17.0
2026-08-10,Øresund,dél,Teherhajó,572728220,6.6,133.0,19.0
2026-08-10,Øresund,észak,Tanker,574005750,6.0,141.0,24.0
2026-08-10,Øresund,dél,Teherhajó,636021871,5.0,148.0,23.0
2026-08-10,Øresund,észak,Tanker,636026391,7.0,183.0,27.0
2026-08-11,Nagy-Balti-öv,dél,Teherhajó,210552000,3.7,88.0,13.0
2026-08-11,Nagy-Balti-öv,dél,Tanker,210665000,6.8,153.0,20.0
2026-08-11,Nagy-Balti-öv,észak,Teherhajó,211100000,3.8,81.0,11.0
2026-08-11,Nagy-Balti-öv,dél,Teherhajó,211341960,4.8,149.0,28.0
2026-08-11,Nagy-Balti-öv,dél,Teherhajó,218805000,3.4,90.0,15.0
2026-08-11,Nagy-Balti-öv,észak,Teherhajó,219018865,2.0,34.0,7.0
2026-08-11,Nagy-Balti-öv,észak,Tanker,219333000,8.0,206.0,32.0
2026-08-11,Nagy-Balti-öv,észak,Teherhajó,219699000,7.6,90.0,23.0
2026-08-11,Nagy-Balti-öv,dél,Teherhajó,229648000,12.2,255.0,37.0
2026-08-11,Nagy-Balti-öv,észak,Teherhajó,230091950,4.4,83.0,13.0
2026-08-11,Nagy-Balti-öv,dél,Teherhajó,230642000,5.9,187.0,27.0
2026-08-11,Nagy-Balti-öv,dél,Teherhajó,230683000,10.0,160.0,26.0
2026-08-11,Nagy-Balti-öv,észak,Tanker,230689000,9.7,156.0,24.0
2026-08-11,Nagy-Balti-öv,észak,Teherhajó,231906000,5.4,89.0,13.0
2026-08-11,Nagy-Balti-öv,észak,Tanker,240221000,15.0,274.0,47.0
2026-08-11,Nagy-Balti-öv,észak,Tanker,241866000,9.0,250.0,44.0
2026-08-11,Nagy-Balti-öv,észak,Tanker,241875000,9.1,250.0,44.0
2026-08-11,Nagy-Balti-öv,észak,Teherhajó,246100000,9.6,185.0,25.0
2026-08-11,Nagy-Balti-öv,észak,Tanker,248022000,8.9,250.0,44.0
2026-08-11,Nagy-Balti-öv,dél,Tanker,248080000,6.1,107.0,16.0
2026-08-11,Nagy-Balti-öv,dél,Teherhajó,255806513,7.9,168.0,25.0
2026-08-11,Nagy-Balti-öv,észak,Teherhajó,266247000,6.7,512.0,26.0
2026-08-11,Nagy-Balti-öv,dél,Tanker,266436000,5.9,100.0,18.0
2026-08-11,Nagy-Balti-öv,észak,Tanker,266466000,5.8,129.0,20.0
2026-08-11,Nagy-Balti-öv,dél,Tanker,273123220,8.2,245.0,42.0
2026-08-11,Nagy-Balti-öv,dél,Teherhajó,275546000,4.1,90.0,13.0
2026-08-11,Nagy-Balti-öv,dél,Tanker,304070000,8.4,145.0,23.0
2026-08-11,Nagy-Balti-öv,észak,Teherhajó,305425000,6.5,176.0,26.0
2026-08-11,Nagy-Balti-öv,dél,Teherhajó,311000853,9.8,189.0,26.0
2026-08-11,Nagy-Balti-öv,észak,Tanker,311027500,9.0,249.0,44.0
2026-08-11,Nagy-Balti-öv,észak,Teherhajó,311062400,8.2,164.0,24.0
2026-08-11,Nagy-Balti-öv,dél,Tanker,352413000,11.6,183.0,32.0
2026-08-11,Nagy-Balti-öv,észak,Teherhajó,477552100,10.0,211.0,30.0
2026-08-11,Nagy-Balti-öv,dél,Tanker,538004638,14.5,244.0,42.0
2026-08-11,Nagy-Balti-öv,észak,Teherhajó,538008924,10.5,180.0,30.0
2026-08-11,Nagy-Balti-öv,észak,Teherhajó,563076300,12.4,292.0,32.0
2026-08-11,Nagy-Balti-öv,dél,Tanker,636014972,9.0,274.0,50.0
2026-08-11,Nagy-Balti-öv,észak,Teherhajó,636017074,7.9,180.0,30.0
2026-08-11,Nagy-Balti-öv,dél,Tanker,636021135,15.0,250.0,44.0
2026-08-11,Nagy-Balti-öv,észak,Teherhajó,636026283,10.6,180.0,32.0
2026-08-11,Øresund,észak,Teherhajó,209525000,4.1,90.0,13.0
2026-08-11,Øresund,észak,Teherhajó,210549000,4.9,90.0,14.0
2026-08-11,Øresund,észak,Teherhajó,211265530,6.8,100.0,19.0
2026-08-11,Øresund,dél,Teherhajó,212360000,4.6,96.0,14.0
2026-08-11,Øresund,észak,Teherhajó,212378000,6.3,90.0,16.0
2026-08-11,Øresund,észak,Teherhajó,212530000,4.2,90.0,15.0
2026-08-11,Øresund,észak,Teherhajó,212949000,5.2,100.0,20.0
2026-08-11,Øresund,dél,Teherhajó,212979000,4.7,90.0,15.0
2026-08-11,Øresund,észak,Tanker,215382000,6.6,109.0,16.0
2026-08-11,Øresund,észak,Teherhajó,218728000,2.8,60.0,12.0
2026-08-11,Øresund,dél,Teherhajó,218801000,3.9,82.0,11.0
2026-08-11,Øresund,dél,Teherhajó,218816000,7.0,135.0,23.0
2026-08-11,Øresund,észak,Teherhajó,219164000,4.6,86.0,14.0
2026-08-11,Øresund,észak,Teherhajó,220474000,5.2,77.0,14.0
2026-08-11,Øresund,észak,Tanker,220634000,7.2,183.0,32.0
2026-08-11,Øresund,dél,Teherhajó,231873000,4.3,100.0,14.0
2026-08-11,Øresund,dél,Teherhajó,232035207,5.2,90.0,15.0
2026-08-11,Øresund,dél,Teherhajó,236111603,4.1,86.0,12.0
2026-08-11,Øresund,dél,Teherhajó,241183000,6.7,193.0,32.0
2026-08-11,Øresund,észak,Teherhajó,244750397,6.0,89.0,13.0
2026-08-11,Øresund,észak,Teherhajó,245170000,7.4,134.0,17.0
2026-08-11,Øresund,észak,Teherhajó,246555000,6.4,111.0,14.0
2026-08-11,Øresund,dél,Teherhajó,246634000,5.1,137.0,16.0
2026-08-11,Øresund,dél,Teherhajó,246827000,3.7,90.0,12.0
2026-08-11,Øresund,észak,Teherhajó,246873000,4.7,108.0,16.0
2026-08-11,Øresund,dél,Teherhajó,246924000,3.2,82.0,12.0
2026-08-11,Øresund,észak,Tanker,248080000,6.1,107.0,16.0
2026-08-11,Øresund,észak,Teherhajó,255806478,6.5,98.0,15.0
2026-08-11,Øresund,dél,Teherhajó,255854000,5.2,89.0,16.0
2026-08-11,Øresund,dél,Teherhajó,255915581,3.2,89.0,12.0
2026-08-11,Øresund,észak,Tanker,255984000,5.2,109.0,21.0
2026-08-11,Øresund,észak,Teherhajó,255991000,6.8,120.0,16.0
2026-08-11,Øresund,észak,Teherhajó,257035870,6.2,90.0,14.0
2026-08-11,Øresund,észak,Teherhajó,258006930,5.5,101.0,17.0
2026-08-11,Øresund,dél,Teherhajó,258209000,6.6,156.0,22.0
2026-08-11,Øresund,észak,Tanker,265056000,3.5,67.0,12.0
2026-08-11,Øresund,dél,Teherhajó,265413000,6.4,170.0,24.0
2026-08-11,Øresund,dél,Teherhajó,275513000,3.4,82.0,13.0
2026-08-11,Øresund,dél,Teherhajó,305762000,4.0,104.0,15.0
2026-08-11,Øresund,dél,Teherhajó,305980000,3.8,83.0,12.0
2026-08-11,Øresund,dél,Tanker,314001065,5.6,127.0,20.0
2026-08-11,Øresund,dél,Teherhajó,354595000,7.2,229.0,32.0
2026-08-11,Øresund,dél,Teherhajó,538002570,6.8,190.0,32.0
2026-08-11,Øresund,dél,Teherhajó,538004639,6.1,181.0,30.0
2026-08-11,Øresund,dél,Teherhajó,538006813,6.2,186.0,28.0
2026-08-11,Øresund,dél,Tanker,538011914,6.0,100.0,18.0
2026-08-11,Øresund,dél,Teherhajó,538090668,5.9,178.0,29.0
2026-08-11,Øresund,észak,Tanker,636017416,6.4,160.0,26.0
2026-08-11,Øresund,észak,Teherhajó,636023944,8.9,172.0,28.0
2026-08-11,Øresund,dél,Teherhajó,636025212,8.9,134.0,23.0
2026-08-12,Nagy-Balti-öv,észak,Teherhajó,209184000,10.4,186.0,27.0
2026-08-12,Nagy-Balti-öv,dél,Teherhajó,210071000,3.2,89.0,12.0
2026-08-12,Nagy-Balti-öv,dél,Teherhajó,211100000,2.3,81.0,11.0
2026-08-12,Nagy-Balti-öv,észak,Teherhajó,211341960,4.7,149.0,28.0
2026-08-12,Nagy-Balti-öv,dél,Teherhajó,211686000,2.7,75.0,10.0
2026-08-12,Nagy-Balti-öv,dél,Teherhajó,212530000,4.9,90.0,15.0
2026-08-12,Nagy-Balti-öv,észak,Teherhajó,212900000,5.1,88.0,13.0
2026-08-12,Nagy-Balti-öv,dél,Teherhajó,219001284,2.1,31.0,7.0
2026-08-12,Nagy-Balti-öv,észak,Teherhajó,219025774,2.6,20.0,6.0
2026-08-12,Nagy-Balti-öv,észak,Teherhajó,231234000,6.1,90.0,14.0
2026-08-12,Nagy-Balti-öv,észak,Teherhajó,246668000,4.1,117.0,14.0
2026-08-12,Nagy-Balti-öv,dél,Teherhajó,248010000,10.8,181.0,30.0
2026-08-12,Nagy-Balti-öv,észak,Teherhajó,248285000,9.4,198.0,32.0
2026-08-12,Nagy-Balti-öv,észak,Tanker,255806226,7.7,118.0,18.0
2026-08-12,Nagy-Balti-öv,észak,Teherhajó,255806258,10.7,178.0,27.0
2026-08-12,Nagy-Balti-öv,dél,Tanker,255806263,10.0,183.0,32.0
2026-08-12,Nagy-Balti-öv,dél,Tanker,255915978,6.4,149.0,24.0
2026-08-12,Nagy-Balti-öv,dél,Teherhajó,255916028,7.6,120.0,16.0
2026-08-12,Nagy-Balti-öv,dél,Teherhajó,255916314,7.6,148.0,27.0
2026-08-12,Nagy-Balti-öv,dél,Teherhajó,255917283,8.1,170.0,25.0
2026-08-12,Nagy-Balti-öv,észak,Teherhajó,256708000,8.8,205.0,30.0
2026-08-12,Nagy-Balti-öv,észak,Teherhajó,257186000,6.2,87.0,15.0
2026-08-12,Nagy-Balti-öv,észak,Tanker,257206000,5.4,82.0,12.0
2026-08-12,Nagy-Balti-öv,dél,Tanker,257970000,8.9,147.0,22.0
2026-08-12,Nagy-Balti-öv,dél,Tanker,258849000,8.0,129.0,20.0
2026-08-12,Nagy-Balti-öv,dél,Tanker,265062000,9.3,149.0,23.0
2026-08-12,Nagy-Balti-öv,észak,Tanker,265071000,9.0,130.0,22.0
2026-08-12,Nagy-Balti-öv,észak,Tanker,266436000,5.5,100.0,18.0
2026-08-12,Nagy-Balti-öv,dél,Tanker,273126520,8.2,244.0,42.0
2026-08-12,Nagy-Balti-öv,észak,Teherhajó,275515000,4.7,82.0,12.0
2026-08-12,Nagy-Balti-öv,dél,Tanker,275525000,4.8,100.0,18.0
2026-08-12,Nagy-Balti-öv,észak,Teherhajó,304927000,3.7,88.0,13.0
2026-08-12,Nagy-Balti-öv,észak,Teherhajó,304953000,3.9,82.0,11.0
2026-08-12,Nagy-Balti-öv,dél,Tanker,304955000,5.1,103.0,16.0
2026-08-12,Nagy-Balti-öv,észak,Teherhajó,305032300,8.2,135.0,23.0
2026-08-12,Nagy-Balti-öv,dél,Teherhajó,305426000,10.4,176.0,26.0
2026-08-12,Nagy-Balti-öv,dél,Teherhajó,305978000,8.1,158.0,23.0
2026-08-12,Nagy-Balti-öv,észak,Teherhajó,311002290,10.9,226.0,32.0
2026-08-12,Nagy-Balti-öv,észak,Teherhajó,311062200,8.9,164.0,24.0
2026-08-12,Nagy-Balti-öv,dél,Teherhajó,311818000,4.3,82.0,11.0
2026-08-12,Nagy-Balti-öv,észak,Teherhajó,341568002,9.9,177.0,28.0
2026-08-12,Nagy-Balti-öv,dél,Tanker,352001378,11.1,299.0,46.0
2026-08-12,Nagy-Balti-öv,észak,Teherhajó,352001928,4.7,74.0,11.0
2026-08-12,Nagy-Balti-öv,észak,Teherhajó,352002033,10.4,177.0,28.0
2026-08-12,Nagy-Balti-öv,dél,Teherhajó,352002532,8.0,226.0,32.0
2026-08-12,Nagy-Balti-öv,dél,Tanker,538006198,12.8,249.0,44.0
2026-08-12,Nagy-Balti-öv,észak,Tanker,538008844,4.5,99.0,17.0
2026-08-12,Nagy-Balti-öv,észak,Tanker,563173900,8.5,250.0,44.0
2026-08-12,Nagy-Balti-öv,észak,Tanker,620800240,14.9,274.0,48.0
2026-08-12,Nagy-Balti-öv,észak,Tanker,630001207,14.8,274.0,48.0
2026-08-12,Nagy-Balti-öv,észak,Tanker,636013113,10.1,184.0,32.0
2026-08-12,Nagy-Balti-öv,dél,Teherhajó,636019440,14.4,229.0,32.0
2026-08-12,Nagy-Balti-öv,észak,Teherhajó,636021003,14.6,229.0,32.0
2026-08-12,Nagy-Balti-öv,észak,Teherhajó,636021566,11.3,177.0,28.0
2026-08-12,Nagy-Balti-öv,dél,Teherhajó,636023679,14.9,366.0,51.0
2026-08-12,Nagy-Balti-öv,dél,Teherhajó,636023885,14.4,225.0,32.0
2026-08-12,Nagy-Balti-öv,észak,Tanker,636024690,14.7,270.0,50.0
2026-08-12,Nagy-Balti-öv,dél,Teherhajó,636025212,8.5,134.0,23.0
2026-08-12,Nagy-Balti-öv,észak,Teherhajó,636025450,12.2,368.0,51.0
2026-08-12,Nagy-Balti-öv,észak,Teherhajó,636025766,14.6,230.0,38.0
2026-08-12,Nagy-Balti-öv,észak,Tanker,636026409,14.5,256.0,43.0
2026-08-12,Øresund,dél,Teherhajó,209325000,3.4,88.0,13.0
2026-08-12,Øresund,észak,Teherhajó,209325000,3.4,88.0,13.0
2026-08-12,Øresund,észak,Teherhajó,209336000,4.7,88.0,11.0
2026-08-12,Øresund,észak,Teherhajó,209531000,6.5,111.0,14.0
2026-08-12,Øresund,észak,Teherhajó,210704000,5.6,90.0,13.0
2026-08-12,Øresund,dél,Teherhajó,212542000,4.4,88.0,13.0
2026-08-12,Øresund,dél,Teherhajó,212949000,4.6,100.0,20.0
2026-08-12,Øresund,észak,Teherhajó,218030270,3.0,83.0,12.0
2026-08-12,Øresund,dél,Teherhajó,219002392,3.4,81.0,11.0
2026-08-12,Øresund,észak,Tanker,219034365,6.5,147.0,22.0
2026-08-12,Øresund,észak,Teherhajó,219551000,5.6,196.0,30.0
2026-08-12,Øresund,észak,Tanker,220603000,7.2,183.0,32.0
2026-08-12,Øresund,dél,Teherhajó,230350000,6.9,120.0,18.0
2026-08-12,Øresund,észak,Teherhajó,231843000,5.3,89.0,14.0
2026-08-12,Øresund,dél,Teherhajó,231860000,9.4,179.0,31.0
2026-08-12,Øresund,észak,Teherhajó,231860000,9.4,179.0,31.0
2026-08-12,Øresund,észak,Teherhajó,236701000,7.5,100.0,17.0
2026-08-12,Øresund,dél,Teherhajó,244106000,5.2,107.0,18.0
2026-08-12,Øresund,dél,Teherhajó,244115000,6.5,168.0,25.0
2026-08-12,Øresund,dél,Tanker,244870430,6.4,115.0,19.0
2026-08-12,Øresund,dél,Tanker,244944000,6.7,117.0,18.0
2026-08-12,Øresund,észak,Teherhajó,245266000,5.1,115.0,17.0
2026-08-12,Øresund,észak,Tanker,246354000,5.4,100.0,16.0
2026-08-12,Øresund,dél,Teherhajó,246771000,6.0,142.0,19.0
2026-08-12,Øresund,dél,Teherhajó,246883000,5.3,151.0,26.0
2026-08-12,Øresund,észak,Teherhajó,246924000,5.6,82.0,12.0
2026-08-12,Øresund,dél,Tanker,248315000,8.0,124.0,17.0
2026-08-12,Øresund,észak,Tanker,248941000,6.2,144.0,22.0
2026-08-12,Øresund,dél,Teherhajó,249071000,6.8,177.0,29.0
2026-08-12,Øresund,dél,Teherhajó,255806478,4.8,98.0,15.0
2026-08-12,Øresund,dél,Teherhajó,255806522,6.0,117.0,16.0
2026-08-12,Øresund,észak,Teherhajó,255809000,6.6,89.0,16.0
2026-08-12,Øresund,dél,Teherhajó,255915683,3.2,89.0,12.0
2026-08-12,Øresund,dél,Teherhajó,256743000,7.2,229.0,38.0
2026-08-12,Øresund,dél,Teherhajó,256865000,6.6,189.0,32.0
2026-08-12,Øresund,észak,Teherhajó,257076220,5.7,89.0,13.0
2026-08-12,Øresund,észak,Teherhajó,257314000,5.2,90.0,14.0
2026-08-12,Øresund,észak,Teherhajó,257857000,6.3,90.0,14.0
2026-08-12,Øresund,dél,Teherhajó,258007280,5.9,85.0,16.0
2026-08-12,Øresund,észak,Teherhajó,258227000,4.5,87.0,15.0
2026-08-12,Øresund,észak,Tanker,265072000,8.5,130.0,22.0
2026-08-12,Øresund,észak,Teherhajó,304439000,6.2,161.0,25.0
2026-08-12,Øresund,észak,Teherhajó,305453000,6.8,108.0,18.0
2026-08-12,Øresund,dél,Teherhajó,305466000,5.1,90.0,15.0
2026-08-12,Øresund,észak,Teherhajó,305919000,3.2,89.0,12.0
2026-08-12,Øresund,észak,Teherhajó,311001813,4.5,88.0,13.0
2026-08-12,Øresund,észak,Tanker,319301000,6.8,96.0,16.0
2026-08-12,Øresund,dél,Teherhajó,352003439,7.5,229.0,37.0
2026-08-12,Øresund,dél,Teherhajó,353544000,7.6,225.0,32.0
2026-08-12,Øresund,dél,Tanker,538006310,5.6,95.0,16.0
2026-08-12,Øresund,dél,Teherhajó,538009967,6.6,200.0,32.0
2026-08-12,Øresund,dél,Teherhajó,636021661,7.0,229.0,33.0
2026-08-12,Øresund,dél,Tanker,636023893,7.4,250.0,44.0
2026-08-12,Øresund,dél,Teherhajó,636023979,6.6,190.0,32.0
2026-08-12,Øresund,észak,Teherhajó,636025212,8.5,134.0,23.0
2026-08-13,Nagy-Balti-öv,észak,Teherhajó,211100000,3.9,81.0,11.0
2026-08-13,Nagy-Balti-öv,dél,Teherhajó,218797000,4.8,90.0,12.0
2026-08-13,Nagy-Balti-öv,dél,Tanker,229716000,8.7,252.0,45.0
2026-08-13,Nagy-Balti-öv,észak,Teherhajó,230643000,6.0,187.0,27.0
2026-08-13,Nagy-Balti-öv,dél,Teherhajó,231920000,5.2,89.0,13.0
2026-08-13,Nagy-Balti-öv,észak,Tanker,236112740,6.2,148.0,23.0
2026-08-13,Nagy-Balti-öv,dél,Tanker,241734000,8.5,249.0,44.0
2026-08-13,Nagy-Balti-öv,észak,Teherhajó,255806451,7.9,158.0,24.0
2026-08-13,Nagy-Balti-öv,észak,Teherhajó,255806476,7.8,151.0,24.0
2026-08-13,Nagy-Balti-öv,dél,Teherhajó,255806476,7.8,151.0,24.0
2026-08-13,Nagy-Balti-öv,észak,Teherhajó,255915749,5.1,89.0,12.0
2026-08-13,Nagy-Balti-öv,észak,Teherhajó,255916028,4.6,120.0,16.0
2026-08-13,Nagy-Balti-öv,észak,Teherhajó,256800000,9.5,205.0,30.0
2026-08-13,Nagy-Balti-öv,észak,Tanker,256862000,9.3,183.0,32.0
2026-08-13,Nagy-Balti-öv,dél,Tanker,257084120,8.3,129.0,20.0
2026-08-13,Nagy-Balti-öv,dél,Tanker,257374000,8.4,140.0,22.0
2026-08-13,Nagy-Balti-öv,dél,Teherhajó,258114000,6.0,90.0,16.0
2026-08-13,Nagy-Balti-öv,észak,Tanker,265053000,8.7,150.0,23.0
2026-08-13,Nagy-Balti-öv,dél,Tanker,266466000,8.3,129.0,20.0
2026-08-13,Nagy-Balti-öv,észak,Tanker,273129320,14.8,239.0,42.0
2026-08-13,Nagy-Balti-öv,észak,Teherhajó,273432030,7.1,120.0,18.0
2026-08-13,Nagy-Balti-öv,dél,Teherhajó,304482000,3.2,85.0,13.0
2026-08-13,Nagy-Balti-öv,dél,Teherhajó,304927000,5.6,88.0,13.0
2026-08-13,Nagy-Balti-öv,dél,Teherhajó,309193000,9.1,165.0,24.0
2026-08-13,Nagy-Balti-öv,dél,Tanker,311001963,7.8,183.0,32.0
2026-08-13,Nagy-Balti-öv,észak,Teherhajó,311055500,10.5,190.0,29.0
2026-08-13,Nagy-Balti-öv,dél,Teherhajó,352001928,2.6,74.0,11.0
2026-08-13,Nagy-Balti-öv,észak,Tanker,352002786,14.9,243.0,42.0
2026-08-13,Nagy-Balti-öv,észak,Teherhajó,352006699,7.5,134.0,22.0
2026-08-13,Nagy-Balti-öv,dél,Teherhajó,354540000,10.3,237.0,32.0
2026-08-13,Nagy-Balti-öv,észak,Teherhajó,538004060,9.2,190.0,24.0
2026-08-13,Nagy-Balti-öv,dél,Tanker,538005404,11.4,183.0,27.0
2026-08-13,Nagy-Balti-öv,észak,Tanker,538006497,4.8,101.0,18.0
2026-08-13,Nagy-Balti-öv,dél,Tanker,538007216,15.0,252.0,44.0
2026-08-13,Nagy-Balti-öv,dél,Tanker,538008656,14.7,250.0,44.0
2026-08-13,Nagy-Balti-öv,észak,Teherhajó,538010031,7.8,161.0,25.0
2026-08-13,Nagy-Balti-öv,dél,Teherhajó,538010224,9.6,180.0,30.0
2026-08-13,Nagy-Balti-öv,észak,Teherhajó,538010594,10.5,180.0,30.0
2026-08-13,Nagy-Balti-öv,dél,Teherhajó,563295700,10.0,330.0,48.0
2026-08-13,Nagy-Balti-öv,dél,Tanker,566453000,14.7,274.0,49.0
2026-08-13,Nagy-Balti-öv,észak,Tanker,631010132,14.2,249.0,44.0
2026-08-13,Nagy-Balti-öv,észak,Teherhajó,636016430,10.2,280.0,32.0
2026-08-13,Nagy-Balti-öv,észak,Teherhajó,636019890,10.0,175.0,29.0
2026-08-13,Nagy-Balti-öv,észak,Tanker,636023947,9.2,250.0,44.0
2026-08-13,Nagy-Balti-öv,dél,Tanker,636024113,14.8,250.0,44.0
2026-08-13,Nagy-Balti-öv,észak,Teherhajó,636025693,14.4,235.0,38.0
2026-08-13,Nagy-Balti-öv,dél,Teherhajó,636091995,10.5,208.0,30.0
2026-08-13,Nagy-Balti-öv,dél,Tanker,667002511,8.4,274.0,48.0
2026-08-13,Øresund,dél,Teherhajó,209525000,6.2,90.0,13.0
2026-08-13,Øresund,dél,Teherhajó,209722000,7.5,229.0,37.0
2026-08-13,Øresund,dél,Teherhajó,209977000,3.9,90.0,16.0
2026-08-13,Øresund,észak,Teherhajó,210100000,4.7,89.0,13.0
2026-08-13,Øresund,dél,Teherhajó,212673000,5.8,89.0,14.0
2026-08-13,Øresund,észak,Teherhajó,212949000,5.2,100.0,20.0
2026-08-13,Øresund,észak,Teherhajó,218858000,4.9,89.0,12.0
2026-08-13,Øresund,dél,Teherhajó,244860255,5.0,123.0,17.0
2026-08-13,Øresund,észak,Tanker,244944000,6.1,117.0,18.0
2026-08-13,Øresund,észak,Teherhajó,245097000,7.3,205.0,26.0
2026-08-13,Øresund,észak,Teherhajó,245465000,4.9,99.0,12.0
2026-08-13,Øresund,dél,Teherhajó,246141000,4.5,100.0,17.0
2026-08-13,Øresund,észak,Teherhajó,246244000,4.7,141.0,24.0
2026-08-13,Øresund,dél,Teherhajó,246499000,5.1,80.0,12.0
2026-08-13,Øresund,dél,Tanker,248221000,6.5,109.0,17.0
2026-08-13,Øresund,észak,Tanker,248315000,5.5,124.0,17.0
2026-08-13,Øresund,dél,Tanker,249222000,6.1,100.0,18.0
2026-08-13,Øresund,észak,Teherhajó,249934000,4.1,88.0,13.0
2026-08-13,Øresund,dél,Teherhajó,250006161,4.5,120.0,15.0
2026-08-13,Øresund,észak,Tanker,255802940,5.8,88.0,15.0
2026-08-13,Øresund,dél,Tanker,255806226,7.7,118.0,18.0
2026-08-13,Øresund,észak,Tanker,255806229,7.0,103.0,16.0
2026-08-13,Øresund,észak,Teherhajó,255861000,4.7,89.0,15.0
2026-08-13,Øresund,észak,Tanker,255891000,6.7,120.0,18.0
2026-08-13,Øresund,dél,Tanker,257086660,5.8,100.0,17.0
2026-08-13,Øresund,észak,Tanker,257086660,5.8,100.0,17.0
2026-08-13,Øresund,dél,Tanker,257206000,4.5,82.0,12.0
2026-08-13,Øresund,dél,Teherhajó,257207000,3.9,90.0,14.0
2026-08-13,Øresund,észak,Teherhajó,257207000,3.9,90.0,14.0
2026-08-13,Øresund,dél,Teherhajó,258009780,5.6,88.0,12.0
2026-08-13,Øresund,észak,Teherhajó,258209000,5.2,156.0,22.0
2026-08-13,Øresund,dél,Teherhajó,258709000,3.5,88.0,13.0
2026-08-13,Øresund,dél,Tanker,265002000,4.8,78.0,11.0
2026-08-13,Øresund,észak,Teherhajó,265412000,6.8,170.0,24.0
2026-08-13,Øresund,észak,Tanker,266475000,5.0,120.0,17.0
2026-08-13,Øresund,dél,Teherhajó,277586000,8.3,148.0,25.0
2026-08-13,Øresund,észak,Teherhajó,305155000,5.6,107.0,15.0
2026-08-13,Øresund,észak,Teherhajó,305277000,5.1,115.0,16.0
2026-08-13,Øresund,dél,Teherhajó,305531000,4.5,115.0,15.0
2026-08-13,Øresund,észak,Teherhajó,305804000,6.1,90.0,14.0
2026-08-13,Øresund,dél,Teherhajó,311001815,3.6,88.0,13.0
2026-08-13,Øresund,dél,Tanker,314001105,6.9,248.0,43.0
2026-08-13,Øresund,észak,Teherhajó,314396000,6.4,90.0,15.0
2026-08-13,Øresund,észak,Teherhajó,314631000,3.5,88.0,13.0
2026-08-13,Øresund,dél,Teherhajó,355124000,7.2,229.0,32.0
2026-08-13,Øresund,dél,Teherhajó,355444000,5.5,100.0,21.0
2026-08-13,Øresund,dél,Teherhajó,538006085,6.5,181.0,30.0
2026-08-13,Øresund,dél,Teherhajó,538006753,5.8,200.0,24.0
2026-08-13,Øresund,dél,Teherhajó,538008266,5.6,200.0,23.0
2026-08-13,Øresund,dél,Tanker,538010487,7.0,229.0,32.0
2026-08-13,Øresund,dél,Tanker,563049000,7.8,145.0,23.0
2026-08-13,Øresund,észak,Tanker,563090100,4.5,99.0,17.0
2026-08-13,Øresund,észak,Tanker,563214300,7.2,183.0,32.0
2026-08-13,Øresund,dél,Tanker,636020569,7.5,250.0,44.0
2026-08-13,Øresund,dél,Teherhajó,636093369,6.8,180.0,32.0
2026-08-14,Nagy-Balti-öv,dél,Teherhajó,209325000,3.0,88.0,13.0
2026-08-14,Nagy-Balti-öv,észak,Teherhajó,209325000,3.0,88.0,13.0
2026-08-14,Nagy-Balti-öv,észak,Teherhajó,209659000,10.1,170.0,27.0
2026-08-14,Nagy-Balti-öv,észak,Teherhajó,210071000,6.2,89.0,12.0
2026-08-14,Nagy-Balti-öv,észak,Teherhajó,211228540,5.1,210.0,29.0
2026-08-14,Nagy-Balti-öv,észak,Teherhajó,211230400,4.7,76.0,12.0
2026-08-14,Nagy-Balti-öv,észak,Teherhajó,218805000,3.4,90.0,15.0
2026-08-14,Nagy-Balti-öv,dél,Tanker,219034365,9.0,147.0,22.0
2026-08-14,Nagy-Balti-öv,dél,Teherhajó,219115000,9.4,200.0,36.0
2026-08-14,Nagy-Balti-öv,dél,Teherhajó,230643000,6.3,187.0,27.0
2026-08-14,Nagy-Balti-öv,észak,Teherhajó,232035207,4.3,90.0,15.0
2026-08-14,Nagy-Balti-öv,észak,Tanker,236111791,6.5,95.0,14.0
2026-08-14,Nagy-Balti-öv,észak,Tanker,241809000,11.3,330.0,60.0
2026-08-14,Nagy-Balti-öv,dél,Teherhajó,245546000,7.2,168.0,25.0
2026-08-14,Nagy-Balti-öv,dél,Teherhajó,246662000,8.8,157.0,26.0
2026-08-14,Nagy-Balti-öv,dél,Tanker,246878000,6.2,155.0,22.0
2026-08-14,Nagy-Balti-öv,észak,Tanker,248080000,5.2,107.0,16.0
2026-08-14,Nagy-Balti-öv,észak,Teherhajó,248195000,12.4,199.0,32.0
2026-08-14,Nagy-Balti-öv,észak,Teherhajó,248680000,9.6,185.0,30.0
2026-08-14,Nagy-Balti-öv,dél,Teherhajó,249990000,10.3,180.0,30.0
2026-08-14,Nagy-Balti-öv,észak,Teherhajó,255617000,8.5,180.0,30.0
2026-08-14,Nagy-Balti-öv,dél,Teherhajó,255806451,8.2,158.0,24.0
2026-08-14,Nagy-Balti-öv,észak,Teherhajó,255915582,5.2,89.0,12.0
2026-08-14,Nagy-Balti-öv,dél,Teherhajó,255916550,5.7,89.0,16.0
2026-08-14,Nagy-Balti-öv,dél,Teherhajó,255916590,10.3,168.0,26.0
2026-08-14,Nagy-Balti-öv,dél,Teherhajó,256883000,7.6,205.0,30.0
2026-08-14,Nagy-Balti-öv,dél,Teherhajó,257064430,6.3,90.0,14.0
2026-08-14,Nagy-Balti-öv,észak,Teherhajó,257064430,6.3,90.0,14.0
2026-08-14,Nagy-Balti-öv,dél,Tanker,257086660,5.0,100.0,17.0
2026-08-14,Nagy-Balti-öv,észak,Teherhajó,257708000,5.2,89.0,13.0
2026-08-14,Nagy-Balti-öv,észak,Tanker,257895000,9.4,276.0,46.0
2026-08-14,Nagy-Balti-öv,észak,Tanker,257980000,9.6,276.0,46.0
2026-08-14,Nagy-Balti-öv,dél,Teherhajó,258809000,6.4,90.0,14.0
2026-08-14,Nagy-Balti-öv,dél,Tanker,266436000,5.9,100.0,18.0
2026-08-14,Nagy-Balti-öv,dél,Teherhajó,304953000,2.8,82.0,11.0
2026-08-14,Nagy-Balti-öv,dél,Teherhajó,311001797,5.2,88.0,13.0
2026-08-14,Nagy-Balti-öv,dél,Tanker,311046300,13.0,253.0,42.0
2026-08-14,Nagy-Balti-öv,észak,Teherhajó,314278000,14.3,225.0,32.0
2026-08-14,Nagy-Balti-öv,észak,Tanker,352005520,15.0,244.0,42.0
2026-08-14,Nagy-Balti-öv,észak,Tanker,372616000,14.8,277.0,48.0
2026-08-14,Nagy-Balti-öv,észak,Teherhajó,372811000,10.0,179.0,28.0
2026-08-14,Nagy-Balti-öv,dél,Teherhajó,477195100,12.8,291.0,32.0
2026-08-14,Nagy-Balti-öv,észak,Teherhajó,538007446,6.7,225.0,48.0
2026-08-14,Nagy-Balti-öv,észak,Tanker,538009199,9.3,250.0,44.0
2026-08-14,Nagy-Balti-öv,észak,Teherhajó,538009423,10.4,186.0,28.0
2026-08-14,Nagy-Balti-öv,észak,Teherhajó,538012529,12.3,190.0,31.0
2026-08-14,Nagy-Balti-öv,észak,Teherhajó,566341000,7.9,163.0,26.0
2026-08-14,Nagy-Balti-öv,dél,Tanker,631010086,8.0,250.0,44.0
2026-08-14,Nagy-Balti-öv,észak,Teherhajó,636014740,10.2,222.0,30.0
2026-08-14,Nagy-Balti-öv,észak,Teherhajó,636015893,8.9,175.0,27.0
2026-08-14,Nagy-Balti-öv,dél,Teherhajó,636017582,12.6,202.0,33.0
2026-08-14,Nagy-Balti-öv,dél,Teherhajó,636018322,11.2,217.0,27.0
2026-08-14,Nagy-Balti-öv,dél,Teherhajó,636023186,6.8,225.0,32.0
2026-08-14,Nagy-Balti-öv,észak,Teherhajó,636026424,7.6,175.0,23.0
2026-08-14,Øresund,dél,Teherhajó,211141000,7.7,134.0,23.0
2026-08-14,Øresund,dél,Teherhajó,212378000,5.5,90.0,16.0
2026-08-14,Øresund,dél,Teherhajó,212900000,4.8,88.0,13.0
2026-08-14,Øresund,dél,Tanker,219412000,7.0,188.0,32.0
2026-08-14,Øresund,észak,Tanker,219814000,7.0,147.0,22.0
2026-08-14,Øresund,dél,Teherhajó,220474000,5.2,77.0,14.0
2026-08-14,Øresund,észak,Teherhajó,230351000,7.3,120.0,18.0
2026-08-14,Øresund,dél,Teherhajó,232020953,5.3,90.0,15.0
2026-08-14,Øresund,észak,Tanker,236668000,6.3,90.0,14.0
2026-08-14,Øresund,dél,Teherhajó,244002000,4.5,95.0,13.0
2026-08-14,Øresund,észak,Teherhajó,244376000,4.1,111.0,14.0
2026-08-14,Øresund,észak,Teherhajó,244850900,7.4,135.0,17.0
2026-08-14,Øresund,észak,Teherhajó,244978000,5.1,88.0,13.0
2026-08-14,Øresund,dél,Tanker,246541000,6.1,116.0,15.0
2026-08-14,Øresund,észak,Teherhajó,246649000,6.9,126.0,15.0
2026-08-14,Øresund,dél,Teherhajó,255806300,6.3,135.0,22.0
2026-08-14,Øresund,észak,Tanker,255915978,6.5,149.0,24.0
2026-08-14,Øresund,észak,Tanker,255915980,6.5,144.0,23.0
2026-08-14,Øresund,dél,Teherhajó,255916098,5.3,89.0,12.0
2026-08-14,Øresund,dél,Tanker,255917333,6.1,124.0,18.0
2026-08-14,Øresund,dél,Teherhajó,257962000,6.0,98.0,16.0
2026-08-14,Øresund,észak,Teherhajó,258007280,4.9,85.0,16.0
2026-08-14,Øresund,észak,Teherhajó,258009780,5.5,88.0,12.0
2026-08-14,Øresund,dél,Tanker,258715000,5.9,89.0,13.0
2026-08-14,Øresund,észak,Tanker,265002000,3.5,78.0,11.0
2026-08-14,Øresund,dél,Tanker,266212000,4.5,80.0,14.0
2026-08-14,Øresund,dél,Teherhajó,273130400,7.2,177.0,24.0
2026-08-14,Øresund,észak,Teherhajó,277324000,6.2,105.0,16.0
2026-08-14,Øresund,észak,Teherhajó,277586000,8.6,148.0,25.0
2026-08-14,Øresund,észak,Teherhajó,305762000,5.7,104.0,15.0
2026-08-14,Øresund,dél,Teherhajó,305871000,7.0,116.0,16.0
2026-08-14,Øresund,dél,Teherhajó,311002113,6.1,190.0,32.0
2026-08-14,Øresund,dél,Tanker,314001079,7.5,186.0,32.0
2026-08-14,Øresund,dél,Tanker,352001874,7.5,183.0,32.0
2026-08-14,Øresund,észak,Tanker,352413000,7.0,183.0,32.0
2026-08-14,Øresund,észak,Teherhajó,353083000,6.5,140.0,22.0
2026-08-14,Øresund,dél,Teherhajó,373895000,7.1,225.0,32.0
2026-08-14,Øresund,dél,Teherhajó,538011568,6.8,180.0,32.0
2026-08-14,Øresund,észak,Tanker,538011914,5.3,100.0,18.0
2026-08-14,Øresund,észak,Tanker,563049000,5.8,145.0,23.0
2026-08-14,Øresund,dél,Teherhajó,630001285,7.4,182.0,30.0
2026-08-15,Nagy-Balti-öv,észak,Teherhajó,212821000,5.6,85.0,13.0
2026-08-15,Nagy-Balti-öv,dél,Tanker,220018000,3.8,78.0,13.0
2026-08-15,Nagy-Balti-öv,észak,Teherhajó,228397700,11.7,400.0,62.0
2026-08-15,Nagy-Balti-öv,dél,Tanker,241570000,12.7,250.0,44.0
2026-08-15,Nagy-Balti-öv,észak,Teherhajó,249403000,7.4,141.0,23.0
2026-08-15,Nagy-Balti-öv,dél,Teherhajó,249934000,5.2,88.0,13.0
2026-08-15,Nagy-Balti-öv,dél,Teherhajó,257088370,3.6,88.0,13.0
2026-08-15,Nagy-Balti-öv,dél,Teherhajó,258227000,6.5,87.0,15.0
2026-08-15,Nagy-Balti-öv,észak,Teherhajó,258227000,6.5,87.0,15.0
2026-08-15,Nagy-Balti-öv,észak,Teherhajó,258709000,6.1,88.0,13.0
2026-08-15,Nagy-Balti-öv,észak,Teherhajó,258809000,4.4,90.0,14.0
2026-08-15,Nagy-Balti-öv,dél,Tanker,259888000,8.5,144.0,23.0
2026-08-15,Nagy-Balti-öv,dél,Tanker,273271660,8.2,244.0,42.0
2026-08-15,Nagy-Balti-öv,észak,Teherhajó,304953000,4.5,82.0,11.0
2026-08-15,Nagy-Balti-öv,észak,Teherhajó,305994000,8.6,139.0,22.0
2026-08-15,Nagy-Balti-öv,észak,Teherhajó,311818000,4.0,82.0,11.0
2026-08-15,Nagy-Balti-öv,észak,Tanker,352001378,9.1,299.0,46.0
2026-08-15,Nagy-Balti-öv,észak,Teherhajó,352428000,10.8,180.0,30.0
2026-08-15,Nagy-Balti-öv,dél,Teherhajó,477624400,10.4,289.0,45.0
2026-08-15,Nagy-Balti-öv,észak,Teherhajó,477826500,14.4,229.0,32.0
2026-08-15,Nagy-Balti-öv,észak,Teherhajó,538005376,12.8,189.0,32.0
2026-08-15,Nagy-Balti-öv,észak,Teherhajó,538009008,14.3,225.0,32.0
2026-08-15,Nagy-Balti-öv,dél,Tanker,538011162,15.0,274.0,48.0
2026-08-15,Nagy-Balti-öv,észak,Teherhajó,563178700,13.0,215.0,37.0
2026-08-15,Nagy-Balti-öv,észak,Teherhajó,636015894,9.1,175.0,27.0
2026-08-15,Nagy-Balti-öv,dél,Tanker,636017059,14.9,277.0,48.0
2026-08-15,Nagy-Balti-öv,észak,Teherhajó,636018490,10.5,178.0,28.0
2026-08-15,Nagy-Balti-öv,észak,Tanker,636020078,9.4,299.0,46.0
2026-08-15,Nagy-Balti-öv,dél,Tanker,636021311,13.2,250.0,44.0
2026-08-15,Nagy-Balti-öv,dél,Tanker,667001243,9.5,274.0,50.0
2026-08-15,Nagy-Balti-öv,észak,Tanker,667001287,15.0,244.0,42.0
2026-08-15,Øresund,dél,Teherhajó,209239000,3.3,87.0,13.0
2026-08-15,Øresund,dél,Teherhajó,209535000,6.1,90.0,13.0
2026-08-15,Øresund,észak,Teherhajó,210223000,5.7,104.0,16.0
2026-08-15,Øresund,dél,Teherhajó,210704000,4.3,90.0,13.0
2026-08-15,Øresund,észak,Teherhajó,211317180,7.4,100.0,17.0
2026-08-15,Øresund,észak,Teherhajó,212979000,5.4,90.0,15.0
2026-08-15,Øresund,dél,Tanker,215064000,5.9,88.0,15.0
2026-08-15,Øresund,észak,Teherhajó,220474000,5.2,77.0,14.0
2026-08-15,Øresund,dél,Teherhajó,230352000,6.3,120.0,18.0
2026-08-15,Øresund,dél,Teherhajó,231075000,6.7,90.0,14.0
2026-08-15,Øresund,észak,Teherhajó,244562000,6.3,110.0,14.0
2026-08-15,Øresund,észak,Teherhajó,244675000,4.9,97.0,14.0
2026-08-15,Øresund,dél,Teherhajó,245057000,4.4,89.0,14.0
2026-08-15,Øresund,dél,Teherhajó,245455000,6.8,107.0,15.0
2026-08-15,Øresund,észak,Teherhajó,246554000,7.2,205.0,26.0
2026-08-15,Øresund,dél,Teherhajó,246668000,4.1,117.0,14.0
2026-08-15,Øresund,dél,Teherhajó,246782000,5.2,86.0,14.0
2026-08-15,Øresund,észak,Teherhajó,255805842,7.3,141.0,22.0
2026-08-15,Øresund,dél,Teherhajó,255915749,3.1,89.0,12.0
2026-08-15,Øresund,észak,Tanker,255915983,6.5,144.0,24.0
2026-08-15,Øresund,észak,Tanker,255917333,8.1,124.0,18.0
2026-08-15,Øresund,dél,Tanker,256717000,6.1,90.0,15.0
2026-08-15,Øresund,dél,Teherhajó,257076220,3.5,89.0,13.0
2026-08-15,Øresund,dél,Teherhajó,257237000,6.3,90.0,14.0
2026-08-15,Øresund,dél,Teherhajó,257708000,3.4,89.0,13.0
2026-08-15,Øresund,észak,Teherhajó,257813000,6.1,90.0,14.0
2026-08-15,Øresund,észak,Teherhajó,257904000,5.1,88.0,13.0
2026-08-15,Øresund,dél,Teherhajó,258622000,5.4,101.0,17.0
2026-08-15,Øresund,észak,Teherhajó,259179000,3.5,87.0,13.0
2026-08-15,Øresund,dél,Teherhajó,261000205,5.7,90.0,14.0
2026-08-15,Øresund,észak,Tanker,265610040,4.0,80.0,14.0
2026-08-15,Øresund,észak,Tanker,266212000,4.2,80.0,14.0
2026-08-15,Øresund,dél,Tanker,266266000,7.9,130.0,20.0
2026-08-15,Øresund,dél,Teherhajó,268246900,5.5,88.0,12.0
2026-08-15,Øresund,dél,Tanker,273295620,4.6,141.0,16.0
2026-08-15,Øresund,észak,Teherhajó,275514000,4.7,83.0,12.0
2026-08-15,Øresund,dél,Teherhajó,275545000,4.9,100.0,16.0
2026-08-15,Øresund,dél,Teherhajó,304264000,2.8,83.0,12.0
2026-08-15,Øresund,dél,Teherhajó,305155000,3.5,107.0,15.0
2026-08-15,Øresund,észak,Teherhajó,305190000,5.0,86.0,13.0
2026-08-15,Øresund,észak,Teherhajó,305426000,6.5,176.0,26.0
2026-08-15,Øresund,dél,Teherhajó,305441000,5.6,88.0,12.0
2026-08-15,Øresund,dél,Teherhajó,305499000,3.5,89.0,13.0
2026-08-15,Øresund,észak,Teherhajó,314605000,3.2,100.0,12.0
2026-08-15,Øresund,dél,Teherhajó,314884000,6.8,190.0,32.0
2026-08-15,Øresund,dél,Teherhajó,341357002,3.1,82.0,11.0
2026-08-15,Øresund,dél,Tanker,352004884,7.2,180.0,28.0
2026-08-15,Øresund,dél,Teherhajó,538090736,6.5,180.0,30.0
2026-08-15,Øresund,dél,Teherhajó,636022047,9.5,161.0,25.0
2026-08-15,Øresund,dél,Teherhajó,636022653,6.9,218.0,43.0
2026-08-15,Øresund,dél,Teherhajó,636023222,3.6,89.0,13.0
2026-08-15,Øresund,észak,Tanker,668116291,6.7,180.0,32.0
2026-08-16,Nagy-Balti-öv,dél,Teherhajó,209536000,6.0,90.0,13.0
2026-08-16,Nagy-Balti-öv,dél,Teherhajó,211141000,8.3,134.0,23.0
2026-08-16,Nagy-Balti-öv,dél,Tanker,215685000,10.6,299.0,46.0
2026-08-16,Nagy-Balti-öv,észak,Teherhajó,219136000,11.6,200.0,36.0
2026-08-16,Nagy-Balti-öv,dél,Tanker,219814000,9.0,147.0,22.0
2026-08-16,Nagy-Balti-öv,észak,Teherhajó,229648000,10.1,255.0,37.0
2026-08-16,Nagy-Balti-öv,észak,Teherhajó,230642000,6.3,187.0,27.0
2026-08-16,Nagy-Balti-öv,dél,Teherhajó,244150276,4.2,101.0,14.0
2026-08-16,Nagy-Balti-öv,dél,Teherhajó,249605000,10.2,175.0,26.0
2026-08-16,Nagy-Balti-öv,észak,Teherhajó,249934000,4.0,88.0,13.0
2026-08-16,Nagy-Balti-öv,dél,Tanker,249976000,8.7,150.0,23.0
2026-08-16,Nagy-Balti-öv,dél,Teherhajó,250013821,4.1,103.0,15.0
2026-08-16,Nagy-Balti-öv,dél,Teherhajó,255802570,3.7,89.0,13.0
2026-08-16,Nagy-Balti-öv,dél,Teherhajó,255806480,4.4,106.0,15.0
2026-08-16,Nagy-Balti-öv,észak,Teherhajó,255848000,4.9,89.0,16.0
2026-08-16,Nagy-Balti-öv,észak,Teherhajó,255915928,10.8,177.0,28.0
2026-08-16,Nagy-Balti-öv,dél,Teherhajó,255916028,6.4,120.0,16.0
2026-08-16,Nagy-Balti-öv,dél,Tanker,256232000,10.5,300.0,49.0
2026-08-16,Nagy-Balti-öv,észak,Teherhajó,256571000,10.7,183.0,31.0
2026-08-16,Nagy-Balti-öv,dél,Teherhajó,256680000,8.2,190.0,32.0
2026-08-16,Nagy-Balti-öv,dél,Teherhajó,257207000,6.5,90.0,14.0
2026-08-16,Nagy-Balti-öv,dél,Tanker,257550000,8.2,129.0,20.0
2026-08-16,Nagy-Balti-öv,észak,Teherhajó,258114000,4.2,90.0,16.0
2026-08-16,Nagy-Balti-öv,dél,Teherhajó,258763000,6.4,94.0,15.0
2026-08-16,Nagy-Balti-öv,dél,Teherhajó,265039000,6.9,242.0,36.0
2026-08-16,Nagy-Balti-öv,dél,Tanker,265064000,8.0,149.0,23.0
2026-08-16,Nagy-Balti-öv,dél,Tanker,266464000,7.3,120.0,19.0
2026-08-16,Nagy-Balti-öv,észak,Teherhajó,268251601,3.4,79.0,10.0
2026-08-16,Nagy-Balti-öv,dél,Teherhajó,275511000,5.6,90.0,13.0
2026-08-16,Nagy-Balti-öv,dél,Teherhajó,305224000,6.4,89.0,14.0
2026-08-16,Nagy-Balti-öv,dél,Teherhajó,305425000,10.9,176.0,26.0
2026-08-16,Nagy-Balti-öv,észak,Teherhajó,305978000,7.5,158.0,23.0
2026-08-16,Nagy-Balti-öv,dél,Teherhajó,311000624,14.7,255.0,43.0
2026-08-16,Nagy-Balti-öv,észak,Tanker,314115000,15.0,243.0,42.0
2026-08-16,Nagy-Balti-öv,észak,Tanker,352005354,15.0,244.0,42.0
2026-08-16,Nagy-Balti-öv,észak,Teherhajó,354711000,10.9,196.0,33.0
2026-08-16,Nagy-Balti-öv,dél,Teherhajó,422031200,10.9,299.0,40.0
2026-08-16,Nagy-Balti-öv,dél,Teherhajó,477716400,12.9,255.0,43.0
2026-08-16,Nagy-Balti-öv,észak,Tanker,538006198,8.5,249.0,44.0
2026-08-16,Nagy-Balti-öv,észak,Teherhajó,538007004,11.5,190.0,32.0
2026-08-16,Nagy-Balti-öv,észak,Teherhajó,538010510,10.5,179.0,28.0
2026-08-16,Nagy-Balti-öv,észak,Teherhajó,563202200,8.5,255.0,43.0
2026-08-16,Nagy-Balti-öv,dél,Teherhajó,566954000,11.7,398.0,51.0
2026-08-16,Nagy-Balti-öv,észak,Tanker,631010131,14.5,250.0,44.0
2026-08-16,Nagy-Balti-öv,észak,Teherhajó,636017521,14.3,225.0,32.0
2026-08-16,Nagy-Balti-öv,dél,Teherhajó,636021768,15.0,366.0,51.0
2026-08-16,Nagy-Balti-öv,észak,Tanker,636022158,11.8,183.0,32.0
2026-08-16,Nagy-Balti-öv,dél,Tanker,636023388,11.3,183.0,32.0
2026-08-16,Nagy-Balti-öv,dél,Teherhajó,636025868,9.6,177.0,28.0
2026-08-16,Nagy-Balti-öv,dél,Teherhajó,636093159,10.3,222.0,30.0
2026-08-16,Nagy-Balti-öv,észak,Teherhajó,636093396,14.5,229.0,32.0
2026-08-16,Nagy-Balti-öv,észak,Tanker,667002359,15.0,243.0,42.0
2026-08-16,Øresund,észak,Teherhajó,209535000,3.9,90.0,13.0
2026-08-16,Øresund,dél,Teherhajó,210100000,5.8,89.0,13.0
2026-08-16,Øresund,észak,Teherhajó,210547000,5.9,99.0,14.0
2026-08-16,Øresund,dél,Teherhajó,210681000,6.6,120.0,16.0
2026-08-16,Øresund,észak,Teherhajó,211141000,8.3,134.0,23.0
2026-08-16,Øresund,észak,Teherhajó,212338000,6.1,90.0,16.0
2026-08-16,Øresund,dél,Teherhajó,212357000,9.0,184.0,25.0
2026-08-16,Øresund,észak,Tanker,212878000,5.0,109.0,17.0
2026-08-16,Øresund,dél,Teherhajó,212949000,4.6,100.0,20.0
2026-08-16,Øresund,észak,Tanker,219008000,6.9,147.0,22.0
2026-08-16,Øresund,dél,Teherhajó,230091950,4.8,83.0,13.0
2026-08-16,Øresund,észak,Teherhajó,230694000,7.3,238.0,35.0
2026-08-16,Øresund,dél,Teherhajó,230697000,6.6,238.0,35.0
2026-08-16,Øresund,dél,Teherhajó,232031869,5.6,90.0,14.0
2026-08-16,Øresund,észak,Teherhajó,244615929,4.7,140.0,24.0
2026-08-16,Øresund,dél,Tanker,244678000,6.7,116.0,15.0
2026-08-16,Øresund,észak,Teherhajó,244828000,6.7,122.0,14.0
2026-08-16,Øresund,észak,Teherhajó,244912000,7.4,205.0,26.0
2026-08-16,Øresund,dél,Teherhajó,245118000,5.2,105.0,16.0
2026-08-16,Øresund,dél,Teherhajó,246125000,6.2,89.0,14.0
2026-08-16,Øresund,dél,Teherhajó,246483000,5.7,88.0,13.0
2026-08-16,Øresund,észak,Tanker,246541000,5.1,116.0,15.0
2026-08-16,Øresund,észak,Teherhajó,246625000,7.1,143.0,16.0
2026-08-16,Øresund,észak,Teherhajó,246639000,4.3,83.0,13.0
2026-08-16,Øresund,észak,Teherhajó,246670000,5.5,114.0,14.0
2026-08-16,Øresund,dél,Teherhajó,246671000,6.8,169.0,25.0
2026-08-16,Øresund,észak,Teherhajó,246767000,5.8,142.0,19.0
2026-08-16,Øresund,dél,Teherhajó,249216000,6.5,190.0,32.0
2026-08-16,Øresund,észak,Tanker,249222000,5.9,100.0,18.0
2026-08-16,Øresund,dél,Teherhajó,255805577,6.0,140.0,23.0
2026-08-16,Øresund,dél,Teherhajó,255805955,5.6,97.0,16.0
2026-08-16,Øresund,észak,Tanker,255806263,7.0,183.0,32.0
2026-08-16,Øresund,dél,Teherhajó,255909640,3.9,88.0,14.0
2026-08-16,Øresund,dél,Teherhajó,255915627,5.8,99.0,16.0
2026-08-16,Øresund,észak,Tanker,256717000,4.4,90.0,15.0
2026-08-16,Øresund,észak,Teherhajó,256956000,5.5,101.0,15.0
2026-08-16,Øresund,dél,Teherhajó,257035870,6.2,90.0,14.0
2026-08-16,Øresund,dél,Teherhajó,257115000,5.7,88.0,13.0
2026-08-16,Øresund,dél,Teherhajó,257520000,6.5,114.0,18.0
2026-08-16,Øresund,észak,Teherhajó,257988000,6.3,119.0,17.0
2026-08-16,Øresund,észak,Tanker,258849000,6.2,129.0,20.0
2026-08-16,Øresund,észak,Tanker,266266000,5.3,130.0,20.0
2026-08-16,Øresund,dél,Tanker,266472000,6.5,88.0,13.0
2026-08-16,Øresund,dél,Teherhajó,268235902,5.2,169.0,26.0
2026-08-16,Øresund,dél,Teherhajó,273148810,5.5,95.0,13.0
2026-08-16,Øresund,észak,Teherhajó,273218630,7.1,139.0,20.0
2026-08-16,Øresund,dél,Teherhajó,277586000,8.6,148.0,25.0
2026-08-16,Øresund,észak,Teherhajó,277586000,8.6,148.0,25.0
2026-08-16,Øresund,észak,Teherhajó,305468000,6.3,90.0,13.0
2026-08-16,Øresund,észak,Teherhajó,305649000,5.7,95.0,14.0
2026-08-16,Øresund,dél,Teherhajó,305978000,7.5,158.0,23.0
2026-08-16,Øresund,észak,Teherhajó,309701000,6.0,88.0,14.0
2026-08-16,Øresund,észak,Teherhajó,311000795,6.6,150.0,22.0
2026-08-16,Øresund,észak,Teherhajó,311995000,7.1,148.0,25.0
2026-08-16,Øresund,dél,Tanker,314203000,7.7,274.0,50.0
2026-08-16,Øresund,dél,Teherhajó,314474000,4.8,88.0,11.0
2026-08-16,Øresund,észak,Teherhajó,314826000,4.7,88.0,11.0
2026-08-16,Øresund,dél,Teherhajó,351988000,7.7,229.0,32.0
2026-08-16,Øresund,dél,Teherhajó,538003818,7.2,190.0,32.0
2026-08-16,Øresund,dél,Teherhajó,538004890,6.1,180.0,30.0
2026-08-16,Øresund,dél,Teherhajó,538010038,5.5,175.0,30.0
2026-08-16,Øresund,dél,Tanker,538011362,5.7,100.0,17.0
2026-08-16,Øresund,dél,Teherhajó,538012574,6.5,180.0,30.0
2026-08-16,Øresund,dél,Teherhajó,636019820,6.8,199.0,32.0
2026-08-16,Øresund,dél,Teherhajó,636022248,7.2,229.0,38.0
2026-08-16,Øresund,dél,Teherhajó,636024311,6.5,200.0,32.0
2026-08-16,Øresund,dél,Teherhajó,636025089,7.2,199.0,32.0
2026-08-16,Øresund,dél,Tanker,636026408,7.0,256.0,43.0
2026-08-16,Øresund,dél,Tanker,636026411,7.2,274.0,48.0
2026-08-16,Øresund,dél,Tanker,667001249,6.0,249.0,44.0
2026-08-17,Nagy-Balti-öv,dél,Teherhajó,209336000,4.5,88.0,11.0
2026-08-17,Nagy-Balti-öv,észak,Teherhajó,209536000,3.7,90.0,13.0
2026-08-17,Nagy-Balti-öv,észak,Teherhajó,210704000,6.2,90.0,13.0
2026-08-17,Nagy-Balti-öv,dél,Tanker,219309000,11.5,187.0,28.0
2026-08-17,Nagy-Balti-öv,észak,Tanker,220018000,5.0,78.0,13.0
2026-08-17,Nagy-Balti-öv,észak,Teherhajó,230666000,5.3,90.0,14.0
2026-08-17,Nagy-Balti-öv,dél,Teherhajó,245097000,7.0,205.0,26.0
2026-08-17,Nagy-Balti-öv,dél,Tanker,248080000,6.3,107.0,16.0
2026-08-17,Nagy-Balti-öv,észak,Tanker,248884000,14.0,253.0,44.0
2026-08-17,Nagy-Balti-öv,észak,Teherhajó,249605000,6.4,175.0,26.0
2026-08-17,Nagy-Balti-öv,észak,Tanker,249810000,4.4,100.0,17.0
2026-08-17,Nagy-Balti-öv,észak,Teherhajó,249814000,9.6,169.0,26.0
2026-08-17,Nagy-Balti-öv,dél,Teherhajó,255806081,10.5,179.0,27.0
2026-08-17,Nagy-Balti-öv,dél,Teherhajó,255916027,7.8,120.0,16.0
2026-08-17,Nagy-Balti-öv,észak,Teherhajó,255916285,5.1,89.0,12.0
2026-08-17,Nagy-Balti-öv,észak,Teherhajó,255916314,7.5,148.0,27.0
2026-08-17,Nagy-Balti-öv,észak,Teherhajó,257088370,5.3,88.0,13.0
2026-08-17,Nagy-Balti-öv,dél,Teherhajó,257141000,3.8,88.0,13.0
2026-08-17,Nagy-Balti-öv,észak,Teherhajó,257141000,3.8,88.0,13.0
2026-08-17,Nagy-Balti-öv,észak,Teherhajó,257207000,3.7,90.0,14.0
2026-08-17,Nagy-Balti-öv,dél,Teherhajó,257350220,5.9,100.0,16.0
2026-08-17,Nagy-Balti-öv,észak,Teherhajó,258763000,4.2,94.0,15.0
2026-08-17,Nagy-Balti-öv,dél,Tanker,258913000,7.1,180.0,28.0
2026-08-17,Nagy-Balti-öv,észak,Teherhajó,265022000,7.3,242.0,36.0
2026-08-17,Nagy-Balti-öv,észak,Tanker,266436000,5.5,100.0,18.0
2026-08-17,Nagy-Balti-öv,észak,Tanker,273123910,14.8,274.0,50.0
2026-08-17,Nagy-Balti-öv,észak,Tanker,273126420,15.0,274.0,48.0
2026-08-17,Nagy-Balti-öv,észak,Tanker,273211890,11.3,277.0,44.0
2026-08-17,Nagy-Balti-öv,észak,Teherhajó,305224000,4.2,89.0,14.0
2026-08-17,Nagy-Balti-öv,dél,Teherhajó,305530000,10.5,176.0,26.0
2026-08-17,Nagy-Balti-öv,dél,Teherhajó,311000977,7.7,,
2026-08-17,Nagy-Balti-öv,dél,Tanker,311001668,15.0,274.0,48.0
2026-08-17,Nagy-Balti-öv,észak,Tanker,311001726,12.5,189.0,32.0
2026-08-17,Nagy-Balti-öv,észak,Teherhajó,314019000,3.2,83.0,11.0
2026-08-17,Nagy-Balti-öv,észak,Teherhajó,352003701,14.7,229.0,37.0
2026-08-17,Nagy-Balti-öv,dél,Tanker,352898793,10.3,250.0,44.0
2026-08-17,Nagy-Balti-öv,dél,Tanker,477539900,14.6,275.0,48.0
2026-08-17,Nagy-Balti-öv,észak,Tanker,511101345,12.0,180.0,32.0
2026-08-17,Nagy-Balti-öv,észak,Tanker,538004638,9.0,244.0,42.0
2026-08-17,Nagy-Balti-öv,észak,Teherhajó,538006206,9.9,180.0,28.0
2026-08-17,Nagy-Balti-öv,észak,Tanker,538007337,8.7,252.0,44.0
2026-08-17,Nagy-Balti-öv,dél,Tanker,538007462,14.7,252.0,44.0
2026-08-17,Nagy-Balti-öv,észak,Teherhajó,538008298,7.1,225.0,48.0
2026-08-17,Nagy-Balti-öv,dél,Tanker,548989000,10.0,143.0,24.0
2026-08-17,Nagy-Balti-öv,dél,Teherhajó,563288800,10.9,208.0,30.0
2026-08-17,Nagy-Balti-öv,észak,Teherhajó,566090000,8.0,163.0,26.0
2026-08-17,Nagy-Balti-öv,észak,Tanker,566453000,9.0,274.0,49.0
2026-08-17,Nagy-Balti-öv,dél,Teherhajó,636021532,14.7,229.0,32.0
2026-08-17,Nagy-Balti-öv,dél,Teherhajó,636022717,6.2,180.0,30.0
2026-08-17,Nagy-Balti-öv,dél,Teherhajó,636023222,5.4,89.0,13.0
2026-08-17,Nagy-Balti-öv,észak,Tanker,636024113,8.6,250.0,44.0
2026-08-17,Nagy-Balti-öv,észak,Tanker,636025354,10.9,180.0,32.0
2026-08-17,Nagy-Balti-öv,észak,Teherhajó,636091995,10.8,208.0,30.0
2026-08-17,Øresund,észak,Teherhajó,209239000,3.3,87.0,13.0
2026-08-17,Øresund,észak,Teherhajó,209525000,4.1,90.0,13.0
2026-08-17,Øresund,észak,Teherhajó,210046000,4.3,100.0,13.0
2026-08-17,Øresund,dél,Teherhajó,210387000,3.5,89.0,14.0
2026-08-17,Øresund,dél,Tanker,210855000,6.9,109.0,17.0
2026-08-17,Øresund,dél,Teherhajó,211341960,4.8,149.0,28.0
2026-08-17,Øresund,dél,Teherhajó,211870240,7.6,159.0,22.0
2026-08-17,Øresund,észak,Teherhajó,212357000,7.0,184.0,25.0
2026-08-17,Øresund,észak,Teherhajó,212530000,5.7,90.0,15.0
2026-08-17,Øresund,dél,Teherhajó,212916000,6.4,89.0,16.0
2026-08-17,Øresund,dél,Tanker,215233000,7.0,183.0,32.0
2026-08-17,Øresund,dél,Teherhajó,215378000,7.0,190.0,32.0
2026-08-17,Øresund,észak,Teherhajó,230984000,7.0,141.0,22.0
2026-08-17,Øresund,észak,Teherhajó,231915000,4.3,90.0,13.0
2026-08-17,Øresund,dél,Teherhajó,236108000,3.8,83.0,13.0
2026-08-17,Øresund,dél,Teherhajó,244830818,4.4,119.0,16.0
2026-08-17,Øresund,észak,Teherhajó,244976000,7.3,134.0,16.0
2026-08-17,Øresund,észak,Teherhajó,246483000,5.0,88.0,13.0
2026-08-17,Øresund,észak,Tanker,248221000,4.7,109.0,17.0
2026-08-17,Øresund,észak,Teherhajó,250006161,7.1,120.0,15.0
2026-08-17,Øresund,dél,Teherhajó,255742000,7.1,169.0,28.0
2026-08-17,Øresund,észak,Teherhajó,255806433,3.8,130.0,25.0
2026-08-17,Øresund,dél,Teherhajó,255808000,5.1,89.0,16.0
2026-08-17,Øresund,dél,Tanker,265610040,5.5,80.0,14.0
2026-08-17,Øresund,észak,Tanker,266472000,5.6,88.0,13.0
2026-08-17,Øresund,dél,Teherhajó,305479000,5.0,90.0,15.0
2026-08-17,Øresund,észak,Teherhajó,305497000,4.5,90.0,15.0
2026-08-17,Øresund,dél,Teherhajó,305821000,4.3,95.0,14.0
2026-08-17,Øresund,észak,Teherhajó,305978000,8.0,158.0,23.0
2026-08-17,Øresund,dél,Teherhajó,308803000,7.5,148.0,25.0
2026-08-17,Øresund,dél,Teherhajó,311001765,4.1,78.0,9.0
2026-08-17,Øresund,dél,Teherhajó,311001793,5.3,88.0,13.0
2026-08-17,Øresund,dél,Teherhajó,311001899,6.8,90.0,16.0
2026-08-17,Øresund,dél,Teherhajó,314001161,7.0,183.0,32.0
2026-08-17,Øresund,dél,Teherhajó,352002172,6.8,190.0,32.0
2026-08-17,Øresund,észak,Teherhajó,355444000,5.7,100.0,21.0
2026-08-17,Øresund,észak,Tanker,538005404,6.8,183.0,27.0
2026-08-17,Øresund,dél,Tanker,538005799,6.1,100.0,17.0
2026-08-17,Øresund,dél,Teherhajó,538008293,5.4,169.0,27.0
2026-08-17,Øresund,észak,Tanker,538008656,7.7,250.0,44.0
2026-08-17,Øresund,dél,Teherhajó,538008690,5.9,178.0,28.0
2026-08-17,Øresund,dél,Teherhajó,538012015,7.1,229.0,32.0
2026-08-17,Øresund,dél,Tanker,563049000,7.7,145.0,23.0
2026-08-17,Øresund,észak,Teherhajó,572728220,6.6,133.0,19.0
2026-08-17,Øresund,dél,Teherhajó,636022444,7.4,230.0,38.0
2026-08-17,Øresund,dél,Teherhajó,636022775,3.5,90.0,13.0
2026-08-17,Øresund,észak,Teherhajó,636023222,5.4,89.0,13.0
2026-08-17,Øresund,dél,Teherhajó,636093290,7.2,229.0,32.0
2026-08-17,Øresund,dél,Tanker,667002277,6.8,250.0,44.0
2026-08-18,Nagy-Balti-öv,dél,Teherhajó,209968000,3.9,82.0,12.0
2026-08-18,Nagy-Balti-öv,észak,Teherhajó,210238000,12.5,197.0,33.0
2026-08-18,Nagy-Balti-öv,észak,Teherhajó,210544000,5.1,90.0,14.0
2026-08-18,Nagy-Balti-öv,dél,Teherhajó,211100000,2.8,81.0,11.0
2026-08-18,Nagy-Balti-öv,dél,Teherhajó,212357000,7.0,184.0,25.0
2026-08-18,Nagy-Balti-öv,dél,Teherhajó,218549000,12.2,255.0,38.0
2026-08-18,Nagy-Balti-öv,dél,Tanker,219008000,8.5,147.0,22.0
2026-08-18,Nagy-Balti-öv,dél,Tanker,220018000,3.8,78.0,13.0
2026-08-18,Nagy-Balti-öv,dél,Teherhajó,230642000,5.6,187.0,27.0
2026-08-18,Nagy-Balti-öv,dél,Teherhajó,244121000,7.1,169.0,26.0
2026-08-18,Nagy-Balti-öv,észak,Teherhajó,244694000,6.3,86.0,14.0
2026-08-18,Nagy-Balti-öv,észak,Teherhajó,244765000,3.2,89.0,12.0
2026-08-18,Nagy-Balti-öv,észak,Tanker,244870430,7.5,115.0,19.0
2026-08-18,Nagy-Balti-öv,észak,Tanker,246553000,5.2,104.0,16.0
2026-08-18,Nagy-Balti-öv,észak,Teherhajó,249874000,9.3,169.0,26.0
2026-08-18,Nagy-Balti-öv,észak,Teherhajó,250013821,6.8,103.0,15.0
2026-08-18,Nagy-Balti-öv,észak,Teherhajó,255805555,8.2,149.0,22.0
2026-08-18,Nagy-Balti-öv,dél,Teherhajó,255806433,4.9,130.0,25.0
2026-08-18,Nagy-Balti-öv,észak,Teherhajó,255806451,8.1,158.0,24.0
2026-08-18,Nagy-Balti-öv,észak,Teherhajó,255916597,10.5,180.0,32.0
2026-08-18,Nagy-Balti-öv,dél,Teherhajó,256708000,7.5,205.0,30.0
2026-08-18,Nagy-Balti-öv,észak,Teherhajó,256882000,10.0,205.0,30.0
2026-08-18,Nagy-Balti-öv,dél,Teherhajó,257114000,5.5,95.0,14.0
2026-08-18,Nagy-Balti-öv,dél,Tanker,258914000,9.2,180.0,28.0
2026-08-18,Nagy-Balti-öv,dél,Tanker,265072000,8.7,130.0,22.0
2026-08-18,Nagy-Balti-öv,észak,Teherhajó,266247000,6.7,190.0,26.0
2026-08-18,Nagy-Balti-öv,észak,Tanker,266464000,6.0,120.0,19.0
2026-08-18,Nagy-Balti-öv,dél,Tanker,273253130,8.7,250.0,46.0
2026-08-18,Nagy-Balti-öv,észak,Tanker,273335920,5.5,150.0,18.0
2026-08-18,Nagy-Balti-öv,észak,Teherhajó,273389870,6.3,127.0,20.0
2026-08-18,Nagy-Balti-öv,dél,Teherhajó,305415000,5.3,106.0,15.0
2026-08-18,Nagy-Balti-öv,észak,Teherhajó,305511000,4.1,99.0,14.0
2026-08-18,Nagy-Balti-öv,dél,Teherhajó,305511000,4.1,99.0,14.0
2026-08-18,Nagy-Balti-öv,dél,Teherhajó,305643000,7.7,138.0,22.0
2026-08-18,Nagy-Balti-öv,dél,Teherhajó,305677000,8.5,107.0,18.0
2026-08-18,Nagy-Balti-öv,dél,Teherhajó,305885000,6.5,125.0,22.0
2026-08-18,Nagy-Balti-öv,észak,Tanker,311002013,14.0,274.0,48.0
2026-08-18,Nagy-Balti-öv,észak,Teherhajó,311002379,13.2,229.0,32.0
2026-08-18,Nagy-Balti-öv,dél,Tanker,314001158,9.0,274.0,48.0
2026-08-18,Nagy-Balti-öv,dél,Tanker,319104700,8.8,146.0,24.0
2026-08-18,Nagy-Balti-öv,észak,Teherhajó,352002567,12.0,186.0,30.0
2026-08-18,Nagy-Balti-öv,dél,Tanker,352003060,8.5,240.0,44.0
2026-08-18,Nagy-Balti-öv,dél,Tanker,352003729,12.1,183.0,32.0
2026-08-18,Nagy-Balti-öv,észak,Teherhajó,352004293,15.0,225.0,32.0
2026-08-18,Nagy-Balti-öv,dél,Tanker,352004616,9.0,275.0,48.0
2026-08-18,Nagy-Balti-öv,észak,Teherhajó,354235000,14.5,235.0,38.0
2026-08-18,Nagy-Balti-öv,dél,Teherhajó,355444000,4.7,100.0,21.0
2026-08-18,Nagy-Balti-öv,észak,Teherhajó,370484000,13.8,225.0,33.0
2026-08-18,Nagy-Balti-öv,észak,Teherhajó,477195100,12.2,291.0,32.0
2026-08-18,Nagy-Balti-öv,észak,Teherhajó,477885500,10.2,180.0,30.0
2026-08-18,Nagy-Balti-öv,dél,Teherhajó,477895500,14.2,399.0,61.0
2026-08-18,Nagy-Balti-öv,észak,Teherhajó,538002570,10.4,190.0,32.0
2026-08-18,Nagy-Balti-öv,dél,Teherhajó,538005278,11.8,188.0,27.0
2026-08-18,Nagy-Balti-öv,dél,Teherhajó,538006864,6.5,198.0,32.0
2026-08-18,Nagy-Balti-öv,dél,Teherhajó,538007705,7.8,225.0,48.0
2026-08-18,Nagy-Balti-öv,dél,Tanker,538010133,9.8,183.0,32.0
2026-08-18,Nagy-Balti-öv,észak,Tanker,538010809,7.4,180.0,30.0
2026-08-18,Nagy-Balti-öv,dél,Teherhajó,538011072,13.1,198.0,32.0
2026-08-18,Nagy-Balti-öv,észak,Teherhajó,538090735,9.8,197.0,32.0
2026-08-18,Nagy-Balti-öv,dél,Teherhajó,567618000,13.0,190.0,32.0
2026-08-18,Nagy-Balti-öv,dél,Teherhajó,620800398,7.2,108.0,18.0
2026-08-18,Nagy-Balti-öv,dél,Tanker,636014253,9.2,274.0,50.0
2026-08-18,Nagy-Balti-öv,dél,Teherhajó,636017264,10.4,180.0,30.0
2026-08-18,Nagy-Balti-öv,dél,Teherhajó,636018141,7.7,194.0,28.0
2026-08-18,Nagy-Balti-öv,észak,Teherhajó,636023679,11.7,366.0,51.0
2026-08-18,Øresund,dél,Teherhajó,209014000,4.2,88.0,12.0
2026-08-18,Øresund,dél,Teherhajó,209850000,6.0,140.0,22.0
2026-08-18,Øresund,dél,Teherhajó,210046000,3.7,100.0,13.0
2026-08-18,Øresund,dél,Teherhajó,211317180,5.0,100.0,17.0
2026-08-18,Øresund,dél,Teherhajó,212802000,4.8,90.0,14.0
2026-08-18,Øresund,észak,Tanker,215064000,5.3,88.0,15.0
2026-08-18,Øresund,dél,Teherhajó,218805000,5.2,90.0,15.0
2026-08-18,Øresund,dél,Teherhajó,219164000,7.3,86.0,14.0
2026-08-18,Øresund,dél,Tanker,219554000,7.9,130.0,20.0
2026-08-18,Øresund,dél,Teherhajó,231766000,5.6,95.0,16.0
2026-08-18,Øresund,észak,Teherhajó,231907000,6.5,89.0,13.0
2026-08-18,Øresund,észak,Teherhajó,231920000,5.0,89.0,13.0
2026-08-18,Øresund,észak,Teherhajó,244017000,6.4,115.0,17.0
2026-08-18,Øresund,dél,Teherhajó,244301000,6.2,141.0,21.0
2026-08-18,Øresund,dél,Teherhajó,245279000,7.2,133.0,15.0
2026-08-18,Øresund,észak,Teherhajó,245455000,4.3,107.0,15.0
2026-08-18,Øresund,dél,Teherhajó,245983000,4.3,88.0,13.0
2026-08-18,Øresund,dél,Teherhajó,246684000,4.9,88.0,13.0
2026-08-18,Øresund,dél,Teherhajó,246837000,6.5,170.0,20.0
2026-08-18,Øresund,észak,Teherhajó,255742000,6.7,169.0,28.0
2026-08-18,Øresund,dél,Teherhajó,255805555,8.2,149.0,22.0
2026-08-18,Øresund,észak,Teherhajó,255805680,5.4,89.0,12.0
2026-08-18,Øresund,észak,Teherhajó,255805881,4.0,98.0,16.0
2026-08-18,Øresund,észak,Teherhajó,255806300,6.7,135.0,22.0
2026-08-18,Øresund,dél,Teherhajó,255806378,6.9,180.0,30.0
2026-08-18,Øresund,dél,Teherhajó,255916022,5.1,98.0,16.0
2026-08-18,Øresund,észak,Teherhajó,255916028,7.6,120.0,16.0
2026-08-18,Øresund,észak,Teherhajó,257035870,4.2,90.0,14.0
2026-08-18,Øresund,észak,Teherhajó,257308000,4.9,93.0,15.0
2026-08-18,Øresund,észak,Tanker,257374000,6.4,140.0,22.0
2026-08-18,Øresund,dél,Teherhajó,257477000,5.7,88.0,13.0
2026-08-18,Øresund,észak,Teherhajó,258622000,4.9,101.0,17.0
2026-08-18,Øresund,észak,Tanker,258715000,4.0,89.0,13.0
2026-08-18,Øresund,dél,Tanker,265012140,5.7,100.0,19.0
2026-08-18,Øresund,dél,Tanker,265078760,6.9,167.0,26.0
2026-08-18,Øresund,dél,Teherhajó,265412000,6.2,170.0,24.0
2026-08-18,Øresund,dél,Teherhajó,268251601,2.4,79.0,10.0
2026-08-18,Øresund,dél,Teherhajó,273422240,6.9,134.0,30.0
2026-08-18,Øresund,dél,Teherhajó,275535000,6.1,134.0,20.0
2026-08-18,Øresund,észak,Teherhajó,275535000,6.1,134.0,20.0
2026-08-18,Øresund,észak,Teherhajó,304028000,4.9,82.0,12.0
2026-08-18,Øresund,dél,Teherhajó,304145000,5.8,90.0,14.0
2026-08-18,Øresund,dél,Teherhajó,304656000,5.0,82.0,12.0
2026-08-18,Øresund,dél,Teherhajó,305288000,4.1,80.0,12.0
2026-08-18,Øresund,dél,Teherhajó,305412000,7.4,129.0,20.0
2026-08-18,Øresund,észak,Teherhajó,305465000,3.6,90.0,13.0
2026-08-18,Øresund,észak,Teherhajó,311001797,4.5,88.0,13.0
2026-08-18,Øresund,dél,Tanker,431228000,10.0,175.0,28.0
2026-08-18,Øresund,dél,Tanker,511101642,4.8,99.0,18.0
2026-08-18,Øresund,dél,Teherhajó,538002659,6.2,190.0,32.0
2026-08-18,Øresund,észak,Tanker,538006310,4.6,95.0,16.0
2026-08-18,Øresund,dél,Teherhajó,538008684,6.6,180.0,30.0
2026-08-18,Øresund,észak,Tanker,563049000,6.0,145.0,23.0
2026-08-18,Øresund,dél,Tanker,563090100,5.6,99.0,17.0
2026-08-18,Øresund,dél,Teherhajó,636015594,6.1,180.0,30.0
2026-08-18,Øresund,dél,Tanker,636016407,6.7,184.0,32.0
2026-08-18,Øresund,dél,Teherhajó,636022892,6.3,180.0,30.0
2026-08-18,Øresund,dél,Tanker,667001256,6.9,244.0,42.0
2026-08-19,Nagy-Balti-öv,dél,Teherhajó,211230400,2.8,76.0,12.0
2026-08-19,Nagy-Balti-öv,dél,Teherhajó,212963000,6.6,152.0,24.0
2026-08-19,Nagy-Balti-öv,észak,Teherhajó,218797000,4.8,90.0,12.0
2026-08-19,Nagy-Balti-öv,észak,Tanker,220018000,5.0,78.0,13.0
2026-08-19,Nagy-Balti-öv,dél,Teherhajó,236729000,4.2,116.0,16.0
2026-08-19,Nagy-Balti-öv,dél,Tanker,241866000,14.0,250.0,44.0
2026-08-19,Nagy-Balti-öv,dél,Tanker,248221000,5.4,109.0,17.0
2026-08-19,Nagy-Balti-öv,észak,Teherhajó,249788000,11.7,199.0,32.0
2026-08-19,Nagy-Balti-öv,észak,Teherhajó,255806254,13.0,229.0,32.0
2026-08-19,Nagy-Balti-öv,dél,Teherhajó,255916314,8.0,148.0,27.0
2026-08-19,Nagy-Balti-öv,észak,Teherhajó,256883000,10.0,205.0,30.0
2026-08-19,Nagy-Balti-öv,dél,Teherhajó,258114000,5.9,90.0,16.0
2026-08-19,Nagy-Balti-öv,dél,Teherhajó,258227000,6.6,87.0,15.0
2026-08-19,Nagy-Balti-öv,észak,Teherhajó,258227000,6.6,87.0,15.0
2026-08-19,Nagy-Balti-öv,dél,Teherhajó,258809000,6.4,90.0,14.0
2026-08-19,Nagy-Balti-öv,észak,Teherhajó,258809000,6.4,90.0,14.0
2026-08-19,Nagy-Balti-öv,észak,Tanker,258913000,7.0,180.0,28.0
2026-08-19,Nagy-Balti-öv,észak,Tanker,265062000,6.2,149.0,23.0
2026-08-19,Nagy-Balti-öv,észak,Tanker,266476000,5.4,119.0,17.0
2026-08-19,Nagy-Balti-öv,észak,Tanker,273251530,14.4,249.0,44.0
2026-08-19,Nagy-Balti-öv,dél,Teherhajó,273254830,6.9,134.0,18.0
2026-08-19,Nagy-Balti-öv,dél,Teherhajó,304219000,9.7,166.0,21.0
2026-08-19,Nagy-Balti-öv,dél,Teherhajó,304369000,3.5,90.0,13.0
2026-08-19,Nagy-Balti-öv,észak,Teherhajó,304717000,4.1,88.0,12.0
2026-08-19,Nagy-Balti-öv,dél,Teherhajó,305426000,9.2,176.0,26.0
2026-08-19,Nagy-Balti-öv,észak,Teherhajó,305511000,3.5,99.0,14.0
2026-08-19,Nagy-Balti-öv,észak,Teherhajó,305530000,6.5,176.0,26.0
2026-08-19,Nagy-Balti-öv,dél,Teherhajó,305978000,8.0,158.0,23.0
2026-08-19,Nagy-Balti-öv,észak,Teherhajó,354537000,10.8,237.0,32.0
2026-08-19,Nagy-Balti-öv,észak,Teherhajó,356643000,8.9,170.0,27.0
2026-08-19,Nagy-Balti-öv,észak,Teherhajó,374352000,9.4,142.0,23.0
2026-08-19,Nagy-Balti-öv,észak,Tanker,413392340,9.2,152.0,23.0
2026-08-19,Nagy-Balti-öv,észak,Tanker,461000249,14.1,249.0,44.0
2026-08-19,Nagy-Balti-öv,dél,Tanker,538006771,14.9,252.0,44.0
2026-08-19,Nagy-Balti-öv,észak,Tanker,538007216,9.3,252.0,44.0
2026-08-19,Nagy-Balti-öv,észak,Teherhajó,538009422,10.8,186.0,28.0
2026-08-19,Nagy-Balti-öv,észak,Teherhajó,563174500,14.6,229.0,32.0
2026-08-19,Nagy-Balti-öv,dél,Teherhajó,563235900,14.7,229.0,32.0
2026-08-19,Nagy-Balti-öv,dél,Teherhajó,563323500,9.7,158.0,25.0
2026-08-19,Nagy-Balti-öv,dél,Tanker,613702110,8.0,241.0,42.0
2026-08-19,Nagy-Balti-öv,észak,Tanker,631010110,13.9,250.0,44.0
2026-08-19,Nagy-Balti-öv,dél,Tanker,636016302,8.0,183.0,32.0
2026-08-19,Nagy-Balti-öv,észak,Teherhajó,636016697,15.0,229.0,32.0
2026-08-19,Nagy-Balti-öv,dél,Tanker,636021172,12.2,230.0,37.0
2026-08-19,Nagy-Balti-öv,észak,Teherhajó,636021202,11.8,233.0,32.0
2026-08-19,Nagy-Balti-öv,észak,Tanker,636021311,8.6,250.0,44.0
2026-08-19,Nagy-Balti-öv,észak,Teherhajó,636021871,9.2,148.0,23.0
2026-08-19,Nagy-Balti-öv,dél,Teherhajó,636025762,13.8,366.0,51.0
2026-08-19,Nagy-Balti-öv,dél,Tanker,710024830,11.2,274.0,48.0
2026-08-19,Øresund,dél,Teherhajó,209525000,6.1,90.0,13.0
2026-08-19,Øresund,dél,Teherhajó,209536000,6.1,90.0,13.0
2026-08-19,Øresund,észak,Teherhajó,210046000,5.5,100.0,13.0
2026-08-19,Øresund,dél,Teherhajó,210549000,5.3,90.0,14.0
2026-08-19,Øresund,észak,Teherhajó,212360000,6.2,96.0,14.0
2026-08-19,Øresund,dél,Teherhajó,219304000,9.6,179.0,31.0
2026-08-19,Øresund,észak,Teherhajó,219304000,9.6,179.0,31.0
2026-08-19,Øresund,észak,Tanker,219554000,8.1,130.0,20.0
2026-08-19,Øresund,dél,Teherhajó,231907000,3.9,89.0,13.0
2026-08-19,Øresund,dél,Teherhajó,244224000,5.3,107.0,18.0
2026-08-19,Øresund,dél,Teherhajó,244750397,3.4,89.0,13.0
2026-08-19,Øresund,észak,Tanker,244784000,6.3,100.0,16.0
2026-08-19,Øresund,dél,Teherhajó,245306000,5.0,90.0,14.0
2026-08-19,Øresund,dél,Teherhajó,246244000,5.4,141.0,24.0
2026-08-19,Øresund,dél,Tanker,246354000,6.6,100.0,16.0
2026-08-19,Øresund,észak,Tanker,248886000,4.3,88.0,14.0
2026-08-19,Øresund,dél,Tanker,248886000,4.3,88.0,14.0
2026-08-19,Øresund,észak,Tanker,255806227,5.0,103.0,16.0
2026-08-19,Øresund,észak,Teherhajó,255915634,6.4,99.0,16.0
2026-08-19,Øresund,észak,Teherhajó,255916098,3.3,89.0,12.0
2026-08-19,Øresund,dél,Tanker,255917319,5.8,124.0,17.0
2026-08-19,Øresund,észak,Tanker,255917319,5.8,124.0,17.0
2026-08-19,Øresund,dél,Teherhajó,257415000,6.4,87.0,15.0
2026-08-19,Øresund,észak,Teherhajó,257477000,3.4,88.0,13.0
2026-08-19,Øresund,dél,Teherhajó,257782000,4.6,116.0,16.0
2026-08-19,Øresund,észak,Tanker,265012140,5.4,100.0,19.0
2026-08-19,Øresund,észak,Teherhajó,265052000,5.5,153.0,21.0
2026-08-19,Øresund,dél,Tanker,266266000,7.0,130.0,20.0
2026-08-19,Øresund,dél,Tanker,266472000,6.3,88.0,13.0
2026-08-19,Øresund,észak,Teherhajó,304099000,4.3,105.0,16.0
2026-08-19,Øresund,észak,Teherhajó,304146000,5.7,88.0,14.0
2026-08-19,Øresund,dél,Teherhajó,304627000,3.9,94.0,13.0
2026-08-19,Øresund,dél,Teherhajó,305175000,3.8,119.0,14.0
2026-08-19,Øresund,dél,Teherhajó,311001499,4.0,89.0,14.0
2026-08-19,Øresund,észak,Teherhajó,311001765,3.2,78.0,9.0
2026-08-19,Øresund,dél,Teherhajó,314207000,5.8,90.0,16.0
2026-08-19,Øresund,észak,Teherhajó,314584000,4.6,90.0,12.0
2026-08-19,Øresund,észak,Tanker,431228000,9.2,175.0,28.0
2026-08-19,Øresund,dél,Teherhajó,538010283,7.0,180.0,28.0
2026-08-19,Øresund,észak,Tanker,538011362,4.7,100.0,17.0
2026-08-19,Øresund,dél,Teherhajó,538012347,6.6,190.0,32.0
2026-08-19,Øresund,észak,Tanker,620999607,5.8,77.0,14.0
2026-08-19,Øresund,dél,Teherhajó,636015171,6.9,230.0,38.0
2026-08-19,Øresund,dél,Tanker,636019884,7.1,173.0,28.0
2026-08-19,Øresund,észak,Teherhajó,636022047,8.7,161.0,25.0
2026-08-19,Øresund,észak,Teherhajó,636022780,7.1,200.0,32.0
2026-08-19,Øresund,észak,Teherhajó,636023944,7.5,172.0,28.0
2026-08-19,Øresund,dél,Teherhajó,636093340,7.0,180.0,30.0
2026-08-19,Øresund,dél,Tanker,667001281,6.6,248.0,43.0
2026-08-20,Nagy-Balti-öv,észak,Teherhajó,212366000,10.1,182.0,30.0
2026-08-20,Nagy-Balti-öv,dél,Teherhajó,212810000,7.6,120.0,16.0
2026-08-20,Nagy-Balti-öv,dél,Teherhajó,212811000,7.3,100.0,16.0
2026-08-20,Nagy-Balti-öv,észak,Teherhajó,212811000,7.3,100.0,16.0
2026-08-20,Nagy-Balti-öv,dél,Tanker,219775000,9.0,147.0,22.0
2026-08-20,Nagy-Balti-öv,észak,Teherhajó,230643000,6.0,187.0,27.0
2026-08-20,Nagy-Balti-öv,dél,Tanker,241665000,15.0,274.0,48.0
2026-08-20,Nagy-Balti-öv,dél,Teherhajó,244730000,6.8,173.0,25.0
2026-08-20,Nagy-Balti-öv,dél,Teherhajó,245226000,8.2,155.0,17.0
2026-08-20,Nagy-Balti-öv,észak,Teherhajó,246293000,10.6,184.0,27.0
2026-08-20,Nagy-Balti-öv,észak,Teherhajó,246771000,8.8,142.0,19.0
2026-08-20,Nagy-Balti-öv,észak,Teherhajó,246846000,8.0,145.0,16.0
2026-08-20,Nagy-Balti-öv,dél,Tanker,248553000,8.0,128.0,20.0
2026-08-20,Nagy-Balti-öv,dél,Teherhajó,249874000,9.4,169.0,26.0
2026-08-20,Nagy-Balti-öv,dél,Teherhajó,249934000,5.6,88.0,13.0
2026-08-20,Nagy-Balti-öv,észak,Teherhajó,255917283,8.6,170.0,25.0
2026-08-20,Nagy-Balti-öv,észak,Tanker,256232000,9.7,300.0,49.0
2026-08-20,Nagy-Balti-öv,észak,Teherhajó,257350220,4.4,100.0,16.0
2026-08-20,Nagy-Balti-öv,dél,Tanker,257960000,14.8,277.0,46.0
2026-08-20,Nagy-Balti-öv,észak,Teherhajó,268251601,3.4,79.0,10.0
2026-08-20,Nagy-Balti-öv,észak,Tanker,273127020,15.0,244.0,42.0
2026-08-20,Nagy-Balti-öv,dél,Teherhajó,304469000,3.3,88.0,13.0
2026-08-20,Nagy-Balti-öv,észak,Teherhajó,304559000,2.5,74.0,11.0
2026-08-20,Nagy-Balti-öv,dél,Teherhajó,304953000,4.2,82.0,11.0
2026-08-20,Nagy-Balti-öv,észak,Teherhajó,305426000,6.6,176.0,26.0
2026-08-20,Nagy-Balti-öv,észak,Teherhajó,305661000,2.7,82.0,12.0
2026-08-20,Nagy-Balti-öv,dél,Tanker,309022000,13.0,274.0,48.0
2026-08-20,Nagy-Balti-öv,észak,Teherhajó,311001067,8.0,145.0,24.0
2026-08-20,Nagy-Balti-öv,észak,Tanker,314001065,8.9,127.0,20.0
2026-08-20,Nagy-Balti-öv,dél,Teherhajó,314377000,4.5,90.0,15.0
2026-08-20,Nagy-Balti-öv,észak,Teherhajó,352003755,10.9,190.0,32.0
2026-08-20,Nagy-Balti-öv,dél,Tanker,352005443,9.1,275.0,48.0
2026-08-20,Nagy-Balti-öv,észak,Teherhajó,352978201,8.4,140.0,25.0
2026-08-20,Nagy-Balti-öv,észak,Teherhajó,356302000,14.1,226.0,32.0
2026-08-20,Nagy-Balti-öv,észak,Teherhajó,357501000,14.1,225.0,32.0
2026-08-20,Nagy-Balti-öv,dél,Teherhajó,372078000,10.0,190.0,31.0
2026-08-20,Nagy-Balti-öv,észak,Teherhajó,376208000,10.0,186.0,24.0
2026-08-20,Nagy-Balti-öv,észak,Teherhajó,414637000,14.8,229.0,38.0
2026-08-20,Nagy-Balti-öv,észak,Teherhajó,538004639,10.2,181.0,30.0
2026-08-20,Nagy-Balti-öv,dél,Teherhajó,538007446,7.2,225.0,48.0
2026-08-20,Nagy-Balti-öv,észak,Teherhajó,538008266,7.9,200.0,23.0
2026-08-20,Nagy-Balti-öv,észak,Tanker,538011162,9.5,274.0,48.0
2026-08-20,Nagy-Balti-öv,dél,Teherhajó,538011366,9.3,170.0,27.0
2026-08-20,Nagy-Balti-öv,dél,Teherhajó,538012517,8.4,180.0,30.0
2026-08-20,Nagy-Balti-öv,dél,Tanker,563186400,7.5,184.0,27.0
2026-08-20,Nagy-Balti-öv,dél,Tanker,563271300,7.9,183.0,32.0
2026-08-20,Nagy-Balti-öv,észak,Teherhajó,563288800,8.6,208.0,30.0
2026-08-20,Nagy-Balti-öv,dél,Tanker,566018000,5.0,149.0,24.0
2026-08-20,Nagy-Balti-öv,dél,Teherhajó,566028000,9.7,162.0,26.0
2026-08-20,Nagy-Balti-öv,észak,Teherhajó,566954000,10.6,398.0,51.0
2026-08-20,Nagy-Balti-öv,dél,Tanker,631010117,9.5,183.0,32.0
2026-08-20,Nagy-Balti-öv,észak,Tanker,636020569,14.4,250.0,44.0
2026-08-20,Nagy-Balti-öv,észak,Teherhajó,636022353,12.3,190.0,32.0
2026-08-20,Nagy-Balti-öv,észak,Teherhajó,636022717,9.2,180.0,30.0
2026-08-20,Nagy-Balti-öv,dél,Teherhajó,636092156,14.6,254.0,43.0
2026-08-20,Øresund,észak,Tanker,209168000,5.3,121.0,16.0
2026-08-20,Øresund,észak,Teherhajó,209850000,5.6,140.0,22.0
2026-08-20,Øresund,észak,Teherhajó,211317180,5.5,100.0,17.0
2026-08-20,Øresund,dél,Teherhajó,212338000,4.5,90.0,16.0
2026-08-20,Øresund,észak,Teherhajó,219002392,2.7,81.0,11.0
2026-08-20,Øresund,észak,Teherhajó,219164000,4.6,86.0,14.0
2026-08-20,Øresund,dél,Teherhajó,229088000,7.3,229.0,32.0
2026-08-20,Øresund,dél,Teherhajó,230712000,5.7,120.0,16.0
2026-08-20,Øresund,dél,Tanker,236112059,6.5,149.0,22.0
2026-08-20,Øresund,dél,Tanker,244335000,6.8,115.0,16.0
2026-08-20,Øresund,dél,Teherhajó,244376000,6.6,111.0,14.0
2026-08-20,Øresund,dél,Teherhajó,244482000,5.2,83.0,13.0
2026-08-20,Øresund,észak,Tanker,244678000,5.0,116.0,15.0
2026-08-20,Øresund,dél,Teherhajó,244765000,5.4,89.0,12.0
2026-08-20,Øresund,dél,Teherhajó,244768000,6.2,111.0,14.0
2026-08-20,Øresund,dél,Teherhajó,244890901,4.5,88.0,14.0
2026-08-20,Øresund,észak,Teherhajó,245176000,5.3,90.0,13.0
2026-08-20,Øresund,észak,Teherhajó,245257000,3.9,86.0,11.0
2026-08-20,Øresund,dél,Teherhajó,245299000,6.1,142.0,21.0
2026-08-20,Øresund,észak,Teherhajó,245897000,7.6,205.0,26.0
2026-08-20,Øresund,észak,Tanker,248080000,5.4,107.0,16.0
2026-08-20,Øresund,észak,Tanker,248886000,6.4,88.0,14.0
2026-08-20,Øresund,dél,Tanker,255802940,6.2,88.0,15.0
2026-08-20,Øresund,észak,Teherhajó,255854000,6.2,89.0,16.0
2026-08-20,Øresund,észak,Teherhajó,255916027,7.8,120.0,16.0
2026-08-20,Øresund,észak,Teherhajó,255916068,4.6,100.0,14.0
2026-08-20,Øresund,dél,Tanker,255917333,6.0,124.0,18.0
2026-08-20,Øresund,észak,Tanker,257086660,6.9,100.0,17.0
2026-08-20,Øresund,észak,Tanker,257206000,4.9,82.0,12.0
2026-08-20,Øresund,észak,Teherhajó,257306000,5.0,147.0,19.0
2026-08-20,Øresund,dél,Tanker,257643000,5.9,104.0,16.0
2026-08-20,Øresund,észak,Tanker,257970000,6.2,147.0,22.0
2026-08-20,Øresund,észak,Tanker,259888000,6.5,144.0,23.0
2026-08-20,Øresund,észak,Teherhajó,265411000,6.8,161.0,24.0
2026-08-20,Øresund,dél,Tanker,266009000,4.6,116.0,16.0
2026-08-20,Øresund,észak,Tanker,266466000,5.9,129.0,20.0
2026-08-20,Øresund,dél,Teherhajó,273210440,5.8,126.0,20.0
2026-08-20,Øresund,észak,Teherhajó,273292160,6.1,127.0,20.0
2026-08-20,Øresund,dél,Teherhajó,304011026,4.6,89.0,12.0
2026-08-20,Øresund,észak,Teherhajó,305412000,7.3,129.0,20.0
2026-08-20,Øresund,dél,Teherhajó,308654000,6.7,148.0,25.0
2026-08-20,Øresund,észak,Teherhajó,308654000,6.7,148.0,25.0
2026-08-20,Øresund,dél,Teherhajó,311000738,8.2,188.0,32.0
2026-08-20,Øresund,észak,Teherhajó,311001499,6.5,89.0,14.0
2026-08-20,Øresund,dél,Teherhajó,314020000,4.8,83.0,11.0
2026-08-20,Øresund,dél,Teherhajó,314630000,3.9,90.0,15.0
2026-08-20,Øresund,dél,Teherhajó,351282000,5.8,144.0,22.0
2026-08-20,Øresund,dél,Teherhajó,351639000,8.2,172.0,28.0
2026-08-20,Øresund,észak,Teherhajó,351639000,8.2,172.0,28.0
2026-08-20,Øresund,dél,Tanker,352006339,5.7,100.0,18.0
2026-08-20,Øresund,észak,Teherhajó,355390000,5.4,100.0,20.0
2026-08-20,Øresund,észak,Teherhajó,371950000,3.6,89.0,13.0
2026-08-20,Øresund,dél,Teherhajó,538004585,6.5,193.0,32.0
2026-08-20,Øresund,észak,Tanker,538005799,5.2,100.0,17.0
2026-08-20,Øresund,dél,Teherhajó,538009866,6.4,180.0,30.0
2026-08-20,Øresund,dél,Teherhajó,538010447,7.5,200.0,32.0
2026-08-20,Øresund,dél,Teherhajó,563310600,6.3,190.0,32.0
2026-08-20,Øresund,észak,Teherhajó,636016374,5.4,148.0,23.0
2026-08-20,Øresund,észak,Tanker,636019638,6.3,145.0,24.0
2026-08-20,Øresund,dél,Teherhajó,636025034,7.5,199.0,32.0
2026-08-21,Nagy-Balti-öv,észak,Teherhajó,209114000,4.4,89.0,12.0
2026-08-21,Nagy-Balti-öv,dél,Teherhajó,209938000,2.9,82.0,11.0
2026-08-21,Nagy-Balti-öv,dél,Teherhajó,219001284,2.1,31.0,7.0
2026-08-21,Nagy-Balti-öv,dél,Teherhajó,219136000,8.8,200.0,36.0
2026-08-21,Nagy-Balti-öv,észak,Tanker,219412000,11.0,188.0,32.0
2026-08-21,Nagy-Balti-öv,dél,Teherhajó,230643000,6.1,187.0,27.0
2026-08-21,Nagy-Balti-öv,észak,Tanker,230687000,8.5,250.0,44.0
2026-08-21,Nagy-Balti-öv,dél,Tanker,230689000,8.8,156.0,24.0
2026-08-21,Nagy-Balti-öv,észak,Teherhajó,236729000,7.4,116.0,16.0
2026-08-21,Nagy-Balti-öv,észak,Tanker,241570000,8.2,250.0,44.0
2026-08-21,Nagy-Balti-öv,észak,Teherhajó,244674000,4.6,126.0,16.0
2026-08-21,Nagy-Balti-öv,észak,Teherhajó,246399000,3.8,90.0,14.0
2026-08-21,Nagy-Balti-öv,észak,Teherhajó,246474000,4.8,90.0,14.0
2026-08-21,Nagy-Balti-öv,dél,Teherhajó,255806258,9.9,178.0,27.0
2026-08-21,Nagy-Balti-öv,dél,Teherhajó,255806451,8.6,158.0,24.0
2026-08-21,Nagy-Balti-öv,észak,Teherhajó,255915954,5.7,88.0,13.0
2026-08-21,Nagy-Balti-öv,dél,Tanker,255915978,7.8,149.0,24.0
2026-08-21,Nagy-Balti-öv,észak,Tanker,256346000,13.2,243.0,42.0
2026-08-21,Nagy-Balti-öv,észak,Teherhajó,256743000,14.6,229.0,38.0
2026-08-21,Nagy-Balti-öv,dél,Teherhajó,256800000,7.6,205.0,30.0
2026-08-21,Nagy-Balti-öv,dél,Tanker,257206000,3.9,82.0,12.0
2026-08-21,Nagy-Balti-öv,észak,Teherhajó,258114000,3.8,90.0,16.0
2026-08-21,Nagy-Balti-öv,észak,Tanker,258914000,7.1,180.0,28.0
2026-08-21,Nagy-Balti-öv,dél,Tanker,266436000,5.8,100.0,18.0
2026-08-21,Nagy-Balti-öv,észak,Tanker,273120020,14.8,250.0,44.0
2026-08-21,Nagy-Balti-öv,észak,Teherhajó,304274000,3.8,80.0,12.0
2026-08-21,Nagy-Balti-öv,dél,Teherhajó,305661000,2.7,82.0,12.0
2026-08-21,Nagy-Balti-öv,észak,Tanker,311046300,8.6,253.0,42.0
2026-08-21,Nagy-Balti-öv,dél,Teherhajó,311054900,5.9,144.0,21.0
2026-08-21,Nagy-Balti-öv,észak,Teherhajó,373121000,10.2,171.0,27.0
2026-08-21,Nagy-Balti-öv,észak,Teherhajó,373361000,10.1,199.0,32.0
2026-08-21,Nagy-Balti-öv,dél,Teherhajó,373404000,11.4,366.0,48.0
2026-08-21,Nagy-Balti-öv,dél,Tanker,461000243,9.6,300.0,46.0
2026-08-21,Nagy-Balti-öv,dél,Tanker,477134300,10.8,181.0,34.0
2026-08-21,Nagy-Balti-öv,észak,Tanker,511101557,12.3,185.0,32.0
2026-08-21,Nagy-Balti-öv,dél,Tanker,538003218,5.9,100.0,18.0
2026-08-21,Nagy-Balti-öv,észak,Teherhajó,538006903,10.3,178.0,28.0
2026-08-21,Nagy-Balti-öv,észak,Tanker,538007462,8.6,252.0,44.0
2026-08-21,Nagy-Balti-öv,észak,Tanker,538008905,7.8,183.0,27.0
2026-08-21,Nagy-Balti-öv,észak,Teherhajó,538009904,10.1,181.0,30.0
2026-08-21,Nagy-Balti-öv,észak,Tanker,538009926,10.6,180.0,29.0
2026-08-21,Nagy-Balti-öv,észak,Teherhajó,538009967,12.1,200.0,32.0
2026-08-21,Nagy-Balti-öv,észak,Teherhajó,538013033,9.3,178.0,29.0
2026-08-21,Nagy-Balti-öv,észak,Teherhajó,538090668,10.9,178.0,29.0
2026-08-21,Nagy-Balti-öv,dél,Teherhajó,636016430,12.4,280.0,32.0
2026-08-21,Nagy-Balti-öv,észak,Teherhajó,636019820,13.0,199.0,32.0
2026-08-21,Nagy-Balti-öv,dél,Teherhajó,636025671,10.9,292.0,45.0
2026-08-21,Nagy-Balti-öv,észak,Teherhajó,636025845,13.1,190.0,32.0
2026-08-21,Nagy-Balti-öv,észak,Tanker,636026410,15.0,274.0,48.0
2026-08-21,Nagy-Balti-öv,észak,Teherhajó,636093159,10.6,222.0,30.0
2026-08-21,Nagy-Balti-öv,észak,Teherhajó,636093238,10.4,179.0,32.0
2026-08-21,Nagy-Balti-öv,észak,Teherhajó,636093394,14.6,229.0,32.0
2026-08-21,Nagy-Balti-öv,észak,Tanker,667001248,14.8,246.0,42.0
2026-08-21,Nagy-Balti-öv,dél,Tanker,667002425,9.0,274.0,48.0
2026-08-21,Øresund,dél,Teherhajó,209535000,6.0,90.0,13.0
2026-08-21,Øresund,észak,Teherhajó,209536000,3.7,90.0,13.0
2026-08-21,Øresund,dél,Teherhajó,210547000,5.9,99.0,14.0
2026-08-21,Øresund,dél,Teherhajó,211265530,5.5,100.0,19.0
2026-08-21,Øresund,dél,Teherhajó,212821000,3.6,85.0,13.0
2026-08-21,Øresund,dél,Teherhajó,219002392,3.3,81.0,11.0
2026-08-21,Øresund,észak,Teherhajó,230042000,5.6,134.0,20.0
2026-08-21,Øresund,észak,Teherhajó,230613000,6.2,156.0,26.0
2026-08-21,Øresund,észak,Teherhajó,230696000,7.0,122.0,21.0
2026-08-21,Øresund,észak,Teherhajó,232005533,4.2,90.0,15.0
2026-08-21,Øresund,észak,Teherhajó,232020953,4.9,90.0,15.0
2026-08-21,Øresund,észak,Teherhajó,244020808,5.4,98.0,13.0
2026-08-21,Øresund,észak,Tanker,244335000,4.8,115.0,16.0
2026-08-21,Øresund,észak,Teherhajó,244860255,5.9,123.0,17.0
2026-08-21,Øresund,észak,Teherhajó,245169000,5.5,82.0,12.0
2026-08-21,Øresund,dél,Teherhajó,245257000,2.7,86.0,11.0
2026-08-21,Øresund,dél,Teherhajó,245413000,5.1,133.0,16.0
2026-08-21,Øresund,dél,Tanker,246541000,6.3,116.0,15.0
2026-08-21,Øresund,észak,Teherhajó,246634000,6.9,137.0,16.0
2026-08-21,Øresund,dél,Teherhajó,255805680,3.4,89.0,12.0
2026-08-21,Øresund,dél,Teherhajó,255805881,5.8,98.0,16.0
2026-08-21,Øresund,dél,Teherhajó,255805980,5.3,88.0,12.0
2026-08-21,Øresund,dél,Teherhajó,255915582,5.6,89.0,12.0
2026-08-21,Øresund,észak,Teherhajó,255915848,6.6,89.0,16.0
2026-08-21,Øresund,dél,Teherhajó,255915955,5.7,88.0,13.0
2026-08-21,Øresund,dél,Teherhajó,255916028,7.5,120.0,16.0
2026-08-21,Øresund,dél,Teherhajó,255916039,7.1,149.0,27.0
2026-08-21,Øresund,dél,Teherhajó,257312000,6.0,93.0,15.0
2026-08-21,Øresund,észak,Teherhajó,257415000,4.6,87.0,15.0
2026-08-21,Øresund,észak,Tanker,265064000,5.9,149.0,23.0
2026-08-21,Øresund,dél,Tanker,266465000,7.2,120.0,20.0
2026-08-21,Øresund,észak,Teherhajó,275513000,5.0,82.0,13.0
2026-08-21,Øresund,dél,Tanker,304040000,7.4,228.0,32.0
2026-08-21,Øresund,észak,Teherhajó,304219000,6.2,166.0,21.0
2026-08-21,Øresund,dél,Teherhajó,304958000,3.8,106.0,15.0
2026-08-21,Øresund,észak,Teherhajó,304964000,5.7,104.0,16.0
2026-08-21,Øresund,dél,Teherhajó,305472000,5.4,139.0,20.0
2026-08-21,Øresund,észak,Teherhajó,308803000,6.7,148.0,25.0
2026-08-21,Øresund,észak,Teherhajó,311001793,5.0,88.0,13.0
2026-08-21,Øresund,észak,Teherhajó,311001815,5.8,88.0,13.0
2026-08-21,Øresund,dél,Teherhajó,311001831,6.9,113.0,15.0
2026-08-21,Øresund,észak,Teherhajó,314207000,3.8,90.0,16.0
2026-08-21,Øresund,észak,Teherhajó,314474000,4.1,88.0,11.0
2026-08-21,Øresund,dél,Teherhajó,341492001,5.2,131.0,18.0
2026-08-21,Øresund,dél,Teherhajó,352004461,6.8,229.0,37.0
2026-08-21,Øresund,dél,Teherhajó,352211000,7.2,229.0,32.0
2026-08-21,Øresund,dél,Teherhajó,355390000,4.6,100.0,20.0
2026-08-21,Øresund,dél,Teherhajó,355801000,6.0,189.0,32.0
2026-08-21,Øresund,dél,Teherhajó,414650000,6.0,190.0,32.0
2026-08-21,Øresund,dél,Teherhajó,477464200,7.2,229.0,32.0
2026-08-21,Øresund,dél,Teherhajó,538004721,7.1,180.0,30.0
2026-08-21,Øresund,dél,Tanker,538012078,7.0,244.0,42.0
2026-08-21,Øresund,észak,Tanker,563090100,4.4,99.0,17.0
2026-08-21,Øresund,dél,Tanker,620999607,3.7,77.0,14.0
2026-08-21,Øresund,dél,Teherhajó,636015510,7.5,229.0,38.0
2026-08-21,Øresund,észak,Tanker,636024820,6.9,180.0,29.0
2026-08-22,Nagy-Balti-öv,dél,Teherhajó,210704000,4.3,90.0,13.0
2026-08-22,Nagy-Balti-öv,észak,Teherhajó,212357000,9.4,184.0,25.0
2026-08-22,Nagy-Balti-öv,észak,Teherhajó,212810000,4.7,120.0,16.0
2026-08-22,Nagy-Balti-öv,észak,Tanker,215685000,11.0,299.0,46.0
2026-08-22,Nagy-Balti-öv,dél,Teherhajó,218797000,3.5,90.0,12.0
2026-08-22,Nagy-Balti-öv,dél,Teherhajó,219699000,7.5,90.0,23.0
2026-08-22,Nagy-Balti-öv,dél,Tanker,241875000,14.5,250.0,44.0
2026-08-22,Nagy-Balti-öv,dél,Tanker,247433300,8.6,149.0,22.0
2026-08-22,Nagy-Balti-öv,dél,Teherhajó,249529000,12.5,200.0,33.0
2026-08-22,Nagy-Balti-öv,észak,Teherhajó,255806267,7.5,141.0,23.0
2026-08-22,Nagy-Balti-öv,észak,Teherhajó,257114000,6.5,95.0,14.0
2026-08-22,Nagy-Balti-öv,észak,Tanker,257550000,6.2,129.0,20.0
2026-08-22,Nagy-Balti-öv,dél,Teherhajó,265022000,7.2,242.0,36.0
2026-08-22,Nagy-Balti-öv,észak,Tanker,265610040,4.0,80.0,14.0
2026-08-22,Nagy-Balti-öv,észak,Tanker,266220000,5.8,130.0,20.0
2026-08-22,Nagy-Balti-öv,dél,Tanker,266466000,8.0,129.0,20.0
2026-08-22,Nagy-Balti-öv,észak,Teherhajó,304369000,6.1,90.0,13.0
2026-08-22,Nagy-Balti-öv,dél,Teherhajó,304559000,3.5,74.0,11.0
2026-08-22,Nagy-Balti-öv,észak,Teherhajó,305522000,3.0,90.0,13.0
2026-08-22,Nagy-Balti-öv,dél,Teherhajó,305540000,9.3,172.0,29.0
2026-08-22,Nagy-Balti-öv,észak,Teherhajó,305817000,4.5,82.0,12.0
2026-08-22,Nagy-Balti-öv,észak,Teherhajó,305937000,4.3,88.0,12.0
2026-08-22,Nagy-Balti-öv,észak,Teherhajó,311000853,8.4,189.0,26.0
2026-08-22,Nagy-Balti-öv,dél,Teherhajó,314036000,4.3,88.0,11.0
2026-08-22,Nagy-Balti-öv,észak,Teherhajó,316013340,8.5,188.0,27.0
2026-08-22,Nagy-Balti-öv,észak,Tanker,352002473,14.4,281.0,48.0
2026-08-22,Nagy-Balti-öv,dél,Tanker,352005847,8.5,245.0,42.0
2026-08-22,Nagy-Balti-öv,dél,Teherhajó,538009163,12.9,200.0,32.0
2026-08-22,Nagy-Balti-öv,észak,Teherhajó,538012574,10.3,180.0,30.0
2026-08-22,Nagy-Balti-öv,dél,Teherhajó,563076300,10.7,292.0,32.0
2026-08-22,Nagy-Balti-öv,észak,Tanker,563212200,9.5,177.0,29.0
2026-08-22,Nagy-Balti-öv,észak,Teherhajó,563269800,13.8,199.0,32.0
2026-08-22,Nagy-Balti-öv,dél,Tanker,563270500,9.2,146.0,24.0
2026-08-22,Nagy-Balti-öv,észak,Teherhajó,563295700,10.4,330.0,48.0
2026-08-22,Nagy-Balti-öv,dél,Tanker,631010133,9.0,281.0,48.0
2026-08-22,Nagy-Balti-öv,észak,Tanker,636017059,9.6,277.0,48.0
2026-08-22,Nagy-Balti-öv,észak,Teherhajó,636018491,10.9,179.0,27.0
2026-08-22,Nagy-Balti-öv,észak,Teherhajó,636021605,13.9,235.0,43.0
2026-08-22,Nagy-Balti-öv,dél,Tanker,636024028,8.3,244.0,42.0
2026-08-22,Nagy-Balti-öv,észak,Teherhajó,636025057,8.6,148.0,21.0
2026-08-22,Nagy-Balti-öv,dél,Teherhajó,636025308,9.0,228.0,32.0
2026-08-22,Nagy-Balti-öv,dél,Tanker,636026816,8.0,244.0,42.0
2026-08-22,Øresund,dél,Teherhajó,209184000,6.1,186.0,27.0
2026-08-22,Øresund,dél,Teherhajó,209239000,5.1,87.0,13.0
2026-08-22,Øresund,észak,Teherhajó,209535000,3.9,90.0,13.0
2026-08-22,Øresund,észak,Teherhajó,210944000,7.2,225.0,32.0
2026-08-22,Øresund,dél,Teherhajó,211141000,7.6,134.0,23.0
2026-08-22,Øresund,észak,Teherhajó,212542000,6.5,88.0,13.0
2026-08-22,Øresund,észak,Tanker,219034365,6.5,147.0,22.0
2026-08-22,Øresund,észak,Teherhajó,230697000,6.9,238.0,35.0
2026-08-22,Øresund,dél,Teherhajó,231898000,5.0,89.0,13.0
2026-08-22,Øresund,dél,Teherhajó,231915000,5.7,90.0,13.0
2026-08-22,Øresund,észak,Teherhajó,236108000,5.2,83.0,13.0
2026-08-22,Øresund,dél,Teherhajó,236306000,6.0,90.0,14.0
2026-08-22,Øresund,dél,Teherhajó,244321000,3.7,89.0,14.0
2026-08-22,Øresund,dél,Teherhajó,245070000,2.8,84.0,12.0
2026-08-22,Øresund,észak,Teherhajó,245179000,7.4,139.0,44.0
2026-08-22,Øresund,dél,Teherhajó,245455000,6.9,107.0,15.0
2026-08-22,Øresund,dél,Teherhajó,246278000,6.8,121.0,21.0
2026-08-22,Øresund,dél,Teherhajó,246685000,5.2,88.0,13.0
2026-08-22,Øresund,dél,Teherhajó,246865000,5.7,143.0,22.0
2026-08-22,Øresund,észak,Teherhajó,246883000,4.9,151.0,26.0
2026-08-22,Øresund,dél,Teherhajó,249397000,5.9,189.0,33.0
2026-08-22,Øresund,észak,Teherhajó,255805577,6.9,140.0,23.0
2026-08-22,Øresund,észak,Teherhajó,255805989,6.0,100.0,14.0
2026-08-22,Øresund,dél,Teherhajó,255806175,7.1,119.0,15.0
2026-08-22,Øresund,észak,Teherhajó,255806372,5.5,106.0,15.0
2026-08-22,Øresund,észak,Tanker,255893000,6.6,119.0,18.0
2026-08-22,Øresund,észak,Teherhajó,255909640,4.4,88.0,14.0
2026-08-22,Øresund,észak,Tanker,255917333,8.1,124.0,18.0
2026-08-22,Øresund,dél,Teherhajó,257477000,3.6,88.0,13.0
2026-08-22,Øresund,dél,Teherhajó,258006930,5.0,101.0,17.0
2026-08-22,Øresund,dél,Tanker,266203000,4.6,70.0,14.0
2026-08-22,Øresund,észak,Tanker,266203000,4.6,70.0,14.0
2026-08-22,Øresund,észak,Teherhajó,266416000,3.8,99.0,19.0
2026-08-22,Øresund,észak,Tanker,266472000,5.3,88.0,13.0
2026-08-22,Øresund,dél,Teherhajó,268251601,2.4,79.0,10.0
2026-08-22,Øresund,dél,Teherhajó,268261201,7.0,186.0,30.0
2026-08-22,Øresund,dél,Teherhajó,275519000,3.9,99.0,14.0
2026-08-22,Øresund,észak,Teherhajó,304953000,3.8,82.0,11.0
2026-08-22,Øresund,dél,Teherhajó,305208000,4.2,83.0,12.0
2026-08-22,Øresund,dél,Teherhajó,305465000,6.0,90.0,13.0
2026-08-22,Øresund,dél,Teherhajó,305597000,7.5,118.0,15.0
2026-08-22,Øresund,dél,Teherhajó,311001894,4.1,90.0,16.0
2026-08-22,Øresund,dél,Tanker,311018700,7.2,229.0,42.0
2026-08-22,Øresund,dél,Teherhajó,311818000,3.6,82.0,11.0
2026-08-22,Øresund,dél,Teherhajó,314605000,2.8,100.0,12.0
2026-08-22,Øresund,dél,Teherhajó,314635000,3.4,88.0,13.0
2026-08-22,Øresund,dél,Teherhajó,352005687,5.3,129.0,28.0
2026-08-22,Øresund,észak,Tanker,352006339,4.5,100.0,18.0
2026-08-22,Øresund,észak,Tanker,538010133,,183.0,32.0
2026-08-22,Øresund,észak,Tanker,564776000,5.0,145.0,23.0
2026-08-22,Øresund,dél,Teherhajó,636020402,5.3,170.0,28.0
2026-08-22,Øresund,észak,Tanker,636023388,7.1,183.0,32.0
2026-08-22,Øresund,dél,Teherhajó,636026102,7.2,229.0,32.0
2026-08-23,Nagy-Balti-öv,dél,Teherhajó,209536000,6.3,90.0,13.0
2026-08-23,Nagy-Balti-öv,észak,Teherhajó,209974000,5.5,90.0,15.0
2026-08-23,Nagy-Balti-öv,észak,Teherhajó,210028000,9.5,170.0,27.0
2026-08-23,Nagy-Balti-öv,észak,Teherhajó,210359000,7.1,152.0,24.0
2026-08-23,Nagy-Balti-öv,észak,Teherhajó,211870240,8.4,159.0,22.0
2026-08-23,Nagy-Balti-öv,észak,Teherhajó,218549000,9.3,255.0,38.0
2026-08-23,Nagy-Balti-öv,észak,Teherhajó,219115000,11.9,200.0,36.0
2026-08-23,Nagy-Balti-öv,észak,Tanker,219309000,8.0,187.0,28.0
2026-08-23,Nagy-Balti-öv,dél,Tanker,228460900,11.6,299.0,46.0
2026-08-23,Nagy-Balti-öv,észak,Teherhajó,230642000,6.2,187.0,27.0
2026-08-23,Nagy-Balti-öv,dél,Tanker,235116324,11.5,183.0,32.0
2026-08-23,Nagy-Balti-öv,észak,Tanker,241866000,9.0,250.0,44.0
2026-08-23,Nagy-Balti-öv,dél,Tanker,241963000,14.5,249.0,44.0
2026-08-23,Nagy-Balti-öv,észak,Teherhajó,244160000,7.9,168.0,25.0
2026-08-23,Nagy-Balti-öv,dél,Teherhajó,255805993,5.5,88.0,12.0
2026-08-23,Nagy-Balti-öv,dél,Tanker,255915980,8.9,144.0,23.0
2026-08-23,Nagy-Balti-öv,dél,Teherhajó,255916590,10.0,168.0,26.0
2026-08-23,Nagy-Balti-öv,észak,Tanker,256809000,6.3,145.0,23.0
2026-08-23,Nagy-Balti-öv,dél,Teherhajó,257056010,5.5,90.0,14.0
2026-08-23,Nagy-Balti-öv,dél,Teherhajó,257127140,9.5,143.0,22.0
2026-08-23,Nagy-Balti-öv,dél,Teherhajó,258809000,4.0,90.0,14.0
2026-08-23,Nagy-Balti-öv,észak,Teherhajó,258809000,4.0,90.0,14.0
2026-08-23,Nagy-Balti-öv,észak,Tanker,265078760,9.4,167.0,26.0
2026-08-23,Nagy-Balti-öv,észak,Tanker,273126520,15.0,244.0,42.0
2026-08-23,Nagy-Balti-öv,dél,Tanker,273278260,9.4,274.0,48.0
2026-08-23,Nagy-Balti-öv,dél,Teherhajó,304717000,4.2,88.0,12.0
2026-08-23,Nagy-Balti-öv,észak,Teherhajó,305028300,2.1,78.0,10.0
2026-08-23,Nagy-Balti-öv,észak,Teherhajó,305764000,5.5,88.0,12.0
2026-08-23,Nagy-Balti-öv,észak,Teherhajó,305978000,8.4,158.0,23.0
2026-08-23,Nagy-Balti-öv,észak,Teherhajó,309841000,8.2,150.0,22.0
2026-08-23,Nagy-Balti-öv,dél,Teherhajó,311000796,8.3,152.0,23.0
2026-08-23,Nagy-Balti-öv,dél,Teherhajó,311000834,8.0,149.0,22.0
2026-08-23,Nagy-Balti-öv,észak,Teherhajó,311001924,14.3,229.0,32.0
2026-08-23,Nagy-Balti-öv,észak,Tanker,314001147,15.0,273.0,48.0
2026-08-23,Nagy-Balti-öv,észak,Tanker,314191000,15.0,273.0,48.0
2026-08-23,Nagy-Balti-öv,dél,Tanker,314273000,8.0,183.0,32.0
2026-08-23,Nagy-Balti-öv,észak,Teherhajó,314884000,11.2,190.0,32.0
2026-08-23,Nagy-Balti-öv,észak,Teherhajó,352001184,12.6,200.0,32.0
2026-08-23,Nagy-Balti-öv,észak,Teherhajó,354540000,9.4,237.0,32.0
2026-08-23,Nagy-Balti-öv,észak,Tanker,477539900,9.6,275.0,48.0
2026-08-23,Nagy-Balti-öv,dél,Tanker,538006198,12.8,249.0,44.0
2026-08-23,Nagy-Balti-öv,észak,Teherhajó,538007705,7.9,225.0,48.0
2026-08-23,Nagy-Balti-öv,észak,Teherhajó,538009981,8.3,119.0,22.0
2026-08-23,Nagy-Balti-öv,dél,Teherhajó,538012578,10.2,199.0,32.0
2026-08-23,Nagy-Balti-öv,észak,Teherhajó,538090736,10.3,180.0,30.0
2026-08-23,Nagy-Balti-öv,dél,Tanker,563483000,9.0,186.0,32.0
2026-08-23,Nagy-Balti-öv,dél,Teherhajó,566029000,9.7,162.0,26.0
2026-08-23,Nagy-Balti-öv,dél,Teherhajó,636014740,10.6,222.0,30.0
2026-08-23,Nagy-Balti-öv,észak,Tanker,636014972,12.5,274.0,50.0
2026-08-23,Nagy-Balti-öv,dél,Teherhajó,636017716,10.5,229.0,32.0
2026-08-23,Nagy-Balti-öv,dél,Tanker,636020815,9.0,274.0,48.0
2026-08-23,Nagy-Balti-öv,észak,Teherhajó,636021661,14.9,229.0,33.0
2026-08-23,Nagy-Balti-öv,észak,Teherhajó,636022637,13.5,199.0,32.0
2026-08-23,Nagy-Balti-öv,észak,Tanker,636023893,14.4,250.0,44.0
2026-08-23,Nagy-Balti-öv,észak,Tanker,636024262,10.0,183.0,32.0
2026-08-23,Nagy-Balti-öv,dél,Tanker,636024972,11.3,183.0,32.0
2026-08-23,Nagy-Balti-öv,észak,Tanker,667001321,14.7,244.0,42.0
2026-08-23,Nagy-Balti-öv,észak,Tanker,667002021,15.0,243.0,42.0
2026-08-23,Øresund,dél,Teherhajó,209211000,5.8,89.0,13.0
2026-08-23,Øresund,észak,Teherhajó,209525000,3.8,90.0,13.0
2026-08-23,Øresund,észak,Teherhajó,209671000,4.9,89.0,13.0
2026-08-23,Øresund,észak,Teherhajó,210100000,5.7,89.0,13.0
2026-08-23,Øresund,dél,Tanker,212123000,6.0,100.0,15.0
2026-08-23,Øresund,észak,Teherhajó,212802000,5.7,90.0,14.0
2026-08-23,Øresund,dél,Teherhajó,218816000,8.3,135.0,23.0
2026-08-23,Øresund,észak,Teherhajó,218816000,8.3,135.0,23.0
2026-08-23,Øresund,észak,Tanker,219814000,6.5,147.0,22.0
2026-08-23,Øresund,dél,Teherhajó,229344000,5.1,95.0,13.0
2026-08-23,Øresund,észak,Teherhajó,230350000,6.7,120.0,18.0
2026-08-23,Øresund,dél,Teherhajó,230666000,4.7,90.0,14.0
2026-08-23,Øresund,észak,Teherhajó,230693000,5.3,88.0,13.0
2026-08-23,Øresund,dél,Teherhajó,230700000,6.4,238.0,35.0
2026-08-23,Øresund,észak,Teherhajó,231766000,4.6,95.0,16.0
2026-08-23,Øresund,észak,Teherhajó,231873000,7.2,100.0,14.0
2026-08-23,Øresund,dél,Teherhajó,231920000,4.9,89.0,13.0
2026-08-23,Øresund,dél,Teherhajó,244630415,3.3,88.0,14.0
2026-08-23,Øresund,dél,Tanker,244678000,6.6,116.0,15.0
2026-08-23,Øresund,észak,Teherhajó,245091000,6.6,110.0,14.0
2026-08-23,Øresund,dél,Teherhajó,245302000,5.5,98.0,14.0
2026-08-23,Øresund,észak,Teherhajó,255802570,3.5,89.0,13.0
2026-08-23,Øresund,észak,Teherhajó,255805693,6.0,105.0,16.0
2026-08-23,Øresund,észak,Teherhajó,255806175,4.5,119.0,15.0
2026-08-23,Øresund,dél,Teherhajó,255806267,7.5,141.0,23.0
2026-08-23,Øresund,észak,Teherhajó,255916028,7.6,120.0,16.0
2026-08-23,Øresund,dél,Teherhajó,257036300,6.5,106.0,14.0
2026-08-23,Øresund,dél,Teherhajó,257076850,5.5,82.0,12.0
2026-08-23,Øresund,dél,Tanker,257600000,6.4,129.0,20.0
2026-08-23,Øresund,dél,Teherhajó,257737000,6.4,86.0,16.0
2026-08-23,Øresund,észak,Teherhajó,257782000,5.3,116.0,16.0
2026-08-23,Øresund,dél,Teherhajó,258059000,6.5,87.0,15.0
2026-08-23,Øresund,dél,Teherhajó,259143000,6.4,119.0,16.0
2026-08-23,Øresund,észak,Teherhajó,261000205,5.7,90.0,14.0
2026-08-23,Øresund,észak,Tanker,266468000,6.2,119.0,17.0
2026-08-23,Øresund,észak,Teherhajó,273450990,5.8,120.0,15.0
2026-08-23,Øresund,dél,Teherhajó,277324000,4.1,105.0,16.0
2026-08-23,Øresund,dél,Teherhajó,304738000,3.1,89.0,13.0
2026-08-23,Øresund,dél,Teherhajó,305511000,4.8,99.0,14.0
2026-08-23,Øresund,dél,Teherhajó,305641000,6.3,114.0,14.0
2026-08-23,Øresund,dél,Teherhajó,308654000,7.0,148.0,25.0
2026-08-23,Øresund,dél,Teherhajó,311995000,7.4,148.0,25.0
2026-08-23,Øresund,észak,Teherhajó,314811000,6.7,104.0,17.0
2026-08-23,Øresund,észak,Tanker,319104700,6.8,146.0,24.0
2026-08-23,Øresund,dél,Teherhajó,351639000,8.2,172.0,28.0
2026-08-23,Øresund,észak,Teherhajó,351639000,8.2,172.0,28.0
2026-08-23,Øresund,dél,Tanker,538006310,5.4,95.0,16.0
2026-08-23,Øresund,dél,Teherhajó,538010802,6.7,202.0,30.0
2026-08-23,Øresund,dél,Teherhajó,538011107,7.0,225.0,32.0
2026-08-23,Øresund,dél,Teherhajó,538012422,6.9,229.0,32.0
2026-08-23,Øresund,dél,Teherhajó,538090682,6.8,195.0,32.0
2026-08-23,Øresund,dél,Tanker,636016149,5.1,109.0,18.0
2026-08-23,Øresund,dél,Teherhajó,636023257,7.6,,
2026-08-23,Øresund,dél,Tanker,636023848,8.2,183.0,32.0
2026-08-23,Øresund,észak,Teherhajó,636023885,6.5,225.0,32.0
2026-08-23,Øresund,dél,Teherhajó,636093203,6.5,190.0,29.0
2026-08-24,Nagy-Balti-öv,dél,Teherhajó,210544000,5.6,90.0,14.0
2026-08-24,Nagy-Balti-öv,dél,Teherhajó,212810000,6.4,120.0,16.0
2026-08-24,Nagy-Balti-öv,dél,Teherhajó,212811000,7.3,100.0,16.0
2026-08-24,Nagy-Balti-öv,dél,Tanker,219029722,8.8,147.0,22.0
2026-08-24,Nagy-Balti-öv,észak,Teherhajó,230091950,4.7,83.0,13.0
2026-08-24,Nagy-Balti-öv,észak,Teherhajó,241183000,12.8,193.0,32.0
2026-08-24,Nagy-Balti-öv,észak,Tanker,241665000,9.0,274.0,48.0
2026-08-24,Nagy-Balti-öv,észak,Teherhajó,244121000,7.6,169.0,26.0
2026-08-24,Nagy-Balti-öv,észak,Tanker,247433300,6.4,149.0,22.0
2026-08-24,Nagy-Balti-öv,dél,Teherhajó,255755000,6.6,114.0,15.0
2026-08-24,Nagy-Balti-öv,észak,Teherhajó,255804490,5.2,89.0,12.0
2026-08-24,Nagy-Balti-öv,észak,Teherhajó,255806257,10.9,179.0,28.0
2026-08-24,Nagy-Balti-öv,észak,Teherhajó,255806513,8.4,168.0,25.0
2026-08-24,Nagy-Balti-öv,dél,Teherhajó,255916068,3.9,100.0,14.0
2026-08-24,Nagy-Balti-öv,dél,Teherhajó,257207000,6.5,90.0,14.0
2026-08-24,Nagy-Balti-öv,észak,Teherhajó,257207000,6.5,90.0,14.0
2026-08-24,Nagy-Balti-öv,dél,Tanker,257374000,8.2,140.0,22.0
2026-08-24,Nagy-Balti-öv,dél,Teherhajó,258114000,6.0,90.0,16.0
2026-08-24,Nagy-Balti-öv,észak,Teherhajó,265039000,7.9,242.0,36.0
2026-08-24,Nagy-Balti-öv,észak,Tanker,273257120,6.2,96.0,15.0
2026-08-24,Nagy-Balti-öv,észak,Teherhajó,304559000,2.5,74.0,11.0
2026-08-24,Nagy-Balti-öv,dél,Teherhajó,304783000,10.4,166.0,24.0
2026-08-24,Nagy-Balti-öv,dél,Teherhajó,311001083,10.0,155.0,24.0
2026-08-24,Nagy-Balti-öv,észak,Teherhajó,314377000,5.9,90.0,15.0
2026-08-24,Nagy-Balti-öv,észak,Tanker,352004563,10.9,183.0,32.0
2026-08-24,Nagy-Balti-öv,észak,Tanker,352005486,15.5,244.0,42.0
2026-08-24,Nagy-Balti-öv,észak,Teherhajó,352005801,8.4,190.0,30.0
2026-08-24,Nagy-Balti-öv,észak,Teherhajó,352006667,10.8,172.0,27.0
2026-08-24,Nagy-Balti-öv,dél,Teherhajó,352986127,6.1,190.0,32.0
2026-08-24,Nagy-Balti-öv,észak,Teherhajó,353544000,14.3,225.0,32.0
2026-08-24,Nagy-Balti-öv,észak,Teherhajó,477895500,14.1,399.0,61.0
2026-08-24,Nagy-Balti-öv,észak,Teherhajó,538006085,10.5,181.0,30.0
2026-08-24,Nagy-Balti-öv,észak,Teherhajó,538006813,11.2,186.0,28.0
2026-08-24,Nagy-Balti-öv,dél,Tanker,538011442,14.5,249.0,44.0
2026-08-24,Nagy-Balti-öv,dél,Teherhajó,538012614,10.5,183.0,32.0
2026-08-24,Nagy-Balti-öv,dél,Tanker,563003300,13.7,250.0,44.0
2026-08-24,Nagy-Balti-öv,dél,Teherhajó,563288800,10.9,208.0,30.0
2026-08-24,Nagy-Balti-öv,dél,Tanker,636015064,12.2,180.0,32.0
2026-08-24,Nagy-Balti-öv,észak,Teherhajó,636018141,7.7,194.0,28.0
2026-08-24,Nagy-Balti-öv,dél,Teherhajó,636022722,12.5,366.0,51.0
2026-08-24,Nagy-Balti-öv,dél,Tanker,664444000,10.8,188.0,32.0
2026-08-24,Nagy-Balti-öv,észak,Tanker,667002589,7.4,100.0,17.0
2026-08-24,Øresund,dél,Teherhajó,209114000,2.6,89.0,12.0
2026-08-24,Øresund,észak,Teherhajó,212385000,5.3,99.0,14.0
2026-08-24,Øresund,dél,Tanker,241343000,7.0,250.0,44.0
2026-08-24,Øresund,észak,Teherhajó,244106000,7.5,107.0,18.0
2026-08-24,Øresund,dél,Teherhajó,244140000,6.3,114.0,15.0
2026-08-24,Øresund,észak,Tanker,244678000,5.0,116.0,15.0
2026-08-24,Øresund,dél,Tanker,244944000,6.7,117.0,18.0
2026-08-24,Øresund,észak,Teherhajó,244995000,5.3,90.0,13.0
2026-08-24,Øresund,észak,Teherhajó,245057000,5.3,89.0,14.0
2026-08-24,Øresund,észak,Teherhajó,245455000,4.2,107.0,15.0
2026-08-24,Øresund,dél,Teherhajó,245897000,7.1,205.0,26.0
2026-08-24,Øresund,észak,Tanker,246541000,5.1,116.0,15.0
2026-08-24,Øresund,dél,Teherhajó,246651000,4.4,114.0,16.0
2026-08-24,Øresund,észak,Tanker,249702000,5.1,105.0,16.0
2026-08-24,Øresund,dél,Teherhajó,255805842,6.6,141.0,22.0
2026-08-24,Øresund,észak,Teherhajó,255805955,6.3,97.0,16.0
2026-08-24,Øresund,észak,Tanker,255806196,7.0,127.0,20.0
2026-08-24,Øresund,észak,Teherhajó,255806267,7.0,141.0,23.0
2026-08-24,Øresund,észak,Teherhajó,255915683,5.9,89.0,12.0
2026-08-24,Øresund,észak,Teherhajó,257076850,4.5,82.0,12.0
2026-08-24,Øresund,észak,Teherhajó,257520000,5.5,114.0,18.0
2026-08-24,Øresund,észak,Teherhajó,257962000,5.4,98.0,16.0
2026-08-24,Øresund,dél,Teherhajó,258209000,6.3,156.0,22.0
2026-08-24,Øresund,észak,Teherhajó,265045000,5.8,90.0,13.0
2026-08-24,Øresund,észak,Tanker,265072000,5.8,130.0,22.0
2026-08-24,Øresund,dél,Tanker,265610040,5.5,80.0,14.0
2026-08-24,Øresund,észak,Tanker,266009000,6.4,116.0,16.0
2026-08-24,Øresund,dél,Tanker,266203000,5.8,70.0,14.0
2026-08-24,Øresund,dél,Tanker,266476000,6.1,119.0,17.0
2026-08-24,Øresund,észak,Teherhajó,268251601,3.5,79.0,10.0
2026-08-24,Øresund,dél,Teherhajó,275535000,6.1,134.0,20.0
2026-08-24,Øresund,dél,Teherhajó,304364000,6.6,114.0,14.0
2026-08-24,Øresund,észak,Teherhajó,305912000,6.3,90.0,14.0
2026-08-24,Øresund,dél,Teherhajó,305978000,7.8,158.0,23.0
2026-08-24,Øresund,észak,Teherhajó,305978000,7.8,158.0,23.0
2026-08-24,Øresund,észak,Teherhajó,311000624,7.5,255.0,43.0
2026-08-24,Øresund,dél,Teherhajó,311001809,4.0,90.0,14.0
2026-08-24,Øresund,dél,Teherhajó,314826000,3.2,88.0,11.0
2026-08-24,Øresund,észak,Teherhajó,341357002,5.0,82.0,11.0
2026-08-24,Øresund,dél,Teherhajó,352003529,6.3,185.0,30.0
2026-08-24,Øresund,dél,Teherhajó,352244000,7.0,200.0,32.0
2026-08-24,Øresund,dél,Teherhajó,354540000,9.2,237.0,32.0
2026-08-24,Øresund,dél,Teherhajó,412603000,7.6,229.0,33.0
2026-08-24,Øresund,dél,Teherhajó,477629300,7.3,199.0,32.0
2026-08-24,Øresund,dél,Teherhajó,538005725,6.4,190.0,32.0
2026-08-24,Øresund,dél,Tanker,538005799,6.2,100.0,17.0
2026-08-24,Øresund,dél,Teherhajó,538010871,6.3,180.0,30.0
2026-08-24,Øresund,dél,Tanker,563009700,6.9,120.0,21.0
2026-08-24,Øresund,dél,Teherhajó,563118800,6.3,190.0,32.0
2026-08-24,Øresund,észak,Tanker,563186400,6.8,184.0,27.0
2026-08-24,Øresund,dél,Teherhajó,572728220,6.9,133.0,19.0
2026-08-24,Øresund,dél,Teherhajó,636015035,7.5,225.0,32.0
2026-08-24,Øresund,dél,Teherhajó,636025421,7.1,229.0,32.0
2026-08-25,Nagy-Balti-öv,észak,Teherhajó,209536000,3.4,90.0,13.0
2026-08-25,Nagy-Balti-öv,észak,Teherhajó,210704000,6.2,90.0,13.0
2026-08-25,Nagy-Balti-öv,dél,Teherhajó,211141000,8.7,134.0,23.0
2026-08-25,Nagy-Balti-öv,észak,Teherhajó,211718360,4.6,90.0,13.0
2026-08-25,Nagy-Balti-öv,észak,Teherhajó,212811000,4.5,100.0,16.0
2026-08-25,Nagy-Balti-öv,dél,Teherhajó,215540000,7.7,118.0,15.0
2026-08-25,Nagy-Balti-öv,észak,Tanker,219775000,7.1,147.0,22.0
2026-08-25,Nagy-Balti-öv,észak,Tanker,229716000,14.3,252.0,45.0
2026-08-25,Nagy-Balti-öv,dél,Teherhajó,230642000,5.8,187.0,27.0
2026-08-25,Nagy-Balti-öv,dél,Tanker,235108534,14.5,250.0,44.0
2026-08-25,Nagy-Balti-öv,észak,Teherhajó,246855000,5.1,88.0,13.0
2026-08-25,Nagy-Balti-öv,dél,Teherhajó,246869000,3.6,89.0,12.0
2026-08-25,Nagy-Balti-öv,dél,Tanker,248022000,14.9,250.0,44.0
2026-08-25,Nagy-Balti-öv,észak,Teherhajó,249071000,10.8,177.0,29.0
2026-08-25,Nagy-Balti-öv,észak,Tanker,249976000,6.6,150.0,23.0
2026-08-25,Nagy-Balti-öv,észak,Teherhajó,255755000,4.4,114.0,15.0
2026-08-25,Nagy-Balti-öv,dél,Teherhajó,255806352,6.2,141.0,22.0
2026-08-25,Nagy-Balti-öv,észak,Teherhajó,255915594,3.6,89.0,12.0
2026-08-25,Nagy-Balti-öv,dél,Tanker,255915983,8.3,144.0,24.0
2026-08-25,Nagy-Balti-öv,észak,Teherhajó,255916084,5.2,89.0,12.0
2026-08-25,Nagy-Balti-öv,észak,Teherhajó,255916314,7.9,148.0,27.0
2026-08-25,Nagy-Balti-öv,dél,Tanker,256809000,7.8,145.0,23.0
2026-08-25,Nagy-Balti-öv,észak,Teherhajó,256865000,10.7,189.0,32.0
2026-08-25,Nagy-Balti-öv,észak,Tanker,257941000,4.6,89.0,13.0
2026-08-25,Nagy-Balti-öv,dél,Tanker,258933000,9.2,160.0,26.0
2026-08-25,Nagy-Balti-öv,észak,Teherhajó,266232000,7.4,190.0,26.0
2026-08-25,Nagy-Balti-öv,dél,Tanker,273272850,8.0,249.0,44.0
2026-08-25,Nagy-Balti-öv,dél,Teherhajó,304176000,4.9,107.0,15.0
2026-08-25,Nagy-Balti-öv,dél,Teherhajó,304559000,3.5,74.0,11.0
2026-08-25,Nagy-Balti-öv,dél,Teherhajó,305028300,2.8,78.0,10.0
2026-08-25,Nagy-Balti-öv,dél,Teherhajó,305507000,7.3,132.0,16.0
2026-08-25,Nagy-Balti-öv,észak,Teherhajó,305643000,8.0,138.0,22.0
2026-08-25,Nagy-Balti-öv,észak,Tanker,311001668,9.0,274.0,48.0
2026-08-25,Nagy-Balti-öv,dél,Tanker,311066400,15.0,274.0,48.0
2026-08-25,Nagy-Balti-öv,dél,Teherhajó,312166000,6.3,177.0,28.0
2026-08-25,Nagy-Balti-öv,észak,Teherhajó,314540000,9.5,169.0,27.0
2026-08-25,Nagy-Balti-öv,dél,Teherhajó,314661000,7.4,122.0,16.0
2026-08-25,Nagy-Balti-öv,dél,Tanker,319301000,6.1,96.0,16.0
2026-08-25,Nagy-Balti-öv,dél,Tanker,351887000,10.0,182.0,32.0
2026-08-25,Nagy-Balti-öv,észak,Teherhajó,351988000,14.7,229.0,32.0
2026-08-25,Nagy-Balti-öv,észak,Tanker,352004616,15.0,275.0,48.0
2026-08-25,Nagy-Balti-öv,dél,Tanker,352005899,8.0,229.0,42.0
2026-08-25,Nagy-Balti-öv,észak,Teherhajó,372176000,10.4,160.0,26.0
2026-08-25,Nagy-Balti-öv,észak,Teherhajó,405000382,11.4,200.0,36.0
2026-08-25,Nagy-Balti-öv,észak,Teherhajó,422031200,9.4,299.0,40.0
2026-08-25,Nagy-Balti-öv,dél,Teherhajó,477165600,12.8,197.0,32.0
2026-08-25,Nagy-Balti-öv,észak,Teherhajó,477228500,14.5,225.0,32.0
2026-08-25,Nagy-Balti-öv,dél,Teherhajó,538007258,11.6,200.0,32.0
2026-08-25,Nagy-Balti-öv,észak,Teherhajó,538008293,10.0,169.0,27.0
2026-08-25,Nagy-Balti-öv,észak,Tanker,538012483,13.4,250.0,44.0
2026-08-25,Nagy-Balti-öv,dél,Tanker,538012620,8.0,240.0,42.0
2026-08-25,Nagy-Balti-öv,dél,Tanker,563271600,10.8,183.0,32.0
2026-08-25,Nagy-Balti-öv,dél,Tanker,613003743,9.7,180.0,32.0
2026-08-25,Nagy-Balti-öv,észak,Tanker,636016302,13.2,183.0,32.0
2026-08-25,Nagy-Balti-öv,dél,Teherhajó,636018326,10.6,216.0,27.0
2026-08-25,Nagy-Balti-öv,észak,Tanker,636020835,15.0,229.0,42.0
2026-08-25,Nagy-Balti-öv,észak,Teherhajó,636021768,14.1,366.0,51.0
2026-08-25,Nagy-Balti-öv,dél,Tanker,636025102,9.2,184.0,27.0
2026-08-25,Nagy-Balti-öv,dél,Teherhajó,636091995,9.6,208.0,30.0
2026-08-25,Nagy-Balti-öv,észak,Tanker,667002336,14.8,241.0,42.0
2026-08-25,Nagy-Balti-öv,észak,Tanker,667002511,15.0,274.0,48.0
2026-08-25,Nagy-Balti-öv,észak,Tanker,710024830,9.8,274.0,48.0
2026-08-25,Øresund,észak,Teherhajó,209014000,4.7,88.0,12.0
2026-08-25,Øresund,dél,Teherhajó,209325000,4.0,88.0,13.0
2026-08-25,Øresund,észak,Teherhajó,209325000,4.0,88.0,13.0
2026-08-25,Øresund,dél,Teherhajó,209671000,3.4,89.0,13.0
2026-08-25,Øresund,észak,Teherhajó,209938000,4.6,82.0,11.0
2026-08-25,Øresund,dél,Teherhajó,209974000,3.7,90.0,15.0
2026-08-25,Øresund,észak,Teherhajó,211141000,8.7,134.0,23.0
2026-08-25,Øresund,észak,Teherhajó,211265530,6.0,100.0,19.0
2026-08-25,Øresund,dél,Tanker,219200000,5.7,90.0,15.0
2026-08-25,Øresund,dél,Tanker,219355000,6.9,93.0,14.0
2026-08-25,Øresund,dél,Teherhajó,231873000,4.4,100.0,14.0
2026-08-25,Øresund,dél,Teherhajó,232032735,5.8,106.0,15.0
2026-08-25,Øresund,dél,Tanker,241406000,7.1,237.0,42.0
2026-08-25,Øresund,dél,Teherhajó,244063000,5.9,89.0,13.0
2026-08-25,Øresund,dél,Tanker,244678000,6.4,116.0,15.0
2026-08-25,Øresund,észak,Teherhajó,244770393,6.7,123.0,17.0
2026-08-25,Øresund,észak,Teherhajó,245118000,5.2,105.0,16.0
2026-08-25,Øresund,észak,Teherhajó,246244000,4.9,141.0,24.0
2026-08-25,Øresund,dél,Teherhajó,246263000,5.6,143.0,22.0
2026-08-25,Øresund,dél,Teherhajó,246670000,4.0,114.0,14.0
2026-08-25,Øresund,észak,Teherhajó,255805882,5.9,107.0,18.0
2026-08-25,Øresund,észak,Teherhajó,255916550,6.4,89.0,16.0
2026-08-25,Øresund,észak,Teherhajó,258006930,5.0,101.0,17.0
2026-08-25,Øresund,dél,Tanker,258715000,4.2,89.0,13.0
2026-08-25,Øresund,észak,Tanker,258715000,4.2,89.0,13.0
2026-08-25,Øresund,dél,Teherhajó,258812000,6.5,116.0,17.0
2026-08-25,Øresund,dél,Teherhajó,265411000,5.9,161.0,24.0
2026-08-25,Øresund,észak,Tanker,266436000,5.8,100.0,18.0
2026-08-25,Øresund,dél,Teherhajó,273297850,5.3,127.0,20.0
2026-08-25,Øresund,dél,Teherhajó,275514000,4.8,83.0,12.0
2026-08-25,Øresund,észak,Teherhajó,275535000,5.7,134.0,20.0
2026-08-25,Øresund,észak,Teherhajó,304656000,4.0,82.0,12.0
2026-08-25,Øresund,dél,Teherhajó,305256000,6.7,143.0,22.0
2026-08-25,Øresund,dél,Teherhajó,305299000,5.7,134.0,22.0
2026-08-25,Øresund,dél,Teherhajó,305804000,5.0,90.0,14.0
2026-08-25,Øresund,észak,Teherhajó,305821000,5.9,95.0,14.0
2026-08-25,Øresund,észak,Teherhajó,311001899,6.7,90.0,16.0
2026-08-25,Øresund,dél,Teherhajó,311001911,4.0,90.0,16.0
2026-08-25,Øresund,dél,Teherhajó,312220000,5.5,168.0,27.0
2026-08-25,Øresund,észak,Teherhajó,314020000,4.1,83.0,11.0
2026-08-25,Øresund,dél,Teherhajó,352002362,7.0,199.0,32.0
2026-08-25,Øresund,dél,Teherhajó,352006698,6.7,134.0,22.0
2026-08-25,Øresund,dél,Teherhajó,538009403,6.4,197.0,32.0
2026-08-25,Øresund,dél,Teherhajó,538009463,5.5,170.0,27.0
2026-08-25,Øresund,dél,Teherhajó,538010264,6.8,229.0,38.0
2026-08-25,Øresund,dél,Teherhajó,538011755,6.5,180.0,30.0
2026-08-25,Øresund,észak,Tanker,563483000,7.1,186.0,32.0
2026-08-25,Øresund,észak,Tanker,636023848,8.0,183.0,32.0
2026-08-25,Øresund,dél,Teherhajó,636023944,9.5,172.0,28.0
2026-08-25,Øresund,dél,Teherhajó,636093310,7.0,179.0,32.0
2026-08-26,Nagy-Balti-öv,dél,Teherhajó,210359000,8.0,152.0,24.0
2026-08-26,Nagy-Balti-öv,észak,Tanker,210855000,7.1,109.0,17.0
2026-08-26,Nagy-Balti-öv,dél,Teherhajó,211718360,2.6,90.0,13.0
2026-08-26,Nagy-Balti-öv,észak,Tanker,212228000,6.5,105.0,16.0
2026-08-26,Nagy-Balti-öv,észak,Teherhajó,212810000,4.7,120.0,16.0
2026-08-26,Nagy-Balti-öv,dél,Tanker,215684000,11.4,299.0,46.0
2026-08-26,Nagy-Balti-öv,dél,Tanker,219027923,11.4,183.0,32.0
2026-08-26,Nagy-Balti-öv,dél,Tanker,219814000,9.1,147.0,22.0
2026-08-26,Nagy-Balti-öv,észak,Tanker,228460900,9.6,299.0,46.0
2026-08-26,Nagy-Balti-öv,dél,Tanker,230707000,9.6,150.0,23.0
2026-08-26,Nagy-Balti-öv,észak,Tanker,241875000,9.0,250.0,44.0
2026-08-26,Nagy-Balti-öv,észak,Teherhajó,245246000,3.4,88.0,13.0
2026-08-26,Nagy-Balti-öv,dél,Teherhajó,246474000,3.8,90.0,14.0
2026-08-26,Nagy-Balti-öv,észak,Tanker,246878000,7.8,155.0,22.0
2026-08-26,Nagy-Balti-öv,dél,Teherhajó,255805270,13.9,364.0,51.0
2026-08-26,Nagy-Balti-öv,észak,Tanker,255806226,7.5,118.0,18.0
2026-08-26,Nagy-Balti-öv,észak,Teherhajó,255806476,7.0,151.0,24.0
2026-08-26,Nagy-Balti-öv,dél,Teherhajó,255916028,7.6,120.0,16.0
2026-08-26,Nagy-Balti-öv,észak,Teherhajó,256708000,8.5,205.0,30.0
2026-08-26,Nagy-Balti-öv,észak,Teherhajó,256800000,10.0,205.0,30.0
2026-08-26,Nagy-Balti-öv,észak,Teherhajó,257056010,6.3,90.0,14.0
2026-08-26,Nagy-Balti-öv,dél,Tanker,265072000,8.6,130.0,22.0
2026-08-26,Nagy-Balti-öv,dél,Tanker,273271850,8.4,244.0,42.0
2026-08-26,Nagy-Balti-öv,észak,Teherhajó,273329660,7.6,133.0,19.0
2026-08-26,Nagy-Balti-öv,észak,Teherhajó,304783000,6.6,166.0,24.0
2026-08-26,Nagy-Balti-öv,dél,Teherhajó,305848000,8.1,132.0,16.0
2026-08-26,Nagy-Balti-öv,dél,Teherhajó,305978000,7.9,158.0,23.0
2026-08-26,Nagy-Balti-öv,dél,Teherhajó,312119000,9.0,172.0,27.0
2026-08-26,Nagy-Balti-öv,észak,Teherhajó,352006465,6.3,150.0,37.0
2026-08-26,Nagy-Balti-öv,dél,Teherhajó,354537000,10.3,237.0,32.0
2026-08-26,Nagy-Balti-öv,észak,Teherhajó,373404000,11.1,366.0,48.0
2026-08-26,Nagy-Balti-öv,dél,Teherhajó,412478730,8.0,190.0,29.0
2026-08-26,Nagy-Balti-öv,dél,Teherhajó,477552100,9.6,211.0,30.0
2026-08-26,Nagy-Balti-öv,észak,Tanker,538003488,6.9,123.0,18.0
2026-08-26,Nagy-Balti-öv,dél,Tanker,538010172,8.9,273.0,48.0
2026-08-26,Nagy-Balti-öv,észak,Tanker,538012094,15.0,244.0,42.0
2026-08-26,Nagy-Balti-öv,észak,Teherhajó,563076300,12.6,292.0,32.0
2026-08-26,Nagy-Balti-öv,észak,Teherhajó,636017073,10.0,180.0,30.0
2026-08-26,Nagy-Balti-öv,dél,Teherhajó,636018490,10.5,178.0,28.0
2026-08-26,Nagy-Balti-öv,észak,Tanker,636021135,9.0,250.0,44.0
2026-08-26,Nagy-Balti-öv,észak,Tanker,636021172,8.1,230.0,37.0
2026-08-26,Nagy-Balti-öv,dél,Tanker,636021867,9.4,244.0,42.0
2026-08-26,Nagy-Balti-öv,dél,Teherhajó,636023414,10.1,183.0,32.0
2026-08-26,Nagy-Balti-öv,dél,Tanker,636023578,11.7,289.0,46.0
2026-08-26,Nagy-Balti-öv,észak,Teherhajó,636093369,10.9,180.0,32.0
2026-08-26,Nagy-Balti-öv,dél,Tanker,667002337,9.3,273.0,50.0
2026-08-26,Øresund,észak,Teherhajó,209313000,4.4,82.0,12.0
2026-08-26,Øresund,észak,Teherhajó,209332000,4.4,90.0,12.0
2026-08-26,Øresund,észak,Tanker,212123000,5.0,100.0,15.0
2026-08-26,Øresund,dél,Teherhajó,218041490,6.0,87.0,15.0
2026-08-26,Øresund,észak,Tanker,219008000,6.9,147.0,22.0
2026-08-26,Øresund,észak,Tanker,219034373,6.5,147.0,22.0
2026-08-26,Øresund,dél,Teherhajó,219164000,7.3,86.0,14.0
2026-08-26,Øresund,észak,Tanker,219355000,6.2,93.0,14.0
2026-08-26,Øresund,dél,Teherhajó,229255000,6.6,190.0,24.0
2026-08-26,Øresund,dél,Teherhajó,231836000,9.3,179.0,31.0
2026-08-26,Øresund,észak,Teherhajó,231836000,9.3,179.0,31.0
2026-08-26,Øresund,észak,Teherhajó,232031869,5.4,90.0,14.0
2026-08-26,Øresund,dél,Teherhajó,232043527,6.9,200.0,32.0
2026-08-26,Øresund,észak,Teherhajó,235060914,3.5,90.0,13.0
2026-08-26,Øresund,észak,Tanker,241963000,7.1,249.0,44.0
2026-08-26,Øresund,dél,Teherhajó,244020435,4.6,88.0,13.0
2026-08-26,Øresund,észak,Teherhajó,244565000,5.2,103.0,15.0
2026-08-26,Øresund,észak,Teherhajó,244630415,4.7,88.0,14.0
2026-08-26,Øresund,dél,Teherhajó,245015000,3.7,80.0,10.0
2026-08-26,Øresund,dél,Teherhajó,245816000,6.9,168.0,25.0
2026-08-26,Øresund,dél,Teherhajó,246127000,7.3,122.0,17.0
2026-08-26,Øresund,dél,Teherhajó,246396000,6.6,185.0,25.0
2026-08-26,Øresund,dél,Tanker,248043000,8.1,128.0,20.0
2026-08-26,Øresund,észak,Tanker,255802940,5.8,88.0,15.0
2026-08-26,Øresund,észak,Tanker,255915986,6.2,144.0,23.0
2026-08-26,Øresund,dél,Teherhajó,255916050,5.5,110.0,18.0
2026-08-26,Øresund,dél,Teherhajó,255916084,2.7,89.0,12.0
2026-08-26,Øresund,észak,Teherhajó,255916099,5.5,89.0,12.0
2026-08-26,Øresund,dél,Tanker,257941000,4.8,89.0,13.0
2026-08-26,Øresund,észak,Teherhajó,258209000,5.2,156.0,22.0
2026-08-26,Øresund,észak,Teherhajó,259143000,4.6,119.0,16.0
2026-08-26,Øresund,dél,Teherhajó,259179000,3.6,87.0,13.0
2026-08-26,Øresund,dél,Teherhajó,265045000,4.1,90.0,13.0
2026-08-26,Øresund,észak,Tanker,266203000,4.1,70.0,14.0
2026-08-26,Øresund,észak,Tanker,266465000,5.8,120.0,20.0
2026-08-26,Øresund,észak,Tanker,266466000,5.5,129.0,20.0
2026-08-26,Øresund,dél,Teherhajó,268251601,2.4,79.0,10.0
2026-08-26,Øresund,észak,Teherhajó,275504000,5.4,90.0,14.0
2026-08-26,Øresund,dél,Teherhajó,275513000,3.5,82.0,13.0
2026-08-26,Øresund,észak,Teherhajó,304011026,4.8,89.0,12.0
2026-08-26,Øresund,észak,Teherhajó,305201000,6.9,120.0,15.0
2026-08-26,Øresund,dél,Teherhajó,305649000,5.6,95.0,14.0
2026-08-26,Øresund,dél,Teherhajó,305817000,3.6,82.0,12.0
2026-08-26,Øresund,észak,Teherhajó,311000738,9.9,188.0,32.0
2026-08-26,Øresund,dél,Teherhajó,314207000,6.0,90.0,16.0
2026-08-26,Øresund,észak,Teherhajó,314605000,3.8,100.0,12.0
2026-08-26,Øresund,észak,Teherhajó,314606000,4.2,88.0,11.0
2026-08-26,Øresund,dél,Tanker,319963000,7.6,182.0,32.0
2026-08-26,Øresund,dél,Tanker,352003756,7.2,183.0,32.0
2026-08-26,Øresund,észak,Teherhajó,352006699,7.3,134.0,22.0
2026-08-26,Øresund,észak,Teherhajó,354540000,9.5,237.0,32.0
2026-08-26,Øresund,dél,Teherhajó,355444000,5.6,100.0,21.0
2026-08-26,Øresund,dél,Teherhajó,477319700,7.5,229.0,32.0
2026-08-26,Øresund,dél,Tanker,511101602,6.6,184.0,32.0
2026-08-26,Øresund,dél,Teherhajó,538005357,6.5,190.0,32.0
2026-08-26,Øresund,dél,Teherhajó,566014000,7.0,225.0,32.0
2026-08-26,Øresund,dél,Teherhajó,577427000,6.5,225.0,32.0
2026-08-26,Øresund,dél,Teherhajó,636019558,4.3,141.0,25.0
2026-08-26,Øresund,dél,Tanker,636019903,7.4,249.0,44.0
2026-08-26,Øresund,észak,Teherhajó,636023944,7.8,172.0,28.0
2026-08-26,Øresund,észak,Teherhajó,636093200,7.1,180.0,30.0
2026-08-27,Nagy-Balti-öv,dél,Teherhajó,209536000,6.1,90.0,13.0
2026-08-27,Nagy-Balti-öv,dél,Teherhajó,210504000,8.1,133.0,16.0
2026-08-27,Nagy-Balti-öv,észak,Teherhajó,218179000,4.1,72.0,12.0
2026-08-27,Nagy-Balti-öv,észak,Teherhajó,218805000,3.3,90.0,15.0
2026-08-27,Nagy-Balti-öv,dél,Teherhajó,219115000,9.3,200.0,36.0
2026-08-27,Nagy-Balti-öv,észak,Teherhajó,230643000,6.2,187.0,27.0
2026-08-27,Nagy-Balti-öv,dél,Teherhajó,231613000,4.6,73.0,12.0
2026-08-27,Nagy-Balti-öv,dél,Tanker,241574000,8.2,250.0,44.0
2026-08-27,Nagy-Balti-öv,észak,Tanker,241734000,14.3,249.0,44.0
2026-08-27,Nagy-Balti-öv,észak,Teherhajó,244150648,6.6,87.0,15.0
2026-08-27,Nagy-Balti-öv,észak,Teherhajó,245882000,4.7,88.0,13.0
2026-08-27,Nagy-Balti-öv,dél,Teherhajó,248758000,13.0,400.0,59.0
2026-08-27,Nagy-Balti-öv,dél,Teherhajó,255806476,7.0,151.0,24.0
2026-08-27,Nagy-Balti-öv,dél,Teherhajó,255916285,5.6,89.0,12.0
2026-08-27,Nagy-Balti-öv,dél,Teherhajó,258003290,4.6,80.0,12.0
2026-08-27,Nagy-Balti-öv,észak,Teherhajó,258114000,3.8,90.0,16.0
2026-08-27,Nagy-Balti-öv,dél,Teherhajó,258227000,6.6,87.0,15.0
2026-08-27,Nagy-Balti-öv,észak,Teherhajó,258227000,6.6,87.0,15.0
2026-08-27,Nagy-Balti-öv,dél,Teherhajó,258709000,5.9,88.0,13.0
2026-08-27,Nagy-Balti-öv,dél,Tanker,259127000,11.9,225.0,36.0
2026-08-27,Nagy-Balti-öv,dél,Tanker,266436000,5.8,100.0,18.0
2026-08-27,Nagy-Balti-öv,dél,Teherhajó,271042643,10.0,179.0,28.0
2026-08-27,Nagy-Balti-öv,észak,Teherhajó,304662000,3.6,87.0,13.0
2026-08-27,Nagy-Balti-öv,dél,Teherhajó,304953000,4.2,82.0,11.0
2026-08-27,Nagy-Balti-öv,dél,Teherhajó,304964000,3.3,104.0,16.0
2026-08-27,Nagy-Balti-öv,dél,Teherhajó,311062300,8.9,164.0,24.0
2026-08-27,Nagy-Balti-öv,dél,Tanker,314001015,11.0,183.0,32.0
2026-08-27,Nagy-Balti-öv,észak,Teherhajó,314036000,3.2,88.0,11.0
2026-08-27,Nagy-Balti-öv,dél,Tanker,461000239,9.2,280.0,50.0
2026-08-27,Nagy-Balti-öv,észak,Tanker,538006198,8.5,249.0,44.0
2026-08-27,Nagy-Balti-öv,észak,Teherhajó,538006753,6.4,200.0,24.0
2026-08-27,Nagy-Balti-öv,észak,Tanker,538006771,8.5,252.0,44.0
2026-08-27,Nagy-Balti-öv,dél,Teherhajó,538007708,10.5,190.0,32.0
2026-08-27,Nagy-Balti-öv,észak,Teherhajó,538008684,10.4,180.0,30.0
2026-08-27,Nagy-Balti-öv,észak,Teherhajó,538008690,10.4,178.0,28.0
2026-08-27,Nagy-Balti-öv,dél,Tanker,538009980,9.9,180.0,29.0
2026-08-27,Nagy-Balti-öv,észak,Tanker,563065100,5.6,181.0,32.0
2026-08-27,Nagy-Balti-öv,észak,Teherhajó,630001285,9.0,182.0,30.0
2026-08-27,Nagy-Balti-öv,észak,Teherhajó,636014740,10.5,222.0,30.0
2026-08-27,Nagy-Balti-öv,dél,Teherhajó,636018563,10.1,261.0,32.0
2026-08-27,Nagy-Balti-öv,észak,Tanker,636023003,11.0,174.0,27.0
2026-08-27,Nagy-Balti-öv,dél,Teherhajó,636023978,14.3,225.0,32.0
2026-08-27,Nagy-Balti-öv,észak,Teherhajó,636025671,9.9,292.0,45.0
2026-08-27,Nagy-Balti-öv,dél,Tanker,667002362,9.2,274.0,48.0
2026-08-27,Øresund,dél,Teherhajó,209332000,3.0,90.0,12.0
2026-08-27,Øresund,észak,Teherhajó,210223000,6.3,104.0,16.0
2026-08-27,Øresund,dél,Teherhajó,210524000,5.4,89.0,13.0
2026-08-27,Øresund,dél,Teherhajó,211317180,5.0,100.0,17.0
2026-08-27,Øresund,észak,Teherhajó,212821000,6.0,85.0,13.0
2026-08-27,Øresund,észak,Teherhajó,219164000,4.6,86.0,14.0
2026-08-27,Øresund,dél,Teherhajó,230693000,3.4,88.0,13.0
2026-08-27,Øresund,észak,Teherhajó,231075000,5.9,90.0,14.0
2026-08-27,Øresund,észak,Teherhajó,231898000,5.1,89.0,13.0
2026-08-27,Øresund,dél,Teherhajó,241373000,6.7,200.0,32.0
2026-08-27,Øresund,észak,Teherhajó,244321000,5.3,89.0,14.0
2026-08-27,Øresund,dél,Tanker,244335000,6.9,115.0,16.0
2026-08-27,Øresund,dél,Teherhajó,244790715,5.4,89.0,14.0
2026-08-27,Øresund,dél,Teherhajó,246141000,4.7,100.0,17.0
2026-08-27,Øresund,észak,Teherhajó,246554000,7.3,205.0,26.0
2026-08-27,Øresund,észak,Teherhajó,246827000,5.6,90.0,12.0
2026-08-27,Øresund,dél,Teherhajó,246855000,2.9,88.0,13.0
2026-08-27,Øresund,észak,Tanker,248043000,6.4,128.0,20.0
2026-08-27,Øresund,dél,Teherhajó,249386000,6.9,200.0,32.0
2026-08-27,Øresund,dél,Teherhajó,255805887,5.1,89.0,16.0
2026-08-27,Øresund,dél,Teherhajó,255915594,5.6,89.0,12.0
2026-08-27,Øresund,dél,Teherhajó,255915634,4.4,99.0,16.0
2026-08-27,Øresund,észak,Teherhajó,255916022,6.4,98.0,16.0
2026-08-27,Øresund,észak,Teherhajó,255916067,5.9,100.0,14.0
2026-08-27,Øresund,észak,Teherhajó,255916226,4.0,89.0,12.0
2026-08-27,Øresund,dél,Teherhajó,255916565,6.5,180.0,30.0
2026-08-27,Øresund,dél,Teherhajó,257673000,5.6,103.0,16.0
2026-08-27,Øresund,észak,Teherhajó,257723000,5.2,80.0,18.0
2026-08-27,Øresund,dél,Teherhajó,257765000,6.5,90.0,15.0
2026-08-27,Øresund,észak,Teherhajó,258059000,4.3,87.0,15.0
2026-08-27,Øresund,dél,Tanker,259360000,5.2,96.0,15.0
2026-08-27,Øresund,észak,Teherhajó,261208000,5.6,56.0,11.0
2026-08-27,Øresund,észak,Tanker,265061000,6.3,149.0,23.0
2026-08-27,Øresund,észak,Teherhajó,265413000,6.8,170.0,24.0
2026-08-27,Øresund,észak,Tanker,266266000,4.9,130.0,20.0
2026-08-27,Øresund,dél,Teherhajó,275504000,3.9,90.0,14.0
2026-08-27,Øresund,dél,Teherhajó,277586000,7.9,148.0,25.0
2026-08-27,Øresund,észak,Teherhajó,277586000,7.9,148.0,25.0
2026-08-27,Øresund,észak,Teherhajó,304028000,5.2,82.0,12.0
2026-08-27,Øresund,észak,Teherhajó,304145000,5.8,90.0,14.0
2026-08-27,Øresund,észak,Teherhajó,304789000,5.4,89.0,13.0
2026-08-27,Øresund,dél,Teherhajó,311002065,6.8,225.0,32.0
2026-08-27,Øresund,dél,Teherhajó,311379000,6.3,190.0,29.0
2026-08-27,Øresund,észak,Teherhajó,355444000,4.8,100.0,21.0
2026-08-27,Øresund,dél,Teherhajó,370727000,7.4,235.0,38.0
2026-08-27,Øresund,észak,Tanker,538006310,4.3,95.0,16.0
2026-08-27,Øresund,dél,Teherhajó,613169507,6.1,122.0,19.0
2026-08-27,Øresund,dél,Teherhajó,636021598,6.7,181.0,30.0
2026-08-27,Øresund,dél,Teherhajó,636093185,7.0,199.0,32.0
2026-08-27,Øresund,dél,Teherhajó,636093384,7.4,229.0,32.0
2026-08-28,Nagy-Balti-öv,észak,Teherhajó,209536000,3.8,90.0,13.0
2026-08-28,Nagy-Balti-öv,észak,Teherhajó,209659000,10.1,170.0,27.0
2026-08-28,Nagy-Balti-öv,dél,Teherhajó,209938000,2.9,82.0,11.0
2026-08-28,Nagy-Balti-öv,dél,Teherhajó,210350000,5.3,100.0,16.0
2026-08-28,Nagy-Balti-öv,észak,Teherhajó,212797000,5.1,100.0,13.0
2026-08-28,Nagy-Balti-öv,dél,Tanker,219008000,8.6,147.0,22.0
2026-08-28,Nagy-Balti-öv,dél,Teherhajó,230643000,6.1,187.0,27.0
2026-08-28,Nagy-Balti-öv,észak,Teherhajó,231613000,5.0,73.0,12.0
2026-08-28,Nagy-Balti-öv,dél,Teherhajó,236108000,5.1,83.0,13.0
2026-08-28,Nagy-Balti-öv,dél,Tanker,241627000,14.6,250.0,44.0
2026-08-28,Nagy-Balti-öv,észak,Teherhajó,245058000,4.1,93.0,15.0
2026-08-28,Nagy-Balti-öv,észak,Teherhajó,245546000,9.4,168.0,25.0
2026-08-28,Nagy-Balti-öv,észak,Teherhajó,249216000,10.5,190.0,32.0
2026-08-28,Nagy-Balti-öv,dél,Teherhajó,255616000,6.9,180.0,30.0
2026-08-28,Nagy-Balti-öv,dél,Teherhajó,255915819,8.6,225.0,32.0
2026-08-28,Nagy-Balti-öv,észak,Teherhajó,255916028,4.7,120.0,16.0
2026-08-28,Nagy-Balti-öv,dél,Teherhajó,256883000,8.2,205.0,30.0
2026-08-28,Nagy-Balti-öv,dél,Teherhajó,257207000,6.5,90.0,14.0
2026-08-28,Nagy-Balti-öv,észak,Teherhajó,257207000,6.5,90.0,14.0
2026-08-28,Nagy-Balti-öv,észak,Tanker,257960000,9.0,277.0,46.0
2026-08-28,Nagy-Balti-öv,észak,Teherhajó,258003290,4.0,80.0,12.0
2026-08-28,Nagy-Balti-öv,észak,Tanker,258152000,8.2,119.0,19.0
2026-08-28,Nagy-Balti-öv,észak,Teherhajó,258709000,3.6,88.0,13.0
2026-08-28,Nagy-Balti-öv,dél,Tanker,265071000,8.9,130.0,22.0
2026-08-28,Nagy-Balti-öv,észak,Tanker,265610040,3.6,80.0,14.0
2026-08-28,Nagy-Balti-öv,dél,Tanker,273127920,9.2,249.0,44.0
2026-08-28,Nagy-Balti-öv,észak,Teherhajó,273130400,7.6,177.0,24.0
2026-08-28,Nagy-Balti-öv,észak,Tanker,273271660,14.5,244.0,42.0
2026-08-28,Nagy-Balti-öv,észak,Teherhajó,273298160,6.7,138.0,21.0
2026-08-28,Nagy-Balti-öv,dél,Teherhajó,273432030,8.1,120.0,18.0
2026-08-28,Nagy-Balti-öv,dél,Teherhajó,304662000,5.3,87.0,13.0
2026-08-28,Nagy-Balti-öv,dél,Tanker,304955000,5.2,103.0,16.0
2026-08-28,Nagy-Balti-öv,észak,Teherhajó,305612000,5.6,89.0,13.0
2026-08-28,Nagy-Balti-öv,dél,Teherhajó,311000724,8.5,154.0,24.0
2026-08-28,Nagy-Balti-öv,dél,Teherhajó,311000973,8.1,150.0,22.0
2026-08-28,Nagy-Balti-öv,észak,Teherhajó,311000977,5.4,145.0,22.0
2026-08-28,Nagy-Balti-öv,észak,Teherhajó,311001021,7.7,145.0,22.0
2026-08-28,Nagy-Balti-öv,dél,Teherhajó,311001036,12.6,196.0,32.0
2026-08-28,Nagy-Balti-öv,észak,Tanker,311001963,11.5,183.0,32.0
2026-08-28,Nagy-Balti-öv,észak,Tanker,314001105,14.8,248.0,43.0
2026-08-28,Nagy-Balti-öv,észak,Tanker,314203000,14.8,274.0,50.0
2026-08-28,Nagy-Balti-öv,dél,Teherhajó,319114200,8.8,180.0,30.0
2026-08-28,Nagy-Balti-öv,észak,Teherhajó,352002532,7.7,226.0,32.0
2026-08-28,Nagy-Balti-öv,dél,Teherhajó,354195000,9.2,181.0,28.0
2026-08-28,Nagy-Balti-öv,dél,Teherhajó,354711000,10.9,196.0,33.0
2026-08-28,Nagy-Balti-öv,észak,Teherhajó,355124000,14.5,229.0,32.0
2026-08-28,Nagy-Balti-öv,észak,Tanker,461000248,8.0,183.0,32.0
2026-08-28,Nagy-Balti-öv,dél,Teherhajó,477195100,12.7,291.0,32.0
2026-08-28,Nagy-Balti-öv,dél,Teherhajó,477221200,14.0,399.0,61.0
2026-08-28,Nagy-Balti-öv,észak,Teherhajó,477716400,8.3,255.0,43.0
2026-08-28,Nagy-Balti-öv,észak,Teherhajó,538005705,10.4,180.0,32.0
2026-08-28,Nagy-Balti-öv,dél,Teherhajó,538011562,14.6,228.0,32.0
2026-08-28,Nagy-Balti-öv,észak,Teherhajó,563288800,8.5,208.0,30.0
2026-08-28,Nagy-Balti-öv,dél,Teherhajó,563326200,12.9,229.0,32.0
2026-08-28,Nagy-Balti-öv,dél,Tanker,636017773,9.0,274.0,48.0
2026-08-28,Nagy-Balti-öv,észak,Teherhajó,636018322,11.3,217.0,27.0
2026-08-28,Nagy-Balti-öv,észak,Teherhajó,636020402,9.9,170.0,28.0
2026-08-28,Nagy-Balti-öv,észak,Teherhajó,636022452,14.7,229.0,38.0
2026-08-28,Nagy-Balti-öv,észak,Tanker,636023578,8.9,289.0,46.0
2026-08-28,Nagy-Balti-öv,dél,Teherhajó,636024228,14.0,229.0,32.0
2026-08-28,Nagy-Balti-öv,észak,Teherhajó,636025762,14.1,366.0,51.0
2026-08-28,Øresund,észak,Teherhajó,209114000,4.2,89.0,12.0
2026-08-28,Øresund,észak,Teherhajó,209671000,5.6,89.0,13.0
2026-08-28,Øresund,észak,Teherhajó,209726000,4.6,100.0,16.0
2026-08-28,Øresund,dél,Teherhajó,210100000,5.4,89.0,13.0
2026-08-28,Øresund,észak,Teherhajó,210547000,5.9,99.0,14.0
2026-08-28,Øresund,észak,Teherhajó,210852000,6.6,90.0,14.0
2026-08-28,Øresund,dél,Teherhajó,219000245,2.6,55.0,9.0
2026-08-28,Øresund,dél,Teherhajó,219026522,4.3,65.0,11.0
2026-08-28,Øresund,dél,Teherhajó,230042000,5.0,134.0,20.0
2026-08-28,Øresund,dél,Teherhajó,230091950,4.1,83.0,13.0
2026-08-28,Øresund,dél,Teherhajó,231068000,6.3,100.0,14.0
2026-08-28,Øresund,észak,Teherhajó,231843000,5.4,89.0,14.0
2026-08-28,Øresund,dél,Teherhajó,231906000,6.3,89.0,13.0
2026-08-28,Øresund,észak,Teherhajó,244140000,5.8,114.0,15.0
2026-08-28,Øresund,dél,Teherhajó,244565000,4.4,103.0,15.0
2026-08-28,Øresund,észak,Tanker,244678000,5.0,116.0,15.0
2026-08-28,Øresund,észak,Teherhajó,245399000,5.0,98.0,13.0
2026-08-28,Øresund,dél,Tanker,248886000,5.5,88.0,14.0
2026-08-28,Øresund,dél,Teherhajó,248938000,7.7,186.0,24.0
2026-08-28,Øresund,dél,Teherhajó,250002173,6.2,90.0,14.0
2026-08-28,Øresund,dél,Teherhajó,255804490,4.9,89.0,12.0
2026-08-28,Øresund,észak,Tanker,255805340,6.0,118.0,19.0
2026-08-28,Øresund,dél,Teherhajó,255806300,6.3,135.0,22.0
2026-08-28,Øresund,észak,Teherhajó,255806478,6.5,98.0,15.0
2026-08-28,Øresund,észak,Teherhajó,255808000,5.3,89.0,16.0
2026-08-28,Øresund,észak,Teherhajó,255915955,5.0,88.0,13.0
2026-08-28,Øresund,észak,Tanker,255915980,6.5,144.0,23.0
2026-08-28,Øresund,dél,Teherhajó,255916099,3.3,89.0,12.0
2026-08-28,Øresund,észak,Tanker,255916483,5.4,118.0,18.0
2026-08-28,Øresund,dél,Teherhajó,257415000,6.6,87.0,15.0
2026-08-28,Øresund,észak,Tanker,257643000,7.4,104.0,16.0
2026-08-28,Øresund,észak,Teherhajó,257737000,5.3,86.0,16.0
2026-08-28,Øresund,dél,Teherhajó,258809000,6.2,90.0,14.0
2026-08-28,Øresund,dél,Tanker,266212000,4.6,80.0,14.0
2026-08-28,Øresund,észak,Teherhajó,277324000,6.6,105.0,16.0
2026-08-28,Øresund,dél,Teherhajó,304502000,7.6,108.0,18.0
2026-08-28,Øresund,észak,Teherhajó,304627000,6.2,94.0,13.0
2026-08-28,Øresund,dél,Teherhajó,305458000,5.7,100.0,15.0
2026-08-28,Øresund,észak,Teherhajó,311001894,6.6,90.0,16.0
2026-08-28,Øresund,észak,Teherhajó,311001911,5.1,90.0,16.0
2026-08-28,Øresund,dél,Tanker,314898000,6.8,244.0,42.0
2026-08-28,Øresund,dél,Teherhajó,355960000,5.7,170.0,27.0
2026-08-28,Øresund,dél,Tanker,374940000,7.2,183.0,33.0
2026-08-28,Øresund,dél,Teherhajó,538005598,7.3,225.0,33.0
2026-08-28,Øresund,dél,Tanker,538011135,7.0,228.0,32.0
2026-08-28,Øresund,dél,Teherhajó,538012417,6.7,180.0,32.0
2026-08-28,Øresund,dél,Tanker,636011282,6.8,170.0,25.0
2026-08-28,Øresund,dél,Teherhajó,636022047,8.9,161.0,25.0
2026-08-28,Øresund,dél,Teherhajó,636022662,6.3,180.0,30.0
2026-08-28,Øresund,dél,Teherhajó,636026289,6.4,179.0,28.0
2026-08-29,Nagy-Balti-öv,észak,Teherhajó,209151000,5.2,88.0,12.0
2026-08-29,Nagy-Balti-öv,észak,Teherhajó,209184000,10.1,186.0,27.0
2026-08-29,Nagy-Balti-öv,észak,Teherhajó,210350000,4.1,100.0,16.0
2026-08-29,Nagy-Balti-öv,dél,Teherhajó,210552000,5.7,88.0,13.0
2026-08-29,Nagy-Balti-öv,dél,Teherhajó,212357000,8.5,184.0,25.0
2026-08-29,Nagy-Balti-öv,észak,Tanker,215233000,12.5,183.0,32.0
2026-08-29,Nagy-Balti-öv,észak,Tanker,215684000,9.6,299.0,46.0
2026-08-29,Nagy-Balti-öv,észak,Teherhajó,219001262,2.0,31.0,8.0
2026-08-29,Nagy-Balti-öv,dél,Tanker,219029880,9.1,147.0,22.0
2026-08-29,Nagy-Balti-öv,észak,Teherhajó,219136000,11.6,200.0,36.0
2026-08-29,Nagy-Balti-öv,észak,Tanker,230689000,9.6,156.0,24.0
2026-08-29,Nagy-Balti-öv,észak,Teherhajó,245297000,8.2,145.0,16.0
2026-08-29,Nagy-Balti-öv,dél,Tanker,247433300,9.0,149.0,22.0
2026-08-29,Nagy-Balti-öv,észak,Tanker,255801270,6.2,120.0,18.0
2026-08-29,Nagy-Balti-öv,dél,Teherhajó,255805693,6.8,105.0,16.0
2026-08-29,Nagy-Balti-öv,dél,Tanker,255916087,9.0,150.0,23.0
2026-08-29,Nagy-Balti-öv,dél,Teherhajó,255916314,8.0,148.0,27.0
2026-08-29,Nagy-Balti-öv,dél,Teherhajó,257056010,5.9,90.0,14.0
2026-08-29,Nagy-Balti-öv,dél,Tanker,257112270,7.6,183.0,33.0
2026-08-29,Nagy-Balti-öv,dél,Tanker,257970000,8.8,147.0,22.0
2026-08-29,Nagy-Balti-öv,dél,Teherhajó,258009780,5.5,88.0,12.0
2026-08-29,Nagy-Balti-öv,dél,Teherhajó,258656000,5.9,94.0,15.0
2026-08-29,Nagy-Balti-öv,dél,Teherhajó,265039000,7.2,242.0,36.0
2026-08-29,Nagy-Balti-öv,dél,Teherhajó,271046628,6.5,190.0,34.0
2026-08-29,Nagy-Balti-öv,észak,Tanker,273123220,15.5,245.0,42.0
2026-08-29,Nagy-Balti-öv,dél,Teherhajó,273218630,7.6,139.0,20.0
2026-08-29,Nagy-Balti-öv,észak,Tanker,273386120,6.2,90.0,15.0
2026-08-29,Nagy-Balti-öv,dél,Teherhajó,273611740,6.7,183.0,31.0
2026-08-29,Nagy-Balti-öv,dél,Teherhajó,305530000,10.7,176.0,26.0
2026-08-29,Nagy-Balti-öv,észak,Tanker,309022000,9.2,274.0,48.0
2026-08-29,Nagy-Balti-öv,dél,Teherhajó,314019000,4.8,83.0,11.0
2026-08-29,Nagy-Balti-öv,észak,Teherhajó,352002172,11.8,190.0,32.0
2026-08-29,Nagy-Balti-öv,észak,Teherhajó,352003439,14.5,229.0,37.0
2026-08-29,Nagy-Balti-öv,dél,Teherhajó,352003439,14.5,229.0,37.0
2026-08-29,Nagy-Balti-öv,észak,Teherhajó,352003439,14.5,229.0,37.0
2026-08-29,Nagy-Balti-öv,dél,Teherhajó,352003439,14.5,229.0,37.0
2026-08-29,Nagy-Balti-öv,észak,Teherhajó,352003439,14.5,229.0,37.0
2026-08-29,Nagy-Balti-öv,észak,Teherhajó,354595000,14.4,229.0,32.0
2026-08-29,Nagy-Balti-öv,észak,Teherhajó,372781000,10.9,192.0,32.0
2026-08-29,Nagy-Balti-öv,észak,Teherhajó,477552100,7.9,211.0,30.0
2026-08-29,Nagy-Balti-öv,észak,Tanker,538003218,5.0,100.0,18.0
2026-08-29,Nagy-Balti-öv,észak,Teherhajó,538004890,10.6,180.0,30.0
2026-08-29,Nagy-Balti-öv,dél,Tanker,538006497,6.1,101.0,18.0
2026-08-29,Nagy-Balti-öv,észak,Teherhajó,538006864,12.3,198.0,32.0
2026-08-29,Nagy-Balti-öv,észak,Teherhajó,538007446,7.2,225.0,48.0
2026-08-29,Nagy-Balti-öv,dél,Tanker,538007654,13.2,274.0,48.0
2026-08-29,Nagy-Balti-öv,észak,Teherhajó,538009403,13.0,197.0,32.0
2026-08-29,Nagy-Balti-öv,dél,Tanker,538010185,9.0,274.0,48.0
2026-08-29,Nagy-Balti-öv,észak,Tanker,538010487,13.0,229.0,32.0
2026-08-29,Nagy-Balti-öv,észak,Teherhajó,538011366,9.0,170.0,27.0
2026-08-29,Nagy-Balti-öv,észak,Tanker,538011442,8.7,249.0,44.0
2026-08-29,Nagy-Balti-öv,dél,Teherhajó,538012595,5.8,166.0,27.0
2026-08-29,Nagy-Balti-öv,észak,Teherhajó,538013046,10.2,180.0,30.0
2026-08-29,Nagy-Balti-öv,dél,Tanker,563045300,13.0,250.0,44.0
2026-08-29,Nagy-Balti-öv,észak,Tanker,566018000,9.6,149.0,24.0
2026-08-29,Nagy-Balti-öv,dél,Teherhajó,577793000,9.9,205.0,27.0
2026-08-29,Nagy-Balti-öv,dél,Tanker,636013814,11.7,205.0,32.0
2026-08-29,Nagy-Balti-öv,észak,Teherhajó,636016430,10.1,280.0,32.0
2026-08-29,Nagy-Balti-öv,dél,Teherhajó,636020651,14.7,229.0,32.0
2026-08-29,Nagy-Balti-öv,észak,Teherhajó,636021059,10.1,180.0,29.0
2026-08-29,Nagy-Balti-öv,észak,Teherhajó,636022520,14.3,289.0,45.0
2026-08-29,Nagy-Balti-öv,észak,Tanker,636026411,14.8,274.0,48.0
2026-08-29,Nagy-Balti-öv,észak,Teherhajó,636093340,10.3,180.0,30.0
2026-08-29,Nagy-Balti-öv,észak,Tanker,667002277,14.0,250.0,44.0
2026-08-29,Nagy-Balti-öv,észak,Tanker,667002284,14.7,248.0,43.0
2026-08-29,Øresund,dél,Teherhajó,209313000,3.8,82.0,12.0
2026-08-29,Øresund,dél,Teherhajó,209325000,3.4,88.0,13.0
2026-08-29,Øresund,észak,Teherhajó,209325000,3.4,88.0,13.0
2026-08-29,Øresund,észak,Teherhajó,211317180,7.4,100.0,17.0
2026-08-29,Øresund,dél,Tanker,215382000,5.1,109.0,16.0
2026-08-29,Øresund,észak,Teherhajó,230700000,7.5,238.0,35.0
2026-08-29,Øresund,észak,Teherhajó,232047453,6.3,90.0,15.0
2026-08-29,Øresund,észak,Tanker,235116324,7.5,183.0,32.0
2026-08-29,Øresund,észak,Tanker,244335000,4.8,115.0,16.0
2026-08-29,Øresund,dél,Teherhajó,244780000,5.5,95.0,13.0
2026-08-29,Øresund,dél,Tanker,244870427,5.5,95.0,15.0
2026-08-29,Øresund,észak,Teherhajó,246521000,7.5,205.0,26.0
2026-08-29,Øresund,észak,Teherhajó,246872000,4.6,108.0,16.0
2026-08-29,Øresund,dél,Tanker,246878000,6.2,155.0,22.0
2026-08-29,Øresund,észak,Tanker,248886000,4.7,88.0,14.0
2026-08-29,Øresund,dél,Teherhajó,255915668,4.6,90.0,13.0
2026-08-29,Øresund,dél,Teherhajó,255916048,7.3,110.0,18.0
2026-08-29,Øresund,dél,Teherhajó,255916226,3.6,89.0,12.0
2026-08-29,Øresund,dél,Tanker,257071620,8.0,126.0,20.0
2026-08-29,Øresund,dél,Teherhajó,257319000,5.5,93.0,15.0
2026-08-29,Øresund,észak,Tanker,257374000,6.5,140.0,22.0
2026-08-29,Øresund,dél,Teherhajó,258003290,4.0,80.0,12.0
2026-08-29,Øresund,észak,Teherhajó,258809000,4.2,90.0,14.0
2026-08-29,Øresund,észak,Teherhajó,258812000,4.6,116.0,17.0
2026-08-29,Øresund,észak,Tanker,259360000,6.6,96.0,15.0
2026-08-29,Øresund,észak,Tanker,266212000,4.0,80.0,14.0
2026-08-29,Øresund,dél,Teherhajó,266416000,3.8,99.0,19.0
2026-08-29,Øresund,dél,Tanker,266454000,5.5,123.0,17.0
2026-08-29,Øresund,dél,Teherhajó,275545000,5.0,100.0,16.0
2026-08-29,Øresund,dél,Teherhajó,304274000,4.3,80.0,12.0
2026-08-29,Øresund,észak,Teherhajó,305465000,5.9,90.0,13.0
2026-08-29,Øresund,dél,Teherhajó,305633000,3.8,107.0,13.0
2026-08-29,Øresund,dél,Teherhajó,305715000,5.6,107.0,18.0
2026-08-29,Øresund,észak,Teherhajó,308654000,7.6,148.0,25.0
2026-08-29,Øresund,dél,Teherhajó,311001499,6.4,89.0,14.0
2026-08-29,Øresund,észak,Teherhajó,311001769,4.8,82.0,11.0
2026-08-29,Øresund,dél,Teherhajó,311001793,5.3,88.0,13.0
2026-08-29,Øresund,dél,Teherhajó,311001810,5.3,88.0,13.0
2026-08-29,Øresund,észak,Teherhajó,311001811,3.9,83.0,11.0
2026-08-29,Øresund,észak,Teherhajó,311995000,7.2,148.0,25.0
2026-08-29,Øresund,dél,Tanker,314001078,7.4,185.0,32.0
2026-08-29,Øresund,észak,Teherhajó,314207000,3.7,90.0,16.0
2026-08-29,Øresund,dél,Teherhajó,314526000,5.5,148.0,18.0
2026-08-29,Øresund,észak,Teherhajó,314826000,4.3,88.0,11.0
2026-08-29,Øresund,dél,Tanker,353576000,10.7,183.0,32.0
2026-08-29,Øresund,dél,Teherhajó,356727000,5.3,137.0,23.0
2026-08-29,Øresund,dél,Teherhajó,374891000,7.1,249.0,43.0
2026-08-29,Øresund,észak,Teherhajó,511101985,5.5,90.0,13.0
2026-08-29,Øresund,dél,Teherhajó,538004551,6.8,190.0,32.0
2026-08-29,Øresund,észak,Tanker,538005799,5.2,100.0,17.0
2026-08-29,Øresund,dél,Tanker,538011272,6.0,100.0,17.0
2026-08-29,Øresund,dél,Teherhajó,538011640,7.3,179.0,30.0
2026-08-29,Øresund,észak,Tanker,563009700,5.6,120.0,21.0
2026-08-29,Øresund,észak,Tanker,563270500,6.0,146.0,24.0
2026-08-29,Øresund,dél,Tanker,636019392,7.0,237.0,42.0
2026-08-29,Øresund,észak,Teherhajó,636022047,9.5,161.0,25.0
2026-08-29,Øresund,észak,Tanker,664444000,6.5,188.0,32.0
2026-08-30,Nagy-Balti-öv,észak,Teherhajó,209722000,14.1,229.0,37.0
2026-08-30,Nagy-Balti-öv,dél,Teherhajó,210704000,4.2,90.0,13.0
2026-08-30,Nagy-Balti-öv,dél,Teherhajó,218179000,4.2,72.0,12.0
2026-08-30,Nagy-Balti-öv,dél,Tanker,220018000,3.8,78.0,13.0
2026-08-30,Nagy-Balti-öv,észak,Teherhajó,230642000,6.1,187.0,27.0
2026-08-30,Nagy-Balti-öv,dél,Tanker,231875000,9.3,144.0,23.0
2026-08-30,Nagy-Balti-öv,dél,Teherhajó,231908000,5.4,86.0,12.0
2026-08-30,Nagy-Balti-öv,észak,Tanker,235108534,8.8,250.0,44.0
2026-08-30,Nagy-Balti-öv,észak,Tanker,236112740,6.2,148.0,23.0
2026-08-30,Nagy-Balti-öv,észak,Teherhajó,244730000,8.8,173.0,25.0
2026-08-30,Nagy-Balti-öv,észak,Teherhajó,245299000,9.8,142.0,21.0
2026-08-30,Nagy-Balti-öv,dél,Teherhajó,246846000,5.2,145.0,16.0
2026-08-30,Nagy-Balti-öv,észak,Teherhajó,249874000,10.0,169.0,26.0
2026-08-30,Nagy-Balti-öv,dél,Teherhajó,255806257,10.0,179.0,28.0
2026-08-30,Nagy-Balti-öv,észak,Teherhajó,255916313,7.6,148.0,27.0
2026-08-30,Nagy-Balti-öv,dél,Tanker,256371000,13.2,250.0,44.0
2026-08-30,Nagy-Balti-öv,észak,Tanker,256809000,9.2,145.0,23.0
2026-08-30,Nagy-Balti-öv,észak,Teherhajó,258009780,4.0,88.0,12.0
2026-08-30,Nagy-Balti-öv,dél,Teherhajó,258648000,6.3,110.0,15.0
2026-08-30,Nagy-Balti-öv,észak,Tanker,266436000,5.5,100.0,18.0
2026-08-30,Nagy-Balti-öv,észak,Teherhajó,305978000,7.7,158.0,23.0
2026-08-30,Nagy-Balti-öv,észak,Teherhajó,351282000,8.8,144.0,22.0
2026-08-30,Nagy-Balti-öv,észak,Tanker,352003729,10.6,183.0,32.0
2026-08-30,Nagy-Balti-öv,észak,Teherhajó,414650000,12.4,190.0,32.0
2026-08-30,Nagy-Balti-öv,észak,Teherhajó,477464200,14.4,229.0,32.0
2026-08-30,Nagy-Balti-öv,észak,Teherhajó,538002659,12.2,190.0,32.0
2026-08-30,Nagy-Balti-öv,észak,Tanker,538005278,7.8,188.0,27.0
2026-08-30,Nagy-Balti-öv,észak,Teherhajó,538005725,10.3,190.0,32.0
2026-08-30,Nagy-Balti-öv,dél,Tanker,538008785,9.5,274.0,50.0
2026-08-30,Nagy-Balti-öv,dél,Tanker,538009022,11.5,299.0,46.0
2026-08-30,Nagy-Balti-öv,dél,Tanker,538010257,13.1,249.0,45.0
2026-08-30,Nagy-Balti-öv,észak,Teherhajó,538010802,12.3,202.0,30.0
2026-08-30,Nagy-Balti-öv,észak,Teherhajó,538011973,14.9,229.0,32.0
2026-08-30,Nagy-Balti-öv,dél,Teherhajó,538012753,12.0,189.0,32.0
2026-08-30,Nagy-Balti-öv,észak,Tanker,636015944,7.0,154.0,26.0
2026-08-30,Nagy-Balti-öv,dél,Teherhajó,636018491,10.5,179.0,27.0
2026-08-30,Nagy-Balti-öv,észak,Teherhajó,636020117,11.7,190.0,33.0
2026-08-30,Nagy-Balti-öv,dél,Tanker,636021311,13.9,250.0,44.0
2026-08-30,Nagy-Balti-öv,észak,Teherhajó,636022248,14.6,229.0,38.0
2026-08-30,Nagy-Balti-öv,dél,Tanker,636023428,8.4,146.0,24.0
2026-08-30,Nagy-Balti-öv,dél,Tanker,636024471,9.3,150.0,23.0
2026-08-30,Nagy-Balti-öv,észak,Tanker,636026408,14.5,256.0,43.0
2026-08-30,Nagy-Balti-öv,észak,Tanker,667001249,14.5,249.0,44.0
2026-08-30,Øresund,észak,Tanker,209415000,6.1,107.0,18.0
2026-08-30,Øresund,észak,Teherhajó,210674000,6.0,90.0,16.0
2026-08-30,Øresund,dél,Teherhajó,211141000,8.0,134.0,23.0
2026-08-30,Øresund,dél,Tanker,212123000,5.6,100.0,15.0
2026-08-30,Øresund,észak,Teherhajó,219458000,6.3,197.0,26.0
2026-08-30,Øresund,dél,Teherhajó,220474000,5.2,77.0,14.0
2026-08-30,Øresund,dél,Teherhajó,230350000,6.5,120.0,18.0
2026-08-30,Øresund,dél,Teherhajó,230694000,6.9,238.0,35.0
2026-08-30,Øresund,dél,Teherhajó,231800000,7.5,89.0,14.0
2026-08-30,Øresund,dél,Teherhajó,244110824,4.8,98.0,13.0
2026-08-30,Øresund,dél,Tanker,244678000,6.7,116.0,15.0
2026-08-30,Øresund,dél,Tanker,244994000,5.1,108.0,17.0
2026-08-30,Øresund,dél,Teherhajó,245097000,7.7,205.0,26.0
2026-08-30,Øresund,észak,Teherhajó,245897000,7.6,205.0,26.0
2026-08-30,Øresund,észak,Teherhajó,246218000,5.1,82.0,13.0
2026-08-30,Øresund,dél,Teherhajó,246542000,4.6,90.0,13.0
2026-08-30,Øresund,dél,Tanker,248993000,7.1,254.0,44.0
2026-08-30,Øresund,dél,Tanker,249223000,6.8,100.0,18.0
2026-08-30,Øresund,észak,Teherhajó,249934000,4.1,88.0,13.0
2026-08-30,Øresund,dél,Teherhajó,255805577,6.3,140.0,23.0
2026-08-30,Øresund,észak,Teherhajó,255805842,7.0,141.0,22.0
2026-08-30,Øresund,dél,Teherhajó,255806433,3.9,130.0,25.0
2026-08-30,Øresund,észak,Teherhajó,255806436,7.2,141.0,22.0
2026-08-30,Øresund,észak,Teherhajó,255806468,5.3,106.0,14.0
2026-08-30,Øresund,dél,Teherhajó,255806478,4.8,98.0,15.0
2026-08-30,Øresund,dél,Tanker,255915982,6.5,144.0,23.0
2026-08-30,Øresund,dél,Tanker,255916523,6.1,106.0,17.0
2026-08-30,Øresund,dél,Teherhajó,256629000,7.2,200.0,32.0
2026-08-30,Øresund,észak,Teherhajó,257477000,5.8,88.0,13.0
2026-08-30,Øresund,dél,Teherhajó,257988000,7.2,119.0,17.0
2026-08-30,Øresund,dél,Teherhajó,258622000,5.4,101.0,17.0
2026-08-30,Øresund,dél,Tanker,265610040,5.0,80.0,14.0
2026-08-30,Øresund,észak,Tanker,266476000,5.3,119.0,17.0
2026-08-30,Øresund,észak,Teherhajó,268251601,3.4,79.0,10.0
2026-08-30,Øresund,dél,Tanker,273275060,7.0,183.0,33.0
2026-08-30,Øresund,dél,Teherhajó,277586000,7.7,148.0,25.0
2026-08-30,Øresund,észak,Teherhajó,277586000,7.7,148.0,25.0
2026-08-30,Øresund,dél,Teherhajó,304028000,2.7,82.0,12.0
2026-08-30,Øresund,észak,Teherhajó,304953000,3.9,82.0,11.0
2026-08-30,Øresund,észak,Teherhajó,305641000,5.8,114.0,14.0
2026-08-30,Øresund,dél,Teherhajó,305978000,7.7,158.0,23.0
2026-08-30,Øresund,dél,Teherhajó,308803000,7.3,148.0,25.0
2026-08-30,Øresund,észak,Teherhajó,311001499,4.0,89.0,14.0
2026-08-30,Øresund,észak,Teherhajó,311001809,6.1,90.0,14.0
2026-08-30,Øresund,dél,Teherhajó,311002227,6.7,225.0,32.0
2026-08-30,Øresund,dél,Tanker,314001080,6.8,185.0,32.0
2026-08-30,Øresund,észak,Teherhajó,352002808,7.1,146.0,18.0
2026-08-30,Øresund,dél,Teherhajó,353539000,5.0,155.0,24.0
2026-08-30,Øresund,dél,Teherhajó,353738000,7.4,245.0,43.0
2026-08-30,Øresund,dél,Teherhajó,357431000,6.7,178.0,29.0
2026-08-30,Øresund,dél,Teherhajó,370543000,6.4,180.0,28.0
2026-08-30,Øresund,dél,Tanker,538002621,7.2,228.0,32.0
2026-08-30,Øresund,dél,Teherhajó,538003974,6.8,190.0,32.0
2026-08-30,Øresund,dél,Tanker,538006310,5.7,95.0,16.0
2026-08-30,Øresund,dél,Teherhajó,538011895,6.6,200.0,32.0
2026-08-30,Øresund,dél,Tanker,538012112,6.8,240.0,42.0
2026-08-30,Øresund,észak,Teherhajó,572728220,6.6,133.0,19.0
2026-08-30,Øresund,dél,Teherhajó,630001017,5.5,143.0,22.0
2026-08-30,Øresund,dél,Teherhajó,636021450,5.2,128.0,22.0
2026-08-30,Øresund,dél,Tanker,636022668,7.0,183.0,27.0
2026-08-30,Øresund,dél,Teherhajó,636023497,6.4,190.0,32.0
2026-08-30,Øresund,dél,Teherhajó,636023660,5.9,117.0,20.0
2026-08-30,Øresund,dél,Teherhajó,636025326,4.6,142.0,18.0
2026-08-30,Øresund,dél,Teherhajó,636025479,6.1,179.0,29.0
2026-08-30,Øresund,dél,Tanker,667001255,7.0,228.0,42.0
2026-08-31,Nagy-Balti-öv,dél,Teherhajó,209535000,6.2,90.0,13.0
2026-08-31,Nagy-Balti-öv,észak,Tanker,215371000,11.0,170.0,26.0
2026-08-31,Nagy-Balti-öv,dél,Teherhajó,215857000,10.9,398.0,54.0
2026-08-31,Nagy-Balti-öv,észak,Tanker,220018000,4.7,78.0,13.0
2026-08-31,Nagy-Balti-öv,észak,Teherhajó,231908000,3.9,86.0,12.0
2026-08-31,Nagy-Balti-öv,észak,Tanker,247433300,7.0,149.0,22.0
2026-08-31,Nagy-Balti-öv,észak,Teherhajó,248203000,9.7,200.0,24.0
2026-08-31,Nagy-Balti-öv,észak,Teherhajó,248758000,10.6,400.0,59.0
2026-08-31,Nagy-Balti-öv,észak,Teherhajó,249200000,8.0,185.0,30.0
2026-08-31,Nagy-Balti-öv,észak,Tanker,249723000,7.7,150.0,23.0
2026-08-31,Nagy-Balti-öv,észak,Teherhajó,255806081,10.5,179.0,27.0
2026-08-31,Nagy-Balti-öv,észak,Teherhajó,255806258,10.9,178.0,27.0
2026-08-31,Nagy-Balti-öv,dél,Tanker,255916108,8.8,150.0,23.0
2026-08-31,Nagy-Balti-öv,észak,Teherhajó,257056010,4.2,90.0,14.0
2026-08-31,Nagy-Balti-öv,dél,Tanker,257364000,4.0,90.0,14.0
2026-08-31,Nagy-Balti-öv,észak,Teherhajó,258656000,4.0,94.0,15.0
2026-08-31,Nagy-Balti-öv,észak,Tanker,259127000,8.4,225.0,36.0
2026-08-31,Nagy-Balti-öv,dél,Teherhajó,259309000,6.8,159.0,24.0
2026-08-31,Nagy-Balti-öv,észak,Teherhajó,265022000,8.2,242.0,36.0
2026-08-31,Nagy-Balti-öv,dél,Tanker,266468000,7.1,119.0,17.0
2026-08-31,Nagy-Balti-öv,észak,Tanker,273128130,15.0,244.0,42.0
2026-08-31,Nagy-Balti-öv,dél,Tanker,273273370,9.0,244.0,42.0
2026-08-31,Nagy-Balti-öv,észak,Tanker,273337270,7.1,119.0,17.0
2026-08-31,Nagy-Balti-öv,dél,Teherhajó,275482000,2.9,81.0,11.0
2026-08-31,Nagy-Balti-öv,észak,Teherhajó,304342000,7.6,147.0,23.0
2026-08-31,Nagy-Balti-öv,észak,Teherhajó,304717000,2.7,88.0,12.0
2026-08-31,Nagy-Balti-öv,észak,Teherhajó,305530000,6.5,176.0,26.0
2026-08-31,Nagy-Balti-öv,észak,Teherhajó,305540000,9.1,172.0,29.0
2026-08-31,Nagy-Balti-öv,észak,Teherhajó,305730000,5.1,129.0,17.0
2026-08-31,Nagy-Balti-öv,észak,Teherhajó,311002416,10.2,180.0,30.0
2026-08-31,Nagy-Balti-öv,észak,Tanker,311066400,9.4,274.0,48.0
2026-08-31,Nagy-Balti-öv,észak,Tanker,314001158,14.9,274.0,48.0
2026-08-31,Nagy-Balti-öv,észak,Tanker,351887000,8.0,182.0,32.0
2026-08-31,Nagy-Balti-öv,dél,Tanker,352002351,9.2,277.0,46.0
2026-08-31,Nagy-Balti-öv,dél,Teherhajó,355693000,9.0,229.0,32.0
2026-08-31,Nagy-Balti-öv,dél,Teherhajó,355953000,13.3,200.0,32.0
2026-08-31,Nagy-Balti-öv,dél,Teherhajó,356187000,5.0,149.0,23.0
2026-08-31,Nagy-Balti-öv,észak,Teherhajó,376616000,10.5,167.0,26.0
2026-08-31,Nagy-Balti-öv,észak,Tanker,461000243,11.5,300.0,46.0
2026-08-31,Nagy-Balti-öv,észak,Teherhajó,538004721,10.7,180.0,30.0
2026-08-31,Nagy-Balti-öv,dél,Tanker,538008844,5.7,99.0,17.0
2026-08-31,Nagy-Balti-öv,észak,Teherhajó,538010447,13.3,200.0,32.0
2026-08-31,Nagy-Balti-öv,észak,Teherhajó,538010871,10.2,180.0,30.0
2026-08-31,Nagy-Balti-öv,dél,Tanker,538011311,9.2,274.0,50.0
2026-08-31,Nagy-Balti-öv,észak,Teherhajó,538012015,14.7,229.0,32.0
2026-08-31,Nagy-Balti-öv,észak,Teherhajó,563323500,8.2,158.0,25.0
2026-08-31,Nagy-Balti-öv,dél,Tanker,574005510,9.0,245.0,42.0
2026-08-31,Nagy-Balti-öv,észak,Tanker,636014253,14.9,274.0,50.0
2026-08-31,Nagy-Balti-öv,észak,Teherhajó,636017582,12.0,202.0,33.0
2026-08-31,Nagy-Balti-öv,észak,Teherhajó,636018563,9.7,261.0,32.0
2026-08-31,Nagy-Balti-öv,dél,Teherhajó,636022329,5.0,169.0,27.0
2026-08-31,Nagy-Balti-öv,észak,Tanker,636024028,15.0,244.0,42.0
2026-08-31,Nagy-Balti-öv,észak,Teherhajó,636025034,12.7,199.0,32.0
2026-08-31,Nagy-Balti-öv,dél,Teherhajó,636093159,10.9,222.0,30.0
2026-08-31,Nagy-Balti-öv,észak,Teherhajó,636093385,14.2,229.0,32.0
2026-08-31,Øresund,dél,Teherhajó,209151000,4.1,88.0,12.0
2026-08-31,Øresund,dél,Teherhajó,209671000,3.4,89.0,13.0
2026-08-31,Øresund,észak,Teherhajó,209968000,5.0,82.0,12.0
2026-08-31,Øresund,észak,Teherhajó,211141000,8.3,134.0,23.0
2026-08-31,Øresund,dél,Teherhajó,211870240,7.1,159.0,22.0
2026-08-31,Øresund,észak,Teherhajó,212209000,6.5,95.0,13.0
2026-08-31,Øresund,dél,Teherhajó,212797000,3.8,100.0,13.0
2026-08-31,Øresund,dél,Tanker,215064000,6.1,88.0,15.0
2026-08-31,Øresund,észak,Tanker,219029722,6.5,147.0,22.0
2026-08-31,Øresund,észak,Teherhajó,230666000,5.5,90.0,14.0
2026-08-31,Øresund,észak,Teherhajó,230984000,6.9,141.0,22.0
2026-08-31,Øresund,dél,Teherhajó,244020808,5.5,98.0,13.0
2026-08-31,Øresund,észak,Teherhajó,244140468,7.0,110.0,14.0
2026-08-31,Øresund,dél,Teherhajó,246483000,5.0,88.0,13.0
2026-08-31,Øresund,dél,Teherhajó,255806352,7.2,141.0,22.0
2026-08-31,Øresund,észak,Teherhajó,257115000,4.5,88.0,13.0
2026-08-31,Øresund,dél,Teherhajó,257306000,5.2,147.0,19.0
2026-08-31,Øresund,észak,Teherhajó,257312000,4.3,93.0,15.0
2026-08-31,Øresund,dél,Teherhajó,259017000,6.4,90.0,14.0
2026-08-31,Øresund,dél,Teherhajó,259182000,6.9,90.0,16.0
2026-08-31,Øresund,dél,Teherhajó,273335314,2.6,113.0,15.0
2026-08-31,Øresund,dél,Teherhajó,273415080,2.8,128.0,15.0
2026-08-31,Øresund,észak,Teherhajó,304028000,3.9,82.0,12.0
2026-08-31,Øresund,dél,Teherhajó,305061300,5.4,151.0,26.0
2026-08-31,Øresund,észak,Teherhajó,305162000,7.2,107.0,18.0
2026-08-31,Øresund,dél,Teherhajó,305412000,6.8,129.0,20.0
2026-08-31,Øresund,dél,Teherhajó,305844000,3.5,82.0,11.0
2026-08-31,Øresund,észak,Teherhajó,305978000,8.1,158.0,23.0
2026-08-31,Øresund,észak,Teherhajó,311001814,5.8,88.0,13.0
2026-08-31,Øresund,észak,Teherhajó,314455000,6.3,89.0,14.0
2026-08-31,Øresund,dél,Teherhajó,314603000,5.3,89.0,13.0
2026-08-31,Øresund,dél,Teherhajó,314910000,7.6,229.0,38.0
2026-08-31,Øresund,dél,Teherhajó,352003527,7.1,225.0,32.0
2026-08-31,Øresund,észak,Teherhajó,355444000,5.7,100.0,21.0
2026-08-31,Øresund,dél,Teherhajó,371626000,6.8,225.0,32.0
2026-08-31,Øresund,dél,Teherhajó,372453000,7.1,225.0,32.0
2026-08-31,Øresund,észak,Tanker,511101642,6.2,99.0,18.0
2026-08-31,Øresund,dél,Tanker,538012984,6.8,244.0,42.0
2026-08-31,Øresund,észak,Tanker,548989000,6.9,143.0,24.0
2026-08-31,Øresund,dél,Tanker,563082200,6.3,180.0,28.0
2026-08-31,Øresund,észak,Tanker,563087500,6.6,143.0,22.0
2026-08-31,Øresund,dél,Teherhajó,636019592,6.7,199.0,32.0
2026-08-31,Øresund,dél,Teherhajó,636021274,6.2,180.0,30.0
2026-08-31,Øresund,dél,Teherhajó,636093396,7.2,229.0,32.0
2026-09-01,Nagy-Balti-öv,dél,Tanker,205713000,10.3,180.0,30.0
2026-09-01,Nagy-Balti-öv,dél,Teherhajó,209014000,3.5,88.0,12.0
2026-09-01,Nagy-Balti-öv,észak,Teherhajó,210704000,6.2,90.0,13.0
2026-09-01,Nagy-Balti-öv,dél,Teherhajó,211141000,8.3,134.0,23.0
2026-09-01,Nagy-Balti-öv,észak,Teherhajó,215280000,14.7,229.0,32.0
2026-09-01,Nagy-Balti-öv,dél,Tanker,219034373,9.0,147.0,22.0
2026-09-01,Nagy-Balti-öv,dél,Tanker,228432600,11.7,299.0,46.0
2026-09-01,Nagy-Balti-öv,észak,Teherhajó,229088000,14.3,229.0,32.0
2026-09-01,Nagy-Balti-öv,dél,Teherhajó,230642000,6.0,187.0,27.0
2026-09-01,Nagy-Balti-öv,dél,Teherhajó,231908000,5.0,86.0,12.0
2026-09-01,Nagy-Balti-öv,dél,Tanker,241412000,15.0,340.0,60.0
2026-09-01,Nagy-Balti-öv,észak,Teherhajó,244772000,5.3,90.0,13.0
2026-09-01,Nagy-Balti-öv,dél,Teherhajó,246302000,7.5,142.0,20.0
2026-09-01,Nagy-Balti-öv,észak,Tanker,248022000,8.8,250.0,44.0
2026-09-01,Nagy-Balti-öv,dél,Tanker,248024000,14.6,250.0,44.0
2026-09-01,Nagy-Balti-öv,észak,Teherhajó,255616000,7.4,180.0,30.0
2026-09-01,Nagy-Balti-öv,észak,Teherhajó,255806378,10.3,180.0,30.0
2026-09-01,Nagy-Balti-öv,dél,Teherhajó,255806513,8.5,168.0,25.0
2026-09-01,Nagy-Balti-öv,dél,Teherhajó,255916313,8.2,148.0,27.0
2026-09-01,Nagy-Balti-öv,dél,Teherhajó,256708000,7.6,205.0,30.0
2026-09-01,Nagy-Balti-öv,dél,Teherhajó,257207000,6.5,90.0,14.0
2026-09-01,Nagy-Balti-öv,észak,Tanker,257364000,5.8,90.0,14.0
2026-09-01,Nagy-Balti-öv,észak,Teherhajó,258648000,4.5,110.0,15.0
2026-09-01,Nagy-Balti-öv,észak,Teherhajó,266247000,7.3,190.0,26.0
2026-09-01,Nagy-Balti-öv,észak,Tanker,266466000,5.9,129.0,20.0
2026-09-01,Nagy-Balti-öv,észak,Tanker,273120330,15.0,245.0,42.0
2026-09-01,Nagy-Balti-öv,észak,Tanker,273253130,11.1,250.0,46.0
2026-09-01,Nagy-Balti-öv,észak,Tanker,273259730,13.6,250.0,46.0
2026-09-01,Nagy-Balti-öv,dél,Tanker,273271260,9.5,274.0,48.0
2026-09-01,Nagy-Balti-öv,dél,Teherhajó,304829000,10.5,190.0,29.0
2026-09-01,Nagy-Balti-öv,dél,Teherhajó,305511000,4.3,99.0,14.0
2026-09-01,Nagy-Balti-öv,észak,Teherhajó,311000782,7.6,152.0,22.0
2026-09-01,Nagy-Balti-öv,dél,Teherhajó,312574000,6.7,180.0,28.0
2026-09-01,Nagy-Balti-öv,dél,Teherhajó,314262000,3.2,78.0,10.0
2026-09-01,Nagy-Balti-öv,észak,Teherhajó,314661000,7.8,122.0,16.0
2026-09-01,Nagy-Balti-öv,dél,Teherhajó,351074000,10.0,190.0,30.0
2026-09-01,Nagy-Balti-öv,észak,Tanker,352978181,15.0,243.0,42.0
2026-09-01,Nagy-Balti-öv,észak,Teherhajó,477624400,14.5,289.0,45.0
2026-09-01,Nagy-Balti-öv,észak,Teherhajó,538004585,12.8,193.0,32.0
2026-09-01,Nagy-Balti-öv,észak,Tanker,538006497,4.9,101.0,18.0
2026-09-01,Nagy-Balti-öv,dél,Tanker,538008784,9.5,274.0,50.0
2026-09-01,Nagy-Balti-öv,észak,Teherhajó,538010283,9.7,180.0,28.0
2026-09-01,Nagy-Balti-öv,dél,Tanker,538012621,9.0,274.0,48.0
2026-09-01,Nagy-Balti-öv,dél,Tanker,538012962,8.2,244.0,42.0
2026-09-01,Nagy-Balti-öv,észak,Teherhajó,538090682,13.5,195.0,32.0
2026-09-01,Nagy-Balti-öv,észak,Teherhajó,620800398,6.8,108.0,18.0
2026-09-01,Nagy-Balti-öv,észak,Tanker,636017409,7.6,179.0,29.0
2026-09-01,Nagy-Balti-öv,dél,Tanker,636019055,9.2,250.0,44.0
2026-09-01,Nagy-Balti-öv,észak,Tanker,636019884,7.1,173.0,28.0
2026-09-01,Nagy-Balti-öv,dél,Teherhajó,636021264,10.8,177.0,29.0
2026-09-01,Nagy-Balti-öv,dél,Tanker,636021358,11.5,183.0,32.0
2026-09-01,Nagy-Balti-öv,észak,Teherhajó,636022722,13.4,366.0,51.0
2026-09-01,Nagy-Balti-öv,észak,Teherhajó,636091995,10.7,208.0,30.0
2026-09-01,Nagy-Balti-öv,észak,Tanker,667001281,14.2,248.0,43.0
2026-09-01,Nagy-Balti-öv,észak,Tanker,667001624,15.0,272.0,46.0
2026-09-01,Øresund,dél,Teherhajó,210549000,3.7,90.0,14.0
2026-09-01,Øresund,dél,Teherhajó,211317180,5.0,100.0,17.0
2026-09-01,Øresund,észak,Teherhajó,212797000,4.4,100.0,13.0
2026-09-01,Øresund,észak,Teherhajó,219026522,3.2,65.0,11.0
2026-09-01,Øresund,dél,Teherhajó,231613000,4.6,73.0,12.0
2026-09-01,Øresund,észak,Teherhajó,231920000,6.5,89.0,13.0
2026-09-01,Øresund,dél,Teherhajó,244010873,5.4,95.0,13.0
2026-09-01,Øresund,dél,Teherhajó,244140468,6.9,110.0,14.0
2026-09-01,Øresund,dél,Teherhajó,245246000,5.1,88.0,13.0
2026-09-01,Øresund,észak,Teherhajó,246125000,6.0,89.0,14.0
2026-09-01,Øresund,észak,Tanker,246354000,6.6,100.0,16.0
2026-09-01,Øresund,észak,Teherhajó,246483000,5.0,88.0,13.0
2026-09-01,Øresund,dél,Teherhajó,246499000,5.4,80.0,12.0
2026-09-01,Øresund,dél,Tanker,246776000,3.9,88.0,12.0
2026-09-01,Øresund,dél,Tanker,249723000,7.5,150.0,23.0
2026-09-01,Øresund,dél,Teherhajó,255801770,5.5,89.0,12.0
2026-09-01,Øresund,dél,Teherhajó,255805860,6.8,180.0,32.0
2026-09-01,Øresund,észak,Teherhajó,255806300,6.7,135.0,22.0
2026-09-01,Øresund,észak,Teherhajó,255806352,7.0,141.0,22.0
2026-09-01,Øresund,észak,Teherhajó,255915634,6.2,99.0,16.0
2026-09-01,Øresund,dél,Teherhajó,255916067,4.1,100.0,14.0
2026-09-01,Øresund,észak,Teherhajó,258003290,4.8,80.0,12.0
2026-09-01,Øresund,észak,Teherhajó,258622000,5.0,101.0,17.0
2026-09-01,Øresund,dél,Teherhajó,265413000,6.1,170.0,24.0
2026-09-01,Øresund,dél,Teherhajó,275535000,7.2,134.0,20.0
2026-09-01,Øresund,dél,Teherhajó,304045000,4.2,90.0,15.0
2026-09-01,Øresund,dél,Teherhajó,304146000,4.9,88.0,14.0
2026-09-01,Øresund,észak,Teherhajó,305412000,7.3,129.0,20.0
2026-09-01,Øresund,dél,Teherhajó,305465000,3.6,90.0,13.0
2026-09-01,Øresund,dél,Teherhajó,305612000,3.5,89.0,13.0
2026-09-01,Øresund,dél,Teherhajó,305762000,5.0,104.0,15.0
2026-09-01,Øresund,dél,Teherhajó,309807000,3.7,89.0,12.0
2026-09-01,Øresund,dél,Teherhajó,311001783,4.6,82.0,11.0
2026-09-01,Øresund,észak,Tanker,353576000,8.5,183.0,32.0
2026-09-01,Øresund,dél,Teherhajó,356452000,6.6,188.0,32.0
2026-09-01,Øresund,dél,Teherhajó,636019773,7.1,225.0,32.0
2026-09-01,Øresund,dél,Tanker,636023827,7.3,183.0,32.0
2026-09-01,Øresund,dél,Teherhajó,636023944,9.7,172.0,28.0
2026-09-02,Nagy-Balti-öv,észak,Teherhajó,209535000,3.9,90.0,13.0
2026-09-02,Nagy-Balti-öv,észak,Teherhajó,211202400,2.9,81.0,11.0
2026-09-02,Nagy-Balti-öv,észak,Teherhajó,215378000,10.4,190.0,32.0
2026-09-02,Nagy-Balti-öv,dél,Teherhajó,219001284,2.5,31.0,7.0
2026-09-02,Nagy-Balti-öv,dél,Tanker,220018000,5.0,78.0,13.0
2026-09-02,Nagy-Balti-öv,észak,Tanker,220018000,5.0,78.0,13.0
2026-09-02,Nagy-Balti-öv,észak,Tanker,230690000,9.3,156.0,24.0
2026-09-02,Nagy-Balti-öv,dél,Tanker,241875000,13.0,250.0,44.0
2026-09-02,Nagy-Balti-öv,dél,Tanker,248020000,14.6,250.0,44.0
2026-09-02,Nagy-Balti-öv,észak,Teherhajó,249814000,10.2,169.0,26.0
2026-09-02,Nagy-Balti-öv,észak,Teherhajó,256882000,10.0,205.0,30.0
2026-09-02,Nagy-Balti-öv,dél,Teherhajó,257064430,4.0,90.0,14.0
2026-09-02,Nagy-Balti-öv,észak,Teherhajó,257064430,4.0,90.0,14.0
2026-09-02,Nagy-Balti-öv,észak,Tanker,257086660,5.7,100.0,17.0
2026-09-02,Nagy-Balti-öv,észak,Teherhajó,257207000,4.0,90.0,14.0
2026-09-02,Nagy-Balti-öv,dél,Teherhajó,258809000,6.3,90.0,14.0
2026-09-02,Nagy-Balti-öv,észak,Teherhajó,258809000,6.3,90.0,14.0
2026-09-02,Nagy-Balti-öv,észak,Tanker,258933000,8.1,160.0,26.0
2026-09-02,Nagy-Balti-öv,dél,Tanker,266466000,8.0,129.0,20.0
2026-09-02,Nagy-Balti-öv,dél,Tanker,273120230,8.0,240.0,42.0
2026-09-02,Nagy-Balti-öv,dél,Tanker,273273160,8.2,249.0,44.0
2026-09-02,Nagy-Balti-öv,észak,Teherhajó,305511000,3.6,99.0,14.0
2026-09-02,Nagy-Balti-öv,dél,Teherhajó,305681000,7.6,134.0,16.0
2026-09-02,Nagy-Balti-öv,dél,Teherhajó,311000801,8.4,153.0,22.0
2026-09-02,Nagy-Balti-öv,dél,Tanker,311027500,12.7,249.0,44.0
2026-09-02,Nagy-Balti-öv,észak,Teherhajó,314001161,11.0,183.0,32.0
2026-09-02,Nagy-Balti-öv,dél,Teherhajó,314214000,6.5,179.0,28.0
2026-09-02,Nagy-Balti-öv,észak,Teherhajó,352001492,10.8,179.0,29.0
2026-09-02,Nagy-Balti-öv,észak,Teherhajó,352001801,14.2,225.0,32.0
2026-09-02,Nagy-Balti-öv,észak,Tanker,352004884,10.1,180.0,28.0
2026-09-02,Nagy-Balti-öv,észak,Tanker,352005443,14.7,275.0,48.0
2026-09-02,Nagy-Balti-öv,dél,Teherhajó,352005566,8.1,200.0,24.0
2026-09-02,Nagy-Balti-öv,észak,Teherhajó,352244000,12.0,200.0,32.0
2026-09-02,Nagy-Balti-öv,dél,Teherhajó,354540000,11.3,237.0,32.0
2026-09-02,Nagy-Balti-öv,észak,Teherhajó,356727000,8.0,137.0,23.0
2026-09-02,Nagy-Balti-öv,dél,Teherhajó,477204200,11.5,197.0,32.0
2026-09-02,Nagy-Balti-öv,észak,Teherhajó,538002117,14.2,224.0,32.0
2026-09-02,Nagy-Balti-öv,észak,Teherhajó,538005261,10.2,180.0,30.0
2026-09-02,Nagy-Balti-öv,észak,Tanker,538009022,10.0,299.0,46.0
2026-09-02,Nagy-Balti-öv,észak,Teherhajó,538009463,10.0,170.0,27.0
2026-09-02,Nagy-Balti-öv,észak,Tanker,563045300,9.0,250.0,44.0
2026-09-02,Nagy-Balti-öv,dél,Teherhajó,564306000,11.7,249.0,37.0
2026-09-02,Nagy-Balti-öv,dél,Tanker,636021135,14.1,250.0,44.0
2026-09-02,Nagy-Balti-öv,észak,Tanker,636022304,10.8,182.0,32.0
2026-09-02,Nagy-Balti-öv,észak,Teherhajó,636024757,13.3,200.0,32.0
2026-09-02,Nagy-Balti-öv,észak,Tanker,636026816,15.1,244.0,42.0
2026-09-02,Nagy-Balti-öv,észak,Tanker,667001256,14.8,244.0,42.0
2026-09-02,Nagy-Balti-öv,észak,Tanker,667001258,15.0,244.0,42.0
2026-09-02,Øresund,dél,Teherhajó,207842750,4.7,137.0,18.0
2026-09-02,Øresund,dél,Tanker,209221000,7.5,105.0,17.0
2026-09-02,Øresund,észak,Tanker,209507000,6.8,109.0,16.0
2026-09-02,Øresund,dél,Teherhajó,209536000,6.1,90.0,13.0
2026-09-02,Øresund,dél,Teherhajó,209726000,4.6,100.0,16.0
2026-09-02,Øresund,észak,Teherhajó,210549000,5.9,90.0,14.0
2026-09-02,Øresund,észak,Teherhajó,211271770,4.4,74.0,11.0
2026-09-02,Øresund,dél,Teherhajó,212209000,3.9,95.0,13.0
2026-09-02,Øresund,dél,Teherhajó,212797000,3.9,100.0,13.0
2026-09-02,Øresund,dél,Teherhajó,212979000,5.8,90.0,15.0
2026-09-02,Øresund,észak,Teherhajó,218801000,4.1,82.0,11.0
2026-09-02,Øresund,dél,Tanker,219029722,6.9,147.0,22.0
2026-09-02,Øresund,dél,Teherhajó,219164000,7.3,86.0,14.0
2026-09-02,Øresund,észak,Tanker,219814000,7.1,147.0,22.0
2026-09-02,Øresund,dél,Teherhajó,229281000,6.6,190.0,28.0
2026-09-02,Øresund,észak,Teherhajó,231613000,3.0,73.0,12.0
2026-09-02,Øresund,dél,Teherhajó,231860000,9.9,179.0,31.0
2026-09-02,Øresund,észak,Teherhajó,231860000,9.9,179.0,31.0
2026-09-02,Øresund,dél,Teherhajó,232018267,5.5,90.0,15.0
2026-09-02,Øresund,észak,Tanker,241627000,6.8,250.0,44.0
2026-09-02,Øresund,észak,Teherhajó,244063000,5.2,89.0,13.0
2026-09-02,Øresund,dél,Teherhajó,244772000,5.0,90.0,13.0
2026-09-02,Øresund,észak,Teherhajó,244810323,7.1,119.0,15.0
2026-09-02,Øresund,észak,Teherhajó,245726000,3.6,90.0,14.0
2026-09-02,Øresund,dél,Teherhajó,245882000,5.1,88.0,13.0
2026-09-02,Øresund,dél,Teherhajó,246668000,5.6,117.0,14.0
2026-09-02,Øresund,dél,Tanker,248221000,5.2,109.0,17.0
2026-09-02,Øresund,dél,Teherhajó,249194000,6.4,190.0,32.0
2026-09-02,Øresund,dél,Tanker,249362000,6.6,100.0,18.0
2026-09-02,Øresund,észak,Teherhajó,250002173,4.2,90.0,14.0
2026-09-02,Øresund,dél,Teherhajó,255805952,3.3,89.0,13.0
2026-09-02,Øresund,dél,Teherhajó,255805955,5.8,97.0,16.0
2026-09-02,Øresund,észak,Teherhajó,257036300,6.1,106.0,14.0
2026-09-02,Øresund,dél,Teherhajó,257203000,6.5,90.0,15.0
2026-09-02,Øresund,észak,Teherhajó,257673000,4.8,103.0,16.0
2026-09-02,Øresund,dél,Teherhajó,258114000,6.0,90.0,16.0
2026-09-02,Øresund,észak,Teherhajó,259017000,4.7,90.0,14.0
2026-09-02,Øresund,észak,Tanker,265072000,9.0,130.0,22.0
2026-09-02,Øresund,dél,Teherhajó,268251601,2.4,79.0,10.0
2026-09-02,Øresund,észak,Teherhajó,273148810,4.8,95.0,13.0
2026-09-02,Øresund,dél,Teherhajó,275511000,5.9,90.0,13.0
2026-09-02,Øresund,dél,Teherhajó,304028000,3.2,82.0,12.0
2026-09-02,Øresund,dél,Teherhajó,304742000,5.4,89.0,13.0
2026-09-02,Øresund,dél,Teherhajó,304936000,5.2,90.0,15.0
2026-09-02,Øresund,észak,Teherhajó,305001300,4.0,82.0,12.0
2026-09-02,Øresund,észak,Teherhajó,305649000,5.4,95.0,14.0
2026-09-02,Øresund,észak,Teherhajó,305804000,6.0,90.0,14.0
2026-09-02,Øresund,dél,Teherhajó,305912000,4.4,90.0,14.0
2026-09-02,Øresund,észak,Tanker,319963000,7.5,182.0,32.0
2026-09-02,Øresund,dél,Teherhajó,352005552,7.0,230.0,38.0
2026-09-02,Øresund,dél,Tanker,352005852,7.4,247.0,42.0
2026-09-02,Øresund,dél,Teherhajó,355351000,6.5,139.0,23.0
2026-09-02,Øresund,észak,Tanker,538006310,4.6,95.0,16.0
2026-09-02,Øresund,észak,Tanker,538007654,7.5,274.0,48.0
2026-09-02,Øresund,észak,Teherhajó,538012614,6.3,183.0,32.0
2026-09-02,Øresund,dél,Tanker,636016683,6.8,108.0,17.0
2026-09-02,Øresund,észak,Teherhajó,636023944,9.6,172.0,28.0
2026-09-02,Øresund,dél,Teherhajó,636093238,7.1,179.0,32.0
2026-09-02,Øresund,dél,Tanker,667001242,6.9,244.0,42.0
2026-09-03,Nagy-Balti-öv,dél,Teherhajó,211228540,5.2,210.0,29.0
2026-09-03,Nagy-Balti-öv,észak,Teherhajó,212357000,8.9,184.0,25.0
2026-09-03,Nagy-Balti-öv,dél,Teherhajó,219136000,9.2,200.0,36.0
2026-09-03,Nagy-Balti-öv,dél,Tanker,219775000,9.0,147.0,22.0
2026-09-03,Nagy-Balti-öv,dél,Tanker,220018000,3.8,78.0,13.0
2026-09-03,Nagy-Balti-öv,dél,Tanker,229094000,8.8,244.0,42.0
2026-09-03,Nagy-Balti-öv,észak,Teherhajó,229255000,10.4,190.0,24.0
2026-09-03,Nagy-Balti-öv,észak,Teherhajó,244224000,8.0,107.0,18.0
2026-09-03,Nagy-Balti-öv,dél,Teherhajó,246456000,7.2,168.0,24.0
2026-09-03,Nagy-Balti-öv,észak,Teherhajó,246837000,8.2,170.0,20.0
2026-09-03,Nagy-Balti-öv,dél,Teherhajó,250002434,5.6,136.0,22.0
2026-09-03,Nagy-Balti-öv,észak,Teherhajó,255805270,11.6,364.0,51.0
2026-09-03,Nagy-Balti-öv,észak,Teherhajó,255805993,5.2,88.0,12.0
2026-09-03,Nagy-Balti-öv,észak,Teherhajó,255916314,7.9,148.0,27.0
2026-09-03,Nagy-Balti-öv,észak,Teherhajó,256883000,10.0,205.0,30.0
2026-09-03,Nagy-Balti-öv,dél,Tanker,257086660,5.2,100.0,17.0
2026-09-03,Nagy-Balti-öv,dél,Teherhajó,257114000,6.0,95.0,14.0
2026-09-03,Nagy-Balti-öv,dél,Tanker,257374000,8.1,140.0,22.0
2026-09-03,Nagy-Balti-öv,dél,Teherhajó,258227000,6.6,87.0,15.0
2026-09-03,Nagy-Balti-öv,észak,Teherhajó,258227000,6.6,87.0,15.0
2026-09-03,Nagy-Balti-öv,dél,Teherhajó,258761000,6.4,110.0,15.0
2026-09-03,Nagy-Balti-öv,dél,Tanker,266436000,5.8,100.0,18.0
2026-09-03,Nagy-Balti-öv,dél,Tanker,266457000,9.3,150.0,23.0
2026-09-03,Nagy-Balti-öv,dél,Tanker,273124520,8.7,245.0,42.0
2026-09-03,Nagy-Balti-öv,észak,Tanker,273397870,8.2,249.0,34.0
2026-09-03,Nagy-Balti-öv,észak,Teherhajó,304829000,6.5,190.0,29.0
2026-09-03,Nagy-Balti-öv,észak,Teherhajó,311001036,7.0,196.0,32.0
2026-09-03,Nagy-Balti-öv,észak,Tanker,311018700,15.0,229.0,42.0
2026-09-03,Nagy-Balti-öv,észak,Teherhajó,311054900,7.7,144.0,21.0
2026-09-03,Nagy-Balti-öv,dél,Teherhajó,314240000,9.9,180.0,28.0
2026-09-03,Nagy-Balti-öv,észak,Tanker,314273000,10.0,183.0,32.0
2026-09-03,Nagy-Balti-öv,dél,Teherhajó,314377000,4.0,90.0,15.0
2026-09-03,Nagy-Balti-öv,észak,Teherhajó,314377000,4.0,90.0,15.0
2026-09-03,Nagy-Balti-öv,észak,Teherhajó,372078000,8.9,190.0,31.0
2026-09-03,Nagy-Balti-öv,észak,Teherhajó,477195100,12.5,291.0,32.0
2026-09-03,Nagy-Balti-öv,észak,Teherhajó,538005357,12.1,190.0,32.0
2026-09-03,Nagy-Balti-öv,dél,Tanker,538007039,11.2,183.0,32.0
2026-09-03,Nagy-Balti-öv,dél,Tanker,538008717,10.8,182.0,32.0
2026-09-03,Nagy-Balti-öv,észak,Tanker,538012718,15.0,244.0,42.0
2026-09-03,Nagy-Balti-öv,észak,Tanker,563271300,11.6,183.0,32.0
2026-09-03,Nagy-Balti-öv,észak,Teherhajó,566014000,10.5,225.0,32.0
2026-09-03,Nagy-Balti-öv,dél,Teherhajó,566041000,9.8,162.0,27.0
2026-09-03,Nagy-Balti-öv,dél,Teherhajó,566059000,9.7,163.0,26.0
2026-09-03,Nagy-Balti-öv,észak,Teherhajó,636015594,10.5,180.0,30.0
2026-09-03,Nagy-Balti-öv,észak,Teherhajó,636018326,10.4,216.0,27.0
2026-09-03,Nagy-Balti-öv,észak,Tanker,636019903,14.3,249.0,44.0
2026-09-03,Nagy-Balti-öv,dél,Teherhajó,636020265,11.8,210.0,32.0
2026-09-03,Nagy-Balti-öv,észak,Tanker,636020815,15.0,274.0,48.0
2026-09-03,Nagy-Balti-öv,dél,Teherhajó,636022451,12.3,366.0,51.0
2026-09-03,Nagy-Balti-öv,észak,Tanker,636022945,14.3,234.0,42.0
2026-09-03,Nagy-Balti-öv,észak,Teherhajó,636024311,13.0,200.0,32.0
2026-09-03,Nagy-Balti-öv,dél,Tanker,636024998,9.3,274.0,48.0
2026-09-03,Nagy-Balti-öv,észak,Teherhajó,636025308,14.6,228.0,32.0
2026-09-03,Nagy-Balti-öv,észak,Teherhajó,636093310,10.9,179.0,32.0
2026-09-03,Øresund,dél,Teherhajó,209525000,6.2,90.0,13.0
2026-09-03,Øresund,észak,Teherhajó,209536000,3.7,90.0,13.0
2026-09-03,Øresund,észak,Teherhajó,209850000,5.5,140.0,22.0
2026-09-03,Øresund,dél,Teherhajó,209982000,3.3,80.0,12.0
2026-09-03,Øresund,észak,Teherhajó,210552000,5.2,88.0,13.0
2026-09-03,Øresund,észak,Teherhajó,212797000,4.3,100.0,13.0
2026-09-03,Øresund,észak,Teherhajó,212880000,4.6,100.0,14.0
2026-09-03,Øresund,észak,Tanker,215064000,5.2,88.0,15.0
2026-09-03,Øresund,észak,Tanker,219015298,6.2,129.0,20.0
2026-09-03,Øresund,észak,Tanker,219029880,6.6,147.0,22.0
2026-09-03,Øresund,észak,Teherhajó,219164000,4.6,86.0,14.0
2026-09-03,Øresund,dél,Tanker,220614000,5.2,90.0,15.0
2026-09-03,Øresund,észak,Teherhajó,230042000,5.6,134.0,20.0
2026-09-03,Øresund,dél,Tanker,230690000,9.3,156.0,24.0
2026-09-03,Øresund,észak,Teherhajó,231907000,5.4,89.0,13.0
2026-09-03,Øresund,észak,Teherhajó,244239000,4.1,86.0,12.0
2026-09-03,Øresund,észak,Teherhajó,244750397,5.8,89.0,13.0
2026-09-03,Øresund,dél,Tanker,244870429,6.3,115.0,20.0
2026-09-03,Øresund,észak,Teherhajó,245097000,7.3,205.0,26.0
2026-09-03,Øresund,észak,Teherhajó,246415000,5.0,88.0,14.0
2026-09-03,Øresund,észak,Teherhajó,255809000,6.4,89.0,16.0
2026-09-03,Øresund,dél,Tanker,255915977,9.3,149.0,24.0
2026-09-03,Øresund,észak,Tanker,257970000,6.3,147.0,22.0
2026-09-03,Øresund,dél,Teherhajó,258227000,6.6,87.0,15.0
2026-09-03,Øresund,dél,Tanker,266009000,4.8,116.0,16.0
2026-09-03,Øresund,dél,Tanker,266203000,4.5,70.0,14.0
2026-09-03,Øresund,dél,Teherhajó,268266701,6.3,177.0,28.0
2026-09-03,Øresund,észak,Teherhajó,304028000,4.0,82.0,12.0
2026-09-03,Øresund,dél,Teherhajó,305078000,5.6,90.0,12.0
2026-09-03,Øresund,dél,Teherhajó,305453000,6.2,108.0,18.0
2026-09-03,Øresund,dél,Teherhajó,309701000,4.6,88.0,14.0
2026-09-03,Øresund,észak,Teherhajó,314617000,5.5,143.0,19.0
2026-09-03,Øresund,dél,Teherhajó,351639000,8.0,172.0,28.0
2026-09-03,Øresund,dél,Teherhajó,352004770,7.1,229.0,36.0
2026-09-03,Øresund,dél,Teherhajó,353732000,7.1,177.0,29.0
2026-09-03,Øresund,észak,Teherhajó,355351000,6.6,139.0,23.0
2026-09-03,Øresund,dél,Tanker,356131000,7.5,124.0,20.0
2026-09-03,Øresund,dél,Teherhajó,372002000,6.5,140.0,22.0
2026-09-03,Øresund,dél,Teherhajó,372938000,7.4,225.0,32.0
2026-09-03,Øresund,dél,Teherhajó,373563000,6.4,176.0,28.0
2026-09-03,Øresund,dél,Teherhajó,477278300,5.3,186.0,24.0
2026-09-03,Øresund,dél,Teherhajó,538002013,7.0,225.0,32.0
2026-09-03,Øresund,dél,Tanker,538010003,7.0,250.0,44.0
2026-09-03,Øresund,észak,Tanker,538011272,5.1,100.0,17.0
2026-09-03,Øresund,észak,Teherhajó,613169507,7.0,122.0,19.0
2026-09-03,Øresund,dél,Teherhajó,636022047,9.0,161.0,25.0
2026-09-03,Øresund,dél,Tanker,636022074,7.2,183.0,32.0
2026-09-03,Øresund,észak,Tanker,636023428,6.0,146.0,24.0
2026-09-03,Øresund,dél,Tanker,636024397,7.0,274.0,50.0
2026-09-03,Øresund,észak,Tanker,636025102,7.0,184.0,27.0
2026-09-03,Øresund,dél,Teherhajó,636025788,6.0,180.0,30.0
2026-09-03,Øresund,dél,Teherhajó,667002540,5.7,125.0,20.0
2026-09-04,Nagy-Balti-öv,dél,Teherhajó,209114000,4.5,89.0,12.0
2026-09-04,Nagy-Balti-öv,észak,Teherhajó,211341960,4.7,149.0,28.0
2026-09-04,Nagy-Balti-öv,észak,Teherhajó,211890660,4.2,81.0,11.0
2026-09-04,Nagy-Balti-öv,dél,Teherhajó,218816000,7.9,135.0,23.0
2026-09-04,Nagy-Balti-öv,dél,Tanker,219814000,9.1,147.0,22.0
2026-09-04,Nagy-Balti-öv,dél,Tanker,228451800,11.5,293.0,46.0
2026-09-04,Nagy-Balti-öv,észak,Teherhajó,230617000,5.9,218.0,27.0
2026-09-04,Nagy-Balti-öv,dél,Teherhajó,230617000,5.9,218.0,27.0
2026-09-04,Nagy-Balti-öv,dél,Teherhajó,244848000,6.7,157.0,23.0
2026-09-04,Nagy-Balti-öv,észak,Tanker,244944000,7.4,117.0,18.0
2026-09-04,Nagy-Balti-öv,dél,Tanker,248180000,4.6,101.0,16.0
2026-09-04,Nagy-Balti-öv,dél,Tanker,248295000,5.4,105.0,17.0
2026-09-04,Nagy-Balti-öv,dél,Teherhajó,249874000,10.1,169.0,26.0
2026-09-04,Nagy-Balti-öv,észak,Teherhajó,249990000,10.2,180.0,30.0
2026-09-04,Nagy-Balti-öv,dél,Teherhajó,255916027,6.5,120.0,16.0
2026-09-04,Nagy-Balti-öv,észak,Tanker,255916087,6.2,150.0,23.0
2026-09-04,Nagy-Balti-öv,dél,Tanker,255916542,6.6,150.0,23.0
2026-09-04,Nagy-Balti-öv,észak,Teherhajó,255916565,10.8,180.0,30.0
2026-09-04,Nagy-Balti-öv,észak,Teherhajó,268235902,10.7,169.0,27.0
2026-09-04,Nagy-Balti-öv,dél,Teherhajó,275535000,6.3,134.0,20.0
2026-09-04,Nagy-Balti-öv,dél,Teherhajó,304717000,4.2,88.0,12.0
2026-09-04,Nagy-Balti-öv,dél,Tanker,311000766,14.7,228.0,42.0
2026-09-04,Nagy-Balti-öv,dél,Tanker,314153000,9.2,274.0,48.0
2026-09-04,Nagy-Balti-öv,észak,Tanker,352003060,13.5,240.0,44.0
2026-09-04,Nagy-Balti-öv,észak,Teherhajó,352986127,10.6,190.0,32.0
2026-09-04,Nagy-Balti-öv,észak,Teherhajó,354195000,9.3,181.0,28.0
2026-09-04,Nagy-Balti-öv,dél,Teherhajó,372154000,10.6,229.0,32.0
2026-09-04,Nagy-Balti-öv,dél,Teherhajó,477100400,14.5,400.0,59.0
2026-09-04,Nagy-Balti-öv,észak,Teherhajó,477221200,13.5,399.0,61.0
2026-09-04,Nagy-Balti-öv,észak,Tanker,511101845,13.0,251.0,44.0
2026-09-04,Nagy-Balti-öv,dél,Tanker,538005645,13.5,250.0,44.0
2026-09-04,Nagy-Balti-öv,dél,Tanker,538006198,14.8,249.0,44.0
2026-09-04,Nagy-Balti-öv,dél,Tanker,538010809,10.5,180.0,30.0
2026-09-04,Nagy-Balti-öv,dél,Tanker,538010853,7.6,158.0,27.0
2026-09-04,Nagy-Balti-öv,észak,Tanker,563003300,8.3,250.0,44.0
2026-09-04,Nagy-Balti-öv,dél,Tanker,563045300,12.4,250.0,44.0
2026-09-04,Nagy-Balti-öv,dél,Tanker,563087500,8.4,143.0,22.0
2026-09-04,Nagy-Balti-öv,dél,Tanker,563271200,7.5,183.0,32.0
2026-09-04,Nagy-Balti-öv,dél,Teherhajó,566523000,6.5,224.0,32.0
2026-09-04,Nagy-Balti-öv,dél,Teherhajó,630001289,9.2,198.0,32.0
2026-09-04,Nagy-Balti-öv,észak,Tanker,631010133,14.7,281.0,48.0
2026-09-04,Nagy-Balti-öv,észak,Tanker,636013814,7.8,205.0,32.0
2026-09-04,Nagy-Balti-öv,dél,Teherhajó,636015701,14.3,229.0,32.0
2026-09-04,Nagy-Balti-öv,dél,Teherhajó,636017102,13.0,300.0,48.0
2026-09-04,Nagy-Balti-öv,dél,Teherhajó,636017555,6.6,177.0,28.0
2026-09-04,Nagy-Balti-öv,dél,Tanker,636018308,9.3,274.0,48.0
2026-09-04,Nagy-Balti-öv,dél,Teherhajó,636018322,11.3,217.0,27.0
2026-09-04,Nagy-Balti-öv,dél,Tanker,636019145,14.8,249.0,44.0
2026-09-04,Nagy-Balti-öv,észak,Teherhajó,636022653,14.5,218.0,43.0
2026-09-04,Nagy-Balti-öv,észak,Teherhajó,636023186,14.7,225.0,32.0
2026-09-04,Nagy-Balti-öv,észak,Teherhajó,636023257,14.7,,
2026-09-04,Nagy-Balti-öv,észak,Teherhajó,636023414,6.2,183.0,32.0
2026-09-04,Nagy-Balti-öv,észak,Teherhajó,636023979,12.7,190.0,32.0
2026-09-04,Nagy-Balti-öv,észak,Teherhajó,636025089,13.5,199.0,32.0
2026-09-04,Nagy-Balti-öv,észak,Teherhajó,636093185,12.7,199.0,32.0
2026-09-04,Øresund,dél,Teherhajó,210547000,6.0,99.0,14.0
2026-09-04,Øresund,dél,Teherhajó,211202400,2.9,81.0,11.0
2026-09-04,Øresund,észak,Teherhajó,211317180,7.3,100.0,17.0
2026-09-04,Øresund,dél,Teherhajó,212802000,5.0,90.0,14.0
2026-09-04,Øresund,észak,Tanker,215382000,6.2,109.0,16.0
2026-09-04,Øresund,észak,Tanker,219011922,4.5,83.0,13.0
2026-09-04,Øresund,dél,Tanker,219018272,6.9,115.0,17.0
2026-09-04,Øresund,dél,Tanker,219222000,7.6,130.0,20.0
2026-09-04,Øresund,észak,Tanker,230690000,7.5,156.0,24.0
2026-09-04,Øresund,dél,Teherhajó,231234000,7.0,90.0,14.0
2026-09-04,Øresund,észak,Teherhajó,232032735,5.7,106.0,15.0
2026-09-04,Øresund,dél,Teherhajó,244150276,4.2,101.0,14.0
2026-09-04,Øresund,észak,Tanker,244678000,5.0,116.0,15.0
2026-09-04,Øresund,dél,Tanker,244784000,6.5,100.0,16.0
2026-09-04,Øresund,dél,Teherhajó,245897000,7.2,205.0,26.0
2026-09-04,Øresund,dél,Teherhajó,246639000,,83.0,13.0
2026-09-04,Øresund,dél,Teherhajó,248614000,7.1,229.0,32.0
2026-09-04,Øresund,észak,Tanker,249223000,5.5,100.0,18.0
2026-09-04,Øresund,észak,Teherhajó,255806462,4.3,88.0,14.0
2026-09-04,Øresund,észak,Tanker,255915977,6.6,149.0,24.0
2026-09-04,Øresund,dél,Tanker,257136000,5.1,101.0,18.0
2026-09-04,Øresund,észak,Teherhajó,257836000,5.5,88.0,13.0
2026-09-04,Øresund,észak,Teherhajó,258227000,6.6,87.0,15.0
2026-09-04,Øresund,dél,Tanker,266472000,5.2,88.0,13.0
2026-09-04,Øresund,dél,Tanker,266476000,7.1,119.0,17.0
2026-09-04,Øresund,észak,Tanker,266476000,7.1,119.0,17.0
2026-09-04,Øresund,észak,Tanker,273393370,4.2,141.0,17.0
2026-09-04,Øresund,észak,Teherhajó,275535000,6.3,134.0,20.0
2026-09-04,Øresund,dél,Teherhajó,305479000,4.8,90.0,15.0
2026-09-04,Øresund,észak,Teherhajó,305767000,4.9,129.0,17.0
2026-09-04,Øresund,észak,Teherhajó,308803000,6.7,148.0,25.0
2026-09-04,Øresund,dél,Teherhajó,311001619,6.2,199.0,30.0
2026-09-04,Øresund,észak,Teherhajó,311001783,3.2,82.0,11.0
2026-09-04,Øresund,dél,Tanker,311001971,7.1,183.0,28.0
2026-09-04,Øresund,dél,Teherhajó,314456000,4.5,89.0,13.0
2026-09-04,Øresund,dél,Teherhajó,314655000,4.6,90.0,12.0
2026-09-04,Øresund,dél,Teherhajó,319073100,6.8,200.0,32.0
2026-09-04,Øresund,észak,Teherhajó,351639000,7.8,172.0,28.0
2026-09-04,Øresund,dél,Teherhajó,352001788,7.4,225.0,33.0
2026-09-04,Øresund,észak,Teherhajó,352005687,5.0,129.0,28.0
2026-09-04,Øresund,dél,Tanker,538003488,6.6,123.0,18.0
2026-09-04,Øresund,dél,Teherhajó,538009609,6.6,199.0,32.0
2026-09-04,Øresund,dél,Teherhajó,538011977,6.3,180.0,30.0
2026-09-04,Øresund,dél,Teherhajó,538012888,6.5,180.0,30.0
2026-09-04,Øresund,dél,Teherhajó,538090640,6.2,180.0,30.0
2026-09-04,Øresund,dél,Teherhajó,563245900,6.5,199.0,32.0
2026-09-04,Øresund,észak,Teherhajó,636022047,8.4,161.0,25.0
2026-09-04,Øresund,észak,Teherhajó,636023660,5.5,117.0,20.0
2026-09-05,Nagy-Balti-öv,észak,Teherhajó,210028000,9.3,170.0,27.0
2026-09-05,Nagy-Balti-öv,észak,Tanker,210362000,10.6,182.0,32.0
2026-09-05,Nagy-Balti-öv,dél,Teherhajó,212811000,7.3,100.0,16.0
2026-09-05,Nagy-Balti-öv,dél,Tanker,215461000,7.8,274.0,48.0
2026-09-05,Nagy-Balti-öv,észak,Teherhajó,215857000,10.8,398.0,54.0
2026-09-05,Nagy-Balti-öv,észak,Tanker,219027923,10.5,183.0,32.0
2026-09-05,Nagy-Balti-öv,dél,Tanker,219029880,9.0,147.0,22.0
2026-09-05,Nagy-Balti-öv,észak,Teherhajó,219115000,11.7,200.0,36.0
2026-09-05,Nagy-Balti-öv,észak,Tanker,228432600,9.5,299.0,46.0
2026-09-05,Nagy-Balti-öv,dél,Teherhajó,235090537,9.5,153.0,24.0
2026-09-05,Nagy-Balti-öv,észak,Tanker,241406000,14.4,237.0,42.0
2026-09-05,Nagy-Balti-öv,dél,Teherhajó,244060083,8.8,150.0,16.0
2026-09-05,Nagy-Balti-öv,észak,Teherhajó,255806267,7.2,141.0,23.0
2026-09-05,Nagy-Balti-öv,dél,Teherhajó,255915834,4.1,86.0,15.0
2026-09-05,Nagy-Balti-öv,észak,Teherhajó,255916027,4.8,120.0,16.0
2026-09-05,Nagy-Balti-öv,dél,Teherhajó,256800000,7.5,205.0,30.0
2026-09-05,Nagy-Balti-öv,észak,Tanker,257112270,8.4,183.0,33.0
2026-09-05,Nagy-Balti-öv,észak,Teherhajó,257114000,4.0,95.0,14.0
2026-09-05,Nagy-Balti-öv,dél,Teherhajó,257207000,6.5,90.0,14.0
2026-09-05,Nagy-Balti-öv,észak,Teherhajó,257207000,6.5,90.0,14.0
2026-09-05,Nagy-Balti-öv,észak,Teherhajó,257988000,7.0,119.0,17.0
2026-09-05,Nagy-Balti-öv,észak,Teherhajó,258761000,4.6,110.0,15.0
2026-09-05,Nagy-Balti-öv,dél,Teherhajó,265022000,7.2,242.0,36.0
2026-09-05,Nagy-Balti-öv,észak,Teherhajó,268261201,11.4,186.0,30.0
2026-09-05,Nagy-Balti-öv,észak,Tanker,273272850,14.5,249.0,44.0
2026-09-05,Nagy-Balti-öv,dél,Teherhajó,275516000,4.7,81.0,12.0
2026-09-05,Nagy-Balti-öv,észak,Tanker,275541000,5.6,92.0,16.0
2026-09-05,Nagy-Balti-öv,dél,Teherhajó,304953000,4.2,82.0,11.0
2026-09-05,Nagy-Balti-öv,észak,Teherhajó,305190000,5.1,86.0,13.0
2026-09-05,Nagy-Balti-öv,dél,Teherhajó,311001769,5.2,82.0,11.0
2026-09-05,Nagy-Balti-öv,észak,Teherhajó,311002113,10.6,190.0,32.0
2026-09-05,Nagy-Balti-öv,dél,Teherhajó,314772000,6.1,175.0,30.0
2026-09-05,Nagy-Balti-öv,észak,Teherhajó,341492001,8.3,131.0,18.0
2026-09-05,Nagy-Balti-öv,észak,Tanker,352001874,10.9,183.0,32.0
2026-09-05,Nagy-Balti-öv,észak,Teherhajó,352002362,13.1,199.0,32.0
2026-09-05,Nagy-Balti-öv,dél,Teherhajó,352003382,10.5,180.0,30.0
2026-09-05,Nagy-Balti-öv,dél,Teherhajó,352003624,7.1,199.0,32.0
2026-09-05,Nagy-Balti-öv,észak,Tanker,352003756,11.6,183.0,32.0
2026-09-05,Nagy-Balti-öv,dél,Teherhajó,354668000,6.2,180.0,28.0
2026-09-05,Nagy-Balti-öv,dél,Teherhajó,366750000,5.0,107.0,18.0
2026-09-05,Nagy-Balti-öv,dél,Tanker,538005404,10.5,183.0,27.0
2026-09-05,Nagy-Balti-öv,dél,Tanker,538005774,11.3,184.0,27.0
2026-09-05,Nagy-Balti-öv,dél,Teherhajó,538090739,9.3,229.0,32.0
2026-09-05,Nagy-Balti-öv,észak,Teherhajó,563326200,8.8,229.0,32.0
2026-09-05,Nagy-Balti-öv,észak,Teherhajó,564306000,10.5,249.0,37.0
2026-09-05,Nagy-Balti-öv,észak,Teherhajó,566029000,8.6,162.0,26.0
2026-09-05,Nagy-Balti-öv,észak,Tanker,613702110,15.0,241.0,42.0
2026-09-05,Nagy-Balti-öv,dél,Teherhajó,636019915,14.5,229.0,32.0
2026-09-05,Nagy-Balti-öv,dél,Teherhajó,636023215,11.2,229.0,36.0
2026-09-05,Nagy-Balti-öv,észak,Teherhajó,636093159,10.3,222.0,30.0
2026-09-05,Nagy-Balti-öv,dél,Tanker,667002369,9.1,274.0,48.0
2026-09-05,Nagy-Balti-öv,észak,Tanker,667002425,15.0,274.0,48.0
2026-09-05,Øresund,dél,Teherhajó,209968000,4.0,82.0,12.0
2026-09-05,Øresund,dél,Teherhajó,212385000,5.7,99.0,14.0
2026-09-05,Øresund,dél,Teherhajó,212797000,5.9,100.0,13.0
2026-09-05,Øresund,észak,Tanker,219222000,5.9,130.0,20.0
2026-09-05,Øresund,dél,Teherhajó,230666000,4.7,90.0,14.0
2026-09-05,Øresund,észak,Teherhajó,230694000,7.3,238.0,35.0
2026-09-05,Øresund,dél,Teherhajó,230696000,6.7,122.0,21.0
2026-09-05,Øresund,dél,Teherhajó,235094625,5.9,124.0,17.0
2026-09-05,Øresund,dél,Tanker,244335000,6.8,115.0,16.0
2026-09-05,Øresund,dél,Teherhajó,246188000,6.0,112.0,15.0
2026-09-05,Øresund,dél,Teherhajó,246539000,4.8,150.0,16.0
2026-09-05,Øresund,dél,Teherhajó,248630000,6.9,199.0,32.0
2026-09-05,Øresund,dél,Tanker,249182000,7.0,228.0,32.0
2026-09-05,Øresund,dél,Teherhajó,250005693,4.6,120.0,15.0
2026-09-05,Øresund,dél,Teherhajó,255616000,7.1,180.0,30.0
2026-09-05,Øresund,dél,Teherhajó,255739000,7.4,169.0,28.0
2026-09-05,Øresund,észak,Teherhajó,255805577,6.8,140.0,23.0
2026-09-05,Øresund,dél,Teherhajó,255915634,4.4,99.0,16.0
2026-09-05,Øresund,észak,Tanker,255916108,6.4,150.0,23.0
2026-09-05,Øresund,észak,Tanker,257136000,6.7,101.0,18.0
2026-09-05,Øresund,dél,Teherhajó,258006930,5.3,101.0,17.0
2026-09-05,Øresund,észak,Tanker,265610040,3.6,80.0,14.0
2026-09-05,Øresund,észak,Tanker,266203000,3.8,70.0,14.0
2026-09-05,Øresund,észak,Tanker,266472000,5.0,88.0,13.0
2026-09-05,Øresund,dél,Teherhajó,304028000,2.7,82.0,12.0
2026-09-05,Øresund,dél,Teherhajó,305773000,6.7,140.0,22.0
2026-09-05,Øresund,dél,Teherhajó,305821000,4.1,95.0,14.0
2026-09-05,Øresund,dél,Teherhajó,311001116,7.2,148.0,20.0
2026-09-05,Øresund,dél,Teherhajó,314875000,4.4,99.0,15.0
2026-09-05,Øresund,dél,Teherhajó,352003528,6.0,185.0,30.0
2026-09-05,Øresund,dél,Teherhajó,477885300,7.2,229.0,32.0
2026-09-05,Øresund,dél,Teherhajó,538006959,7.0,199.0,33.0
2026-09-05,Øresund,észak,Tanker,538010257,7.0,249.0,45.0
2026-09-05,Øresund,dél,Teherhajó,538011655,6.4,200.0,32.0
2026-09-05,Øresund,dél,Tanker,563326600,5.6,99.0,18.0
2026-09-06,Nagy-Balti-öv,dél,Teherhajó,210552000,3.1,88.0,13.0
2026-09-06,Nagy-Balti-öv,észak,Teherhajó,211870240,7.9,159.0,22.0
2026-09-06,Nagy-Balti-öv,észak,Teherhajó,218098000,7.7,149.0,23.0
2026-09-06,Nagy-Balti-öv,dél,Tanker,219332000,7.8,207.0,32.0
2026-09-06,Nagy-Balti-öv,észak,Teherhajó,230642000,6.1,187.0,27.0
2026-09-06,Nagy-Balti-öv,dél,Teherhajó,232031538,5.1,90.0,15.0
2026-09-06,Nagy-Balti-öv,észak,Teherhajó,232043527,12.4,200.0,32.0
2026-09-06,Nagy-Balti-öv,észak,Tanker,241412000,11.0,340.0,60.0
2026-09-06,Nagy-Balti-öv,észak,Tanker,241875000,9.0,250.0,44.0
2026-09-06,Nagy-Balti-öv,észak,Tanker,246878000,7.8,155.0,22.0
2026-09-06,Nagy-Balti-öv,észak,Tanker,248024000,8.7,250.0,44.0
2026-09-06,Nagy-Balti-öv,dél,Teherhajó,249934000,5.7,88.0,13.0
2026-09-06,Nagy-Balti-öv,dél,Teherhajó,255848000,5.8,89.0,16.0
2026-09-06,Nagy-Balti-öv,dél,Teherhajó,257064430,4.0,90.0,14.0
2026-09-06,Nagy-Balti-öv,észak,Teherhajó,257064430,4.0,90.0,14.0
2026-09-06,Nagy-Balti-öv,dél,Tanker,265072000,8.7,130.0,22.0
2026-09-06,Nagy-Balti-öv,dél,Teherhajó,266247000,6.7,190.0,26.0
2026-09-06,Nagy-Balti-öv,dél,Tanker,273271360,8.7,274.0,48.0
2026-09-06,Nagy-Balti-öv,dél,Teherhajó,304219000,9.7,166.0,21.0
2026-09-06,Nagy-Balti-öv,észak,Teherhajó,305166000,7.9,117.0,18.0
2026-09-06,Nagy-Balti-öv,észak,Teherhajó,305256000,10.1,143.0,22.0
2026-09-06,Nagy-Balti-öv,dél,Teherhajó,305522000,4.7,90.0,13.0
2026-09-06,Nagy-Balti-öv,dél,Teherhajó,311001762,5.1,88.0,14.0
2026-09-06,Nagy-Balti-öv,észak,Teherhajó,311002065,14.2,225.0,32.0
2026-09-06,Nagy-Balti-öv,észak,Teherhajó,312220000,10.2,168.0,27.0
2026-09-06,Nagy-Balti-öv,észak,Tanker,352005847,15.0,245.0,42.0
2026-09-06,Nagy-Balti-öv,dél,Tanker,353576000,11.0,183.0,32.0
2026-09-06,Nagy-Balti-öv,észak,Teherhajó,354537000,7.8,237.0,32.0
2026-09-06,Nagy-Balti-öv,észak,Teherhajó,412603000,14.8,229.0,33.0
2026-09-06,Nagy-Balti-öv,dél,Teherhajó,477949400,14.5,399.0,61.0
2026-09-06,Nagy-Balti-öv,észak,Tanker,538007039,8.2,183.0,32.0
2026-09-06,Nagy-Balti-öv,dél,Teherhajó,538007927,13.7,225.0,32.0
2026-09-06,Nagy-Balti-öv,észak,Tanker,538008844,4.5,99.0,17.0
2026-09-06,Nagy-Balti-öv,észak,Teherhajó,538009866,10.3,180.0,30.0
2026-09-06,Nagy-Balti-öv,észak,Tanker,538010172,15.0,273.0,48.0
2026-09-06,Nagy-Balti-öv,dél,Tanker,538012387,9.0,274.0,48.0
2026-09-06,Nagy-Balti-öv,észak,Tanker,636015064,9.0,180.0,32.0
2026-09-06,Nagy-Balti-öv,észak,Teherhajó,636015171,14.6,230.0,38.0
2026-09-06,Nagy-Balti-öv,észak,Tanker,636019392,14.6,237.0,42.0
2026-09-06,Nagy-Balti-öv,észak,Teherhajó,636022662,10.2,180.0,30.0
2026-09-06,Nagy-Balti-öv,dél,Teherhajó,636026626,8.3,229.0,32.0
2026-09-06,Nagy-Balti-öv,észak,Teherhajó,636093384,13.3,229.0,32.0
2026-09-06,Nagy-Balti-öv,észak,Tanker,667001243,14.2,274.0,50.0
2026-09-06,Nagy-Balti-öv,dél,Tanker,667002070,8.3,250.0,44.0
2026-09-06,Nagy-Balti-öv,dél,Tanker,667002314,9.3,274.0,50.0
2026-09-06,Øresund,dél,Teherhajó,209325000,3.1,88.0,13.0
2026-09-06,Øresund,észak,Teherhajó,212797000,5.8,100.0,13.0
2026-09-06,Øresund,dél,Tanker,215064000,5.9,88.0,15.0
2026-09-06,Øresund,dél,Tanker,215936000,7.0,183.0,32.0
2026-09-06,Øresund,dél,Tanker,219011922,5.5,83.0,13.0
2026-09-06,Øresund,észak,Tanker,219034373,6.5,147.0,22.0
2026-09-06,Øresund,észak,Teherhajó,230350000,7.3,120.0,18.0
2026-09-06,Øresund,dél,Teherhajó,230697000,6.5,238.0,35.0
2026-09-06,Øresund,észak,Teherhajó,231873000,7.2,100.0,14.0
2026-09-06,Øresund,dél,Teherhajó,231897000,3.9,89.0,13.0
2026-09-06,Øresund,észak,Teherhajó,236306000,5.7,90.0,14.0
2026-09-06,Øresund,dél,Tanker,244678000,6.7,116.0,15.0
2026-09-06,Øresund,észak,Teherhajó,244790047,5.3,111.0,17.0
2026-09-06,Øresund,dél,Teherhajó,244947000,3.7,103.0,16.0
2026-09-06,Øresund,észak,Teherhajó,245257000,4.2,86.0,11.0
2026-09-06,Øresund,észak,Teherhajó,246188000,3.6,112.0,15.0
2026-09-06,Øresund,dél,Teherhajó,246521000,7.5,205.0,26.0
2026-09-06,Øresund,észak,Teherhajó,246554000,7.4,205.0,26.0
2026-09-06,Øresund,észak,Tanker,249362000,5.6,100.0,18.0
2026-09-06,Øresund,észak,Teherhajó,255739000,7.3,169.0,28.0
2026-09-06,Øresund,dél,Tanker,255806226,8.1,118.0,18.0
2026-09-06,Øresund,dél,Teherhajó,255806267,7.2,141.0,23.0
2026-09-06,Øresund,dél,Teherhajó,258209000,6.5,156.0,22.0
2026-09-06,Øresund,dél,Teherhajó,259029000,4.8,74.0,12.0
2026-09-06,Øresund,dél,Teherhajó,261000205,5.6,90.0,14.0
2026-09-06,Øresund,észak,Tanker,265053000,6.0,150.0,23.0
2026-09-06,Øresund,észak,Tanker,265071000,5.7,130.0,22.0
2026-09-06,Øresund,észak,Teherhajó,275513000,3.5,82.0,13.0
2026-09-06,Øresund,dél,Teherhajó,305071300,6.0,189.0,32.0
2026-09-06,Øresund,észak,Teherhajó,305824000,6.2,128.0,16.0
2026-09-06,Øresund,észak,Teherhajó,314262000,4.6,78.0,10.0
2026-09-06,Øresund,dél,Teherhajó,351639000,8.0,172.0,28.0
2026-09-06,Øresund,észak,Teherhajó,351639000,8.0,172.0,28.0
2026-09-06,Øresund,dél,Teherhajó,538007515,6.2,176.0,27.0
2026-09-06,Øresund,észak,Teherhajó,563235900,7.5,229.0,32.0
2026-09-06,Øresund,észak,Tanker,636016683,5.4,108.0,17.0
2026-09-06,Øresund,dél,Teherhajó,636021058,6.0,180.0,28.0
2026-09-06,Øresund,dél,Teherhajó,636023660,4.8,117.0,20.0
2026-09-06,Øresund,dél,Teherhajó,636024955,6.8,200.0,32.0
2026-09-06,Øresund,dél,Teherhajó,636025853,6.3,180.0,31.0
2026-09-06,Øresund,dél,Teherhajó,671540100,6.2,176.0,26.0
2026-09-07,Nagy-Balti-öv,észak,Tanker,205713000,8.8,180.0,30.0
2026-09-07,Nagy-Balti-öv,dél,Teherhajó,210704000,4.2,90.0,13.0
2026-09-07,Nagy-Balti-öv,dél,Teherhajó,218098000,7.0,149.0,23.0
2026-09-07,Nagy-Balti-öv,dél,Teherhajó,219164000,7.5,86.0,14.0
2026-09-07,Nagy-Balti-öv,észak,Teherhajó,219164000,7.5,86.0,14.0
2026-09-07,Nagy-Balti-öv,észak,Teherhajó,230091950,4.0,83.0,13.0
2026-09-07,Nagy-Balti-öv,észak,Teherhajó,236108000,5.3,83.0,13.0
2026-09-07,Nagy-Balti-öv,dél,Tanker,241455000,14.8,250.0,44.0
2026-09-07,Nagy-Balti-öv,észak,Tanker,241574000,12.8,250.0,44.0
2026-09-07,Nagy-Balti-öv,dél,Teherhajó,244750397,4.6,89.0,13.0
2026-09-07,Nagy-Balti-öv,dél,Teherhajó,245097000,7.0,205.0,26.0
2026-09-07,Nagy-Balti-öv,észak,Tanker,248020000,9.0,250.0,44.0
2026-09-07,Nagy-Balti-öv,észak,Tanker,248993000,14.1,254.0,44.0
2026-09-07,Nagy-Balti-öv,dél,Teherhajó,255769000,6.3,107.0,15.0
2026-09-07,Nagy-Balti-öv,dél,Teherhajó,255806081,10.5,179.0,27.0
2026-09-07,Nagy-Balti-öv,észak,Teherhajó,255806257,10.9,179.0,28.0
2026-09-07,Nagy-Balti-öv,dél,Teherhajó,255806258,9.9,178.0,27.0
2026-09-07,Nagy-Balti-öv,észak,Teherhajó,255915834,6.9,86.0,15.0
2026-09-07,Nagy-Balti-öv,dél,Teherhajó,258809000,4.6,90.0,14.0
2026-09-07,Nagy-Balti-öv,észak,Teherhajó,258809000,4.6,90.0,14.0
2026-09-07,Nagy-Balti-öv,észak,Teherhajó,271000973,9.3,160.0,24.0
2026-09-07,Nagy-Balti-öv,észak,Tanker,273129330,14.8,240.0,42.0
2026-09-07,Nagy-Balti-öv,észak,Teherhajó,304134000,6.2,115.0,14.0
2026-09-07,Nagy-Balti-öv,észak,Teherhajó,304717000,2.8,88.0,12.0
2026-09-07,Nagy-Balti-öv,dél,Teherhajó,305719000,6.9,154.0,24.0
2026-09-07,Nagy-Balti-öv,dél,Teherhajó,311000776,8.8,150.0,23.0
2026-09-07,Nagy-Balti-öv,észak,Teherhajó,311001769,3.4,82.0,11.0
2026-09-07,Nagy-Balti-öv,dél,Teherhajó,311002167,10.2,183.0,30.0
2026-09-07,Nagy-Balti-öv,észak,Tanker,311027500,9.3,249.0,44.0
2026-09-07,Nagy-Balti-öv,dél,Teherhajó,314786000,7.9,152.0,23.0
2026-09-07,Nagy-Balti-öv,dél,Teherhajó,341303002,3.5,88.0,12.0
2026-09-07,Nagy-Balti-öv,dél,Teherhajó,341661002,7.7,153.0,24.0
2026-09-07,Nagy-Balti-öv,észak,Teherhajó,352004461,13.2,229.0,37.0
2026-09-07,Nagy-Balti-öv,dél,Teherhajó,352004953,8.3,193.0,28.0
2026-09-07,Nagy-Balti-öv,észak,Tanker,352898793,15.0,250.0,44.0
2026-09-07,Nagy-Balti-öv,észak,Teherhajó,373895000,14.2,225.0,32.0
2026-09-07,Nagy-Balti-öv,dél,Teherhajó,405000443,12.4,200.0,36.0
2026-09-07,Nagy-Balti-öv,dél,Tanker,461001004,9.6,300.0,46.0
2026-09-07,Nagy-Balti-öv,dél,Teherhajó,538007353,10.7,190.0,24.0
2026-09-07,Nagy-Balti-öv,dél,Tanker,538007403,9.3,160.0,26.0
2026-09-07,Nagy-Balti-öv,dél,Teherhajó,538010091,6.5,199.0,32.0
2026-09-07,Nagy-Balti-öv,észak,Teherhajó,538012595,8.5,166.0,27.0
2026-09-07,Nagy-Balti-öv,észak,Teherhajó,563118800,12.8,190.0,32.0
2026-09-07,Nagy-Balti-öv,észak,Teherhajó,563310600,13.0,190.0,32.0
2026-09-07,Nagy-Balti-öv,észak,Teherhajó,577793000,10.5,205.0,27.0
2026-09-07,Nagy-Balti-öv,dél,Teherhajó,630001326,8.4,181.0,30.0
2026-09-07,Nagy-Balti-öv,észak,Teherhajó,636015035,12.5,225.0,32.0
2026-09-07,Nagy-Balti-öv,dél,Tanker,636017797,8.4,183.0,41.0
2026-09-07,Nagy-Balti-öv,észak,Teherhajó,636018490,10.8,178.0,28.0
2026-09-07,Nagy-Balti-öv,dél,Tanker,636023387,10.6,183.0,32.0
2026-09-07,Nagy-Balti-öv,dél,Teherhajó,636023397,15.7,366.0,51.0
2026-09-07,Nagy-Balti-öv,dél,Teherhajó,636025205,11.2,199.0,32.0
2026-09-07,Nagy-Balti-öv,észak,Teherhajó,636025421,14.8,229.0,32.0
2026-09-07,Øresund,észak,Teherhajó,209133000,6.4,98.0,15.0
2026-09-07,Øresund,észak,Teherhajó,209325000,3.6,88.0,13.0
2026-09-07,Øresund,észak,Teherhajó,211265530,6.2,100.0,19.0
2026-09-07,Øresund,észak,Teherhajó,212820000,6.1,90.0,14.0
2026-09-07,Øresund,dél,Teherhajó,212880000,3.7,100.0,14.0
2026-09-07,Øresund,észak,Tanker,219008000,6.8,147.0,22.0
2026-09-07,Øresund,dél,Teherhajó,230359000,4.0,44.0,12.0
2026-09-07,Øresund,észak,Tanker,231875000,6.2,144.0,23.0
2026-09-07,Øresund,dél,Teherhajó,232031869,5.8,90.0,14.0
2026-09-07,Øresund,észak,Tanker,244870429,7.0,115.0,20.0
2026-09-07,Øresund,dél,Tanker,244944000,6.9,117.0,18.0
2026-09-07,Øresund,dél,Tanker,248080000,5.7,107.0,16.0
2026-09-07,Øresund,észak,Teherhajó,255805860,6.7,180.0,32.0
2026-09-07,Øresund,dél,Teherhajó,255805882,6.3,107.0,18.0
2026-09-07,Øresund,észak,Teherhajó,255806267,6.6,141.0,23.0
2026-09-07,Øresund,dél,Tanker,255915978,6.5,149.0,24.0
2026-09-07,Øresund,észak,Teherhajó,259182000,6.7,90.0,16.0
2026-09-07,Øresund,dél,Tanker,259360000,5.0,96.0,15.0
2026-09-07,Øresund,dél,Tanker,265012140,5.0,100.0,19.0
2026-09-07,Øresund,észak,Tanker,265012140,5.0,100.0,19.0
2026-09-07,Øresund,észak,Tanker,266220000,5.8,130.0,20.0
2026-09-07,Øresund,észak,Tanker,266457000,6.7,150.0,23.0
2026-09-07,Øresund,észak,Tanker,266466000,5.8,129.0,20.0
2026-09-07,Øresund,dél,Tanker,266472000,6.1,88.0,13.0
2026-09-07,Øresund,észak,Teherhajó,275511000,3.8,90.0,13.0
2026-09-07,Øresund,észak,Teherhajó,304028000,4.0,82.0,12.0
2026-09-07,Øresund,észak,Teherhajó,304045000,5.1,90.0,15.0
2026-09-07,Øresund,észak,Teherhajó,304046000,5.4,90.0,15.0
2026-09-07,Øresund,dél,Teherhajó,304145000,5.8,90.0,14.0
2026-09-07,Øresund,dél,Teherhajó,304656000,5.1,82.0,12.0
2026-09-07,Øresund,dél,Teherhajó,305055000,5.2,139.0,22.0
2026-09-07,Øresund,észak,Teherhajó,305055000,5.2,139.0,22.0
2026-09-07,Øresund,dél,Teherhajó,305059300,7.1,190.0,32.0
2026-09-07,Øresund,dél,Teherhajó,305190000,5.1,86.0,13.0
2026-09-07,Øresund,dél,Tanker,311001728,7.3,183.0,33.0
2026-09-07,Øresund,dél,Tanker,311001729,7.0,228.0,32.0
2026-09-07,Øresund,dél,Teherhajó,311995000,7.5,148.0,25.0
2026-09-07,Øresund,dél,Teherhajó,314396000,5.9,90.0,15.0
2026-09-07,Øresund,dél,Teherhajó,314397000,6.0,90.0,15.0
2026-09-07,Øresund,dél,Teherhajó,355390000,5.4,100.0,20.0
2026-09-07,Øresund,dél,Teherhajó,477766200,6.8,190.0,32.0
2026-09-07,Øresund,dél,Teherhajó,566377000,6.1,182.0,29.0
2026-09-07,Øresund,dél,Tanker,631010090,6.8,244.0,42.0
2026-09-07,Øresund,dél,Teherhajó,636014570,7.2,229.0,38.0
2026-09-07,Øresund,dél,Teherhajó,636018288,7.2,229.0,32.0
2026-09-07,Øresund,észak,Teherhajó,636025326,4.6,142.0,18.0
2026-09-07,Øresund,dél,Teherhajó,636093369,7.1,180.0,32.0
2026-09-08,Nagy-Balti-öv,dél,Teherhajó,209325000,3.2,88.0,13.0
2026-09-08,Nagy-Balti-öv,észak,Teherhajó,212963000,7.3,152.0,24.0
2026-09-08,Nagy-Balti-öv,észak,Tanker,219018272,5.9,115.0,17.0
2026-09-08,Nagy-Balti-öv,dél,Tanker,219034373,8.7,147.0,22.0
2026-09-08,Nagy-Balti-öv,dél,Tanker,219222000,8.5,130.0,20.0
2026-09-08,Nagy-Balti-öv,észak,Tanker,228451800,9.5,293.0,46.0
2026-09-08,Nagy-Balti-öv,dél,Tanker,229717000,8.7,252.0,45.0
2026-09-08,Nagy-Balti-öv,dél,Teherhajó,230613000,9.7,156.0,26.0
2026-09-08,Nagy-Balti-öv,észak,Tanker,241343000,13.2,250.0,44.0
2026-09-08,Nagy-Balti-öv,dél,Tanker,244267000,5.7,104.0,16.0
2026-09-08,Nagy-Balti-öv,észak,Teherhajó,246396000,10.0,185.0,25.0
2026-09-08,Nagy-Balti-öv,észak,Tanker,249723000,6.9,150.0,23.0
2026-09-08,Nagy-Balti-öv,észak,Teherhajó,255769000,3.9,107.0,15.0
2026-09-08,Nagy-Balti-öv,észak,Teherhajó,255916486,8.7,169.0,27.0
2026-09-08,Nagy-Balti-öv,észak,Teherhajó,256708000,8.8,205.0,30.0
2026-09-08,Nagy-Balti-öv,észak,Teherhajó,257127140,9.8,143.0,22.0
2026-09-08,Nagy-Balti-öv,észak,Teherhajó,265039000,7.8,242.0,36.0
2026-09-08,Nagy-Balti-öv,észak,Teherhajó,266232000,7.5,191.0,26.0
2026-09-08,Nagy-Balti-öv,észak,Tanker,273127920,14.5,249.0,44.0
2026-09-08,Nagy-Balti-öv,dél,Tanker,273270940,8.5,235.0,42.0
2026-09-08,Nagy-Balti-öv,dél,Tanker,275541000,4.8,92.0,16.0
2026-09-08,Nagy-Balti-öv,dél,Teherhajó,304717000,4.3,88.0,12.0
2026-09-08,Nagy-Balti-öv,észak,Teherhajó,311001844,10.5,172.0,27.0
2026-09-08,Nagy-Balti-öv,észak,Teherhajó,311379000,10.0,190.0,29.0
2026-09-08,Nagy-Balti-öv,dél,Tanker,314204000,8.0,245.0,42.0
2026-09-08,Nagy-Balti-öv,dél,Tanker,352004264,9.0,274.0,50.0
2026-09-08,Nagy-Balti-öv,dél,Teherhajó,352005011,9.2,188.0,27.0
2026-09-08,Nagy-Balti-öv,dél,Teherhajó,356792000,8.2,136.0,18.0
2026-09-08,Nagy-Balti-öv,észak,Teherhajó,357431000,10.9,178.0,29.0
2026-09-08,Nagy-Balti-öv,észak,Tanker,374940000,10.8,183.0,33.0
2026-09-08,Nagy-Balti-öv,észak,Teherhajó,477100400,13.1,400.0,59.0
2026-09-08,Nagy-Balti-öv,észak,Teherhajó,477319700,12.8,229.0,32.0
2026-09-08,Nagy-Balti-öv,észak,Teherhajó,477629300,13.4,199.0,32.0
2026-09-08,Nagy-Balti-öv,észak,Teherhajó,538003818,12.0,190.0,32.0
2026-09-08,Nagy-Balti-öv,észak,Tanker,538005301,13.6,230.0,32.0
2026-09-08,Nagy-Balti-öv,dél,Teherhajó,538005334,9.0,204.0,42.0
2026-09-08,Nagy-Balti-öv,észak,Teherhajó,538007708,6.6,190.0,32.0
2026-09-08,Nagy-Balti-öv,dél,Teherhajó,538008756,12.0,260.0,32.0
2026-09-08,Nagy-Balti-öv,dél,Tanker,538008899,11.2,295.0,46.0
2026-09-08,Nagy-Balti-öv,dél,Tanker,538009926,8.4,180.0,29.0
2026-09-08,Nagy-Balti-öv,dél,Tanker,538009930,12.0,250.0,44.0
2026-09-08,Nagy-Balti-öv,észak,Teherhajó,538010224,9.5,180.0,30.0
2026-09-08,Nagy-Balti-öv,dél,Tanker,538010878,9.4,179.0,30.0
2026-09-08,Nagy-Balti-öv,dél,Teherhajó,538011873,8.0,134.0,19.0
2026-09-08,Nagy-Balti-öv,észak,Tanker,636017773,14.6,274.0,48.0
2026-09-08,Nagy-Balti-öv,dél,Teherhajó,636018326,9.2,216.0,27.0
2026-09-08,Nagy-Balti-öv,észak,Teherhajó,636022444,14.4,230.0,38.0
2026-09-08,Nagy-Balti-öv,dél,Teherhajó,636023990,12.4,190.0,32.0
2026-09-08,Nagy-Balti-öv,dél,Teherhajó,636024960,14.7,289.0,45.0
2026-09-08,Nagy-Balti-öv,észak,Teherhajó,636026102,14.7,229.0,32.0
2026-09-08,Nagy-Balti-öv,észak,Teherhajó,636026417,8.3,141.0,23.0
2026-09-08,Nagy-Balti-öv,dél,Teherhajó,667002347,10.5,172.0,32.0
2026-09-08,Øresund,észak,Teherhajó,209525000,3.8,90.0,13.0
2026-09-08,Øresund,dél,Teherhajó,209535000,6.1,90.0,13.0
2026-09-08,Øresund,észak,Teherhajó,209681000,5.2,90.0,13.0
2026-09-08,Øresund,észak,Teherhajó,210534000,5.7,88.0,13.0
2026-09-08,Øresund,dél,Teherhajó,210549000,3.7,90.0,14.0
2026-09-08,Øresund,észak,Tanker,210727000,5.9,122.0,16.0
2026-09-08,Øresund,dél,Tanker,210855000,5.5,109.0,17.0
2026-09-08,Øresund,dél,Teherhajó,211317180,5.1,100.0,17.0
2026-09-08,Øresund,dél,Teherhajó,229088000,7.3,229.0,32.0
2026-09-08,Øresund,dél,Teherhajó,231766000,5.7,95.0,16.0
2026-09-08,Øresund,dél,Teherhajó,231873000,4.3,100.0,14.0
2026-09-08,Øresund,dél,Teherhajó,231921000,6.6,90.0,16.0
2026-09-08,Øresund,észak,Tanker,244335000,4.8,115.0,16.0
2026-09-08,Øresund,dél,Teherhajó,244770997,7.1,130.0,16.0
2026-09-08,Øresund,dél,Teherhajó,245091000,6.1,110.0,14.0
2026-09-08,Øresund,dél,Teherhajó,246415000,3.3,88.0,14.0
2026-09-08,Øresund,dél,Teherhajó,246443000,3.3,89.0,12.0
2026-09-08,Øresund,dél,Teherhajó,246724000,3.2,89.0,12.0
2026-09-08,Øresund,dél,Tanker,249512000,7.3,171.0,27.0
2026-09-08,Øresund,észak,Teherhajó,255801780,6.2,134.0,23.0
2026-09-08,Øresund,észak,Teherhajó,255806478,6.5,98.0,15.0
2026-09-08,Øresund,észak,Teherhajó,255915581,3.8,89.0,12.0
2026-09-08,Øresund,dél,Tanker,255915642,6.5,124.0,17.0
2026-09-08,Øresund,dél,Teherhajó,257076850,4.1,82.0,12.0
2026-09-08,Øresund,észak,Tanker,257086660,6.9,100.0,17.0
2026-09-08,Øresund,észak,Teherhajó,257319000,4.4,93.0,15.0
2026-09-08,Øresund,észak,Teherhajó,258114000,6.5,90.0,16.0
2026-09-08,Øresund,dél,Teherhajó,265412000,5.9,170.0,24.0
2026-09-08,Øresund,dél,Tanker,265610040,5.2,80.0,14.0
2026-09-08,Øresund,dél,Tanker,265797830,3.6,46.0,9.0
2026-09-08,Øresund,észak,Tanker,265797830,3.6,46.0,9.0
2026-09-08,Øresund,észak,Tanker,266472000,5.5,88.0,13.0
2026-09-08,Øresund,dél,Tanker,266476000,7.0,119.0,17.0
2026-09-08,Øresund,dél,Teherhajó,268246900,3.2,88.0,12.0
2026-09-08,Øresund,dél,Teherhajó,273275040,3.8,123.0,17.0
2026-09-08,Øresund,dél,Teherhajó,273290820,4.1,141.0,17.0
2026-09-08,Øresund,dél,Teherhajó,275511000,5.8,90.0,13.0
2026-09-08,Øresund,dél,Teherhajó,275519000,5.8,99.0,14.0
2026-09-08,Øresund,dél,Teherhajó,304028000,4.0,82.0,12.0
2026-09-08,Øresund,észak,Teherhajó,304219000,6.3,166.0,21.0
2026-09-08,Øresund,észak,Teherhajó,305466000,5.3,90.0,15.0
2026-09-08,Øresund,észak,Teherhajó,309807000,5.4,89.0,12.0
2026-09-08,Øresund,dél,Teherhajó,314001019,6.4,180.0,30.0
2026-09-08,Øresund,észak,Teherhajó,314635000,5.8,88.0,13.0
2026-09-08,Øresund,dél,Teherhajó,352002322,6.1,190.0,32.0
2026-09-08,Øresund,dél,Teherhajó,352005165,7.2,225.0,32.0
2026-09-08,Øresund,dél,Teherhajó,352978174,7.0,225.0,32.0
2026-09-08,Øresund,észak,Teherhajó,355693000,7.6,229.0,32.0
2026-09-08,Øresund,észak,Teherhajó,372002000,6.3,140.0,22.0
2026-09-08,Øresund,dél,Teherhajó,538006867,7.3,179.0,30.0
2026-09-08,Øresund,dél,Teherhajó,538010328,7.1,199.0,32.0
2026-09-08,Øresund,dél,Teherhajó,538012913,6.1,180.0,30.0
2026-09-08,Øresund,dél,Teherhajó,538090687,6.5,190.0,32.0
2026-09-08,Øresund,észak,Tanker,563326600,4.2,99.0,18.0
2026-09-08,Øresund,dél,Teherhajó,636023944,8.9,172.0,28.0
2026-09-08,Øresund,dél,Tanker,667002061,6.8,249.0,44.0
2026-09-08,Øresund,dél,Teherhajó,667002576,5.6,88.0,13.0
2026-09-09,Nagy-Balti-öv,észak,Teherhajó,209325000,3.6,88.0,13.0
2026-09-09,Nagy-Balti-öv,dél,Teherhajó,209536000,6.1,90.0,13.0
2026-09-09,Nagy-Balti-öv,észak,Teherhajó,209938000,4.7,82.0,11.0
2026-09-09,Nagy-Balti-öv,észak,Teherhajó,210704000,6.2,90.0,13.0
2026-09-09,Nagy-Balti-öv,észak,Teherhajó,211141000,7.8,134.0,23.0
2026-09-09,Nagy-Balti-öv,dél,Teherhajó,219001284,2.2,31.0,7.0
2026-09-09,Nagy-Balti-öv,dél,Teherhajó,219115000,9.1,200.0,36.0
2026-09-09,Nagy-Balti-öv,dél,Tanker,219309000,12.0,187.0,28.0
2026-09-09,Nagy-Balti-öv,dél,Teherhajó,230642000,5.8,187.0,27.0
2026-09-09,Nagy-Balti-öv,dél,Teherhajó,231613000,4.7,73.0,12.0
2026-09-09,Nagy-Balti-öv,észak,Teherhajó,244067000,4.9,88.0,13.0
2026-09-09,Nagy-Balti-öv,dél,Teherhajó,246236000,2.8,99.0,11.0
2026-09-09,Nagy-Balti-öv,észak,Teherhajó,255806513,8.5,168.0,25.0
2026-09-09,Nagy-Balti-öv,észak,Teherhajó,255915748,5.0,89.0,12.0
2026-09-09,Nagy-Balti-öv,dél,Teherhajó,255916028,7.5,120.0,16.0
2026-09-09,Nagy-Balti-öv,dél,Teherhajó,255916486,9.1,169.0,27.0
2026-09-09,Nagy-Balti-öv,dél,Teherhajó,257141000,5.3,88.0,13.0
2026-09-09,Nagy-Balti-öv,észak,Teherhajó,259029000,4.5,74.0,12.0
2026-09-09,Nagy-Balti-öv,dél,Tanker,273128330,7.8,239.0,42.0
2026-09-09,Nagy-Balti-öv,dél,Teherhajó,273611080,10.4,175.0,27.0
2026-09-09,Nagy-Balti-öv,észak,Tanker,304040000,14.1,228.0,32.0
2026-09-09,Nagy-Balti-öv,dél,Teherhajó,304134000,3.9,115.0,14.0
2026-09-09,Nagy-Balti-öv,észak,Tanker,311000766,8.3,228.0,42.0
2026-09-09,Nagy-Balti-öv,dél,Teherhajó,311002223,9.0,172.0,27.0
2026-09-09,Nagy-Balti-öv,észak,Teherhajó,312574000,9.9,180.0,28.0
2026-09-09,Nagy-Balti-öv,dél,Teherhajó,314496000,9.7,105.0,20.0
2026-09-09,Nagy-Balti-öv,dél,Teherhajó,352004747,9.6,192.0,28.0
2026-09-09,Nagy-Balti-öv,észak,Tanker,538005645,9.0,250.0,44.0
2026-09-09,Nagy-Balti-öv,dél,Teherhajó,538006850,10.5,179.0,28.0
2026-09-09,Nagy-Balti-öv,észak,Teherhajó,538009163,8.9,200.0,32.0
2026-09-09,Nagy-Balti-öv,észak,Tanker,538009980,8.5,180.0,29.0
2026-09-09,Nagy-Balti-öv,dél,Teherhajó,538011781,8.5,200.0,32.0
2026-09-09,Nagy-Balti-öv,dél,Teherhajó,563078800,7.9,253.0,43.0
2026-09-09,Nagy-Balti-öv,észak,Tanker,563082200,10.8,180.0,28.0
2026-09-09,Nagy-Balti-öv,dél,Teherhajó,565482000,12.0,319.0,40.0
2026-09-09,Nagy-Balti-öv,dél,Teherhajó,566060000,9.7,162.0,24.0
2026-09-09,Nagy-Balti-öv,dél,Tanker,631010115,8.4,274.0,48.0
2026-09-09,Nagy-Balti-öv,dél,Teherhajó,636014740,10.9,222.0,30.0
2026-09-09,Nagy-Balti-öv,észak,Teherhajó,636015510,14.6,229.0,38.0
2026-09-09,Nagy-Balti-öv,észak,Teherhajó,636017102,12.6,300.0,48.0
2026-09-09,Nagy-Balti-öv,észak,Teherhajó,636017264,10.2,180.0,30.0
2026-09-09,Nagy-Balti-öv,dél,Tanker,636017416,9.1,160.0,26.0
2026-09-09,Nagy-Balti-öv,észak,Tanker,636021311,8.5,250.0,44.0
2026-09-09,Nagy-Balti-öv,dél,Teherhajó,636025150,6.3,177.0,28.0
2026-09-09,Nagy-Balti-öv,észak,Teherhajó,636026289,9.6,179.0,28.0
2026-09-09,Nagy-Balti-öv,dél,Teherhajó,636091995,8.2,208.0,30.0
2026-09-09,Nagy-Balti-öv,észak,Teherhajó,636093203,10.7,190.0,29.0
2026-09-09,Nagy-Balti-öv,észak,Tanker,667001255,15.0,228.0,42.0
2026-09-09,Nagy-Balti-öv,dél,Teherhajó,667002348,10.0,172.0,32.0
2026-09-09,Øresund,dél,Tanker,209223000,5.4,93.0,13.0
2026-09-09,Øresund,észak,Teherhajó,209535000,4.0,90.0,13.0
2026-09-09,Øresund,dél,Teherhajó,209681000,3.9,90.0,13.0
2026-09-09,Øresund,dél,Teherhajó,211141000,7.8,134.0,23.0
2026-09-09,Øresund,észak,Tanker,215064000,5.1,88.0,15.0
2026-09-09,Øresund,dél,Tanker,219019067,3.2,50.0,9.0
2026-09-09,Øresund,észak,Tanker,219029722,6.5,147.0,22.0
2026-09-09,Øresund,dél,Teherhajó,219304000,9.4,179.0,31.0
2026-09-09,Øresund,észak,Teherhajó,219304000,9.4,179.0,31.0
2026-09-09,Øresund,dél,Tanker,219554000,8.2,130.0,20.0
2026-09-09,Øresund,észak,Tanker,220018000,5.0,78.0,13.0
2026-09-09,Øresund,észak,Teherhajó,231897000,3.9,89.0,13.0
2026-09-09,Øresund,észak,Teherhajó,244020808,5.7,98.0,13.0
2026-09-09,Øresund,észak,Teherhajó,244115000,6.2,168.0,25.0
2026-09-09,Øresund,dél,Teherhajó,244321000,3.7,89.0,14.0
2026-09-09,Øresund,dél,Teherhajó,245017000,3.3,89.0,14.0
2026-09-09,Øresund,dél,Teherhajó,245257000,4.3,86.0,11.0
2026-09-09,Øresund,észak,Teherhajó,246499000,3.6,80.0,12.0
2026-09-09,Øresund,dél,Teherhajó,246629000,6.7,122.0,16.0
2026-09-09,Øresund,észak,Teherhajó,246668000,5.6,117.0,14.0
2026-09-09,Øresund,észak,Tanker,248886000,4.5,88.0,14.0
2026-09-09,Øresund,dél,Tanker,248886000,4.5,88.0,14.0
2026-09-09,Øresund,dél,Teherhajó,255805951,3.3,89.0,13.0
2026-09-09,Øresund,észak,Tanker,255806226,6.2,118.0,18.0
2026-09-09,Øresund,észak,Tanker,255915642,5.0,124.0,17.0
2026-09-09,Øresund,dél,Tanker,255915691,5.7,116.0,18.0
2026-09-09,Øresund,dél,Teherhajó,255916049,5.4,108.0,18.0
2026-09-09,Øresund,észak,Teherhajó,257076850,3.9,82.0,12.0
2026-09-09,Øresund,dél,Teherhajó,257114000,6.1,95.0,14.0
2026-09-09,Øresund,észak,Teherhajó,257203000,5.3,90.0,15.0
2026-09-09,Øresund,észak,Tanker,257374000,6.5,140.0,22.0
2026-09-09,Øresund,észak,Teherhajó,258006930,5.7,101.0,17.0
2026-09-09,Øresund,észak,Tanker,259372000,5.7,124.0,20.0
2026-09-09,Øresund,észak,Teherhajó,273297850,5.4,127.0,20.0
2026-09-09,Øresund,dél,Teherhajó,275513000,4.3,82.0,13.0
2026-09-09,Øresund,dél,Teherhajó,304111000,5.5,83.0,12.0
2026-09-09,Øresund,dél,Teherhajó,305050000,4.3,90.0,15.0
2026-09-09,Øresund,észak,Teherhajó,305762000,5.7,104.0,15.0
2026-09-09,Øresund,dél,Teherhajó,305767000,4.9,129.0,17.0
2026-09-09,Øresund,észak,Teherhajó,305773000,7.1,140.0,22.0
2026-09-09,Øresund,dél,Teherhajó,305994000,8.4,139.0,22.0
2026-09-09,Øresund,dél,Tanker,352006339,5.6,100.0,18.0
2026-09-09,Øresund,dél,Teherhajó,354327000,7.2,225.0,32.0
2026-09-09,Øresund,észak,Teherhajó,355390000,5.5,100.0,20.0
2026-09-09,Øresund,dél,Teherhajó,477949600,6.7,190.0,32.0
2026-09-09,Øresund,észak,Tanker,538005774,6.7,184.0,27.0
2026-09-09,Øresund,dél,Teherhajó,538008033,7.2,200.0,32.0
2026-09-09,Øresund,észak,Teherhajó,538011562,7.5,228.0,32.0
2026-09-09,Øresund,dél,Teherhajó,538090697,6.9,189.0,32.0
2026-09-09,Øresund,dél,Teherhajó,636023501,6.9,180.0,30.0
2026-09-09,Øresund,észak,Teherhajó,636023944,8.5,172.0,28.0
2026-09-09,Øresund,dél,Teherhajó,636025004,7.3,180.0,30.0
2026-09-09,Øresund,dél,Tanker,667002283,7.0,246.0,42.0
2026-09-10,Nagy-Balti-öv,dél,Teherhajó,212821000,3.6,85.0,13.0
2026-09-10,Nagy-Balti-öv,dél,Tanker,219008000,8.8,147.0,22.0
2026-09-10,Nagy-Balti-öv,dél,Tanker,229767000,11.5,288.0,44.0
2026-09-10,Nagy-Balti-öv,dél,Tanker,230687000,14.8,250.0,44.0
2026-09-10,Nagy-Balti-öv,észak,Teherhajó,231613000,3.0,73.0,12.0
2026-09-10,Nagy-Balti-öv,dél,Teherhajó,236108000,5.4,83.0,13.0
2026-09-10,Nagy-Balti-öv,észak,Teherhajó,246645000,4.6,130.0,17.0
2026-09-10,Nagy-Balti-öv,dél,Teherhajó,249284000,13.0,200.0,32.0
2026-09-10,Nagy-Balti-öv,dél,Tanker,249723000,9.0,150.0,23.0
2026-09-10,Nagy-Balti-öv,dél,Tanker,249948000,14.8,250.0,44.0
2026-09-10,Nagy-Balti-öv,dél,Teherhajó,255802570,3.6,89.0,13.0
2026-09-10,Nagy-Balti-öv,észak,Teherhajó,255915585,5.3,89.0,12.0
2026-09-10,Nagy-Balti-öv,dél,Tanker,255915977,8.3,149.0,24.0
2026-09-10,Nagy-Balti-öv,észak,Teherhajó,256800000,10.0,205.0,30.0
2026-09-10,Nagy-Balti-öv,dél,Teherhajó,257064430,6.4,90.0,14.0
2026-09-10,Nagy-Balti-öv,észak,Teherhajó,257064430,6.4,90.0,14.0
2026-09-10,Nagy-Balti-öv,észak,Teherhajó,257141000,3.9,88.0,13.0
2026-09-10,Nagy-Balti-öv,dél,Teherhajó,258709000,3.5,88.0,13.0
2026-09-10,Nagy-Balti-öv,észak,Teherhajó,258709000,3.5,88.0,13.0
2026-09-10,Nagy-Balti-öv,észak,Tanker,266420000,6.7,149.0,24.0
2026-09-10,Nagy-Balti-öv,észak,Teherhajó,268251601,3.5,79.0,10.0
2026-09-10,Nagy-Balti-öv,dél,Tanker,273270850,8.8,250.0,44.0
2026-09-10,Nagy-Balti-öv,észak,Teherhajó,305511000,3.6,99.0,14.0
2026-09-10,Nagy-Balti-öv,észak,Teherhajó,305912000,5.2,90.0,14.0
2026-09-10,Nagy-Balti-öv,észak,Teherhajó,309193000,9.1,165.0,24.0
2026-09-10,Nagy-Balti-öv,dél,Teherhajó,314690000,6.2,176.0,28.0
2026-09-10,Nagy-Balti-öv,dél,Teherhajó,352005037,10.2,189.0,30.0
2026-09-10,Nagy-Balti-öv,észak,Tanker,352005899,15.0,229.0,42.0
2026-09-10,Nagy-Balti-öv,észak,Teherhajó,356187000,8.9,149.0,23.0
2026-09-10,Nagy-Balti-öv,észak,Teherhajó,356452000,12.0,188.0,32.0
2026-09-10,Nagy-Balti-öv,dél,Tanker,533130869,15.0,250.0,44.0
2026-09-10,Nagy-Balti-öv,észak,Tanker,538010809,10.1,180.0,30.0
2026-09-10,Nagy-Balti-öv,észak,Teherhajó,538011640,8.3,179.0,30.0
2026-09-10,Nagy-Balti-öv,dél,Teherhajó,566880000,10.6,398.0,51.0
2026-09-10,Nagy-Balti-öv,észak,Teherhajó,636018322,10.8,217.0,27.0
2026-09-10,Nagy-Balti-öv,észak,Tanker,636019145,9.0,249.0,44.0
2026-09-10,Nagy-Balti-öv,észak,Teherhajó,636020265,12.4,210.0,32.0
2026-09-10,Nagy-Balti-öv,észak,Tanker,636021135,9.0,250.0,44.0
2026-09-10,Nagy-Balti-öv,észak,Teherhajó,636022892,10.5,180.0,30.0
2026-09-10,Nagy-Balti-öv,észak,Tanker,636024397,14.1,274.0,50.0
2026-09-10,Nagy-Balti-öv,észak,Tanker,636024471,8.6,150.0,23.0
2026-09-10,Nagy-Balti-öv,észak,Teherhajó,636092156,11.1,254.0,43.0
2026-09-10,Øresund,észak,Teherhajó,207842750,7.1,137.0,18.0
2026-09-10,Øresund,dél,Teherhajó,209325000,3.2,88.0,13.0
2026-09-10,Øresund,dél,Teherhajó,209525000,6.2,90.0,13.0
2026-09-10,Øresund,észak,Teherhajó,209681000,4.6,90.0,13.0
2026-09-10,Øresund,észak,Tanker,210620000,4.9,100.0,16.0
2026-09-10,Øresund,dél,Teherhajó,210852000,3.9,90.0,14.0
2026-09-10,Øresund,észak,Teherhajó,211284350,5.8,100.0,17.0
2026-09-10,Øresund,dél,Teherhajó,215776000,6.4,161.0,27.0
2026-09-10,Øresund,dél,Teherhajó,218805000,5.2,90.0,15.0
2026-09-10,Øresund,észak,Tanker,219019067,3.0,50.0,9.0
2026-09-10,Øresund,észak,Tanker,219029880,6.5,147.0,22.0
2026-09-10,Øresund,dél,Teherhajó,219164000,7.3,86.0,14.0
2026-09-10,Øresund,észak,Tanker,219554000,6.2,130.0,20.0
2026-09-10,Øresund,dél,Teherhajó,220223000,6.5,200.0,30.0
2026-09-10,Øresund,észak,Teherhajó,231906000,6.4,89.0,13.0
2026-09-10,Øresund,észak,Tanker,244678000,5.0,116.0,15.0
2026-09-10,Øresund,észak,Teherhajó,245246000,5.2,88.0,13.0
2026-09-10,Øresund,észak,Teherhajó,246521000,7.5,205.0,26.0
2026-09-10,Øresund,dél,Tanker,249223000,6.8,100.0,18.0
2026-09-10,Øresund,észak,Teherhajó,249934000,3.9,88.0,13.0
2026-09-10,Øresund,észak,Teherhajó,255806433,4.7,130.0,25.0
2026-09-10,Øresund,dél,Teherhajó,255806478,4.8,98.0,15.0
2026-09-10,Øresund,észak,Teherhajó,255916039,7.0,149.0,27.0
2026-09-10,Øresund,dél,Tanker,256717000,5.5,90.0,15.0
2026-09-10,Øresund,dél,Teherhajó,258059000,6.2,87.0,15.0
2026-09-10,Øresund,dél,Tanker,258152000,7.2,119.0,19.0
2026-09-10,Øresund,észak,Tanker,258152000,7.2,119.0,19.0
2026-09-10,Øresund,észak,Tanker,265072000,5.6,130.0,22.0
2026-09-10,Øresund,észak,Teherhajó,265549210,2.6,30.0,9.0
2026-09-10,Øresund,dél,Teherhajó,271000874,6.2,190.0,33.0
2026-09-10,Øresund,dél,Teherhajó,273256950,3.5,120.0,17.0
2026-09-10,Øresund,dél,Teherhajó,273614490,3.3,120.0,17.0
2026-09-10,Øresund,dél,Teherhajó,273615490,3.4,120.0,17.0
2026-09-10,Øresund,dél,Teherhajó,277586000,8.0,148.0,25.0
2026-09-10,Øresund,észak,Teherhajó,277586000,8.0,148.0,25.0
2026-09-10,Øresund,észak,Teherhajó,304146000,6.1,88.0,14.0
2026-09-10,Øresund,észak,Teherhajó,304656000,4.0,82.0,12.0
2026-09-10,Øresund,dél,Teherhajó,305581000,5.6,81.0,12.0
2026-09-10,Øresund,dél,Teherhajó,311002345,6.6,90.0,16.0
2026-09-10,Øresund,észak,Teherhajó,311945000,3.1,82.0,11.0
2026-09-10,Øresund,dél,Teherhajó,341540001,5.8,158.0,26.0
2026-09-10,Øresund,dél,Tanker,352004147,6.9,180.0,32.0
2026-09-10,Øresund,észak,Tanker,538005404,6.9,183.0,27.0
2026-09-10,Øresund,dél,Tanker,538005799,6.1,100.0,17.0
2026-09-10,Øresund,dél,Teherhajó,538012435,7.4,200.0,32.0
2026-09-10,Øresund,észak,Teherhajó,538012517,10.1,180.0,30.0
2026-09-10,Øresund,dél,Teherhajó,636022047,9.4,161.0,25.0
2026-09-10,Øresund,dél,Teherhajó,636026417,7.6,141.0,23.0
2026-09-10,Øresund,észak,Teherhajó,636026417,7.6,141.0,23.0
2026-09-10,Øresund,dél,Teherhajó,668116382,6.0,189.0,30.0
2026-09-11,Nagy-Balti-öv,észak,Tanker,209221000,7.5,105.0,17.0
2026-09-11,Nagy-Balti-öv,észak,Teherhajó,209536000,3.5,90.0,13.0
2026-09-11,Nagy-Balti-öv,észak,Teherhajó,209659000,10.1,170.0,27.0
2026-09-11,Nagy-Balti-öv,dél,Teherhajó,209938000,3.0,82.0,11.0
2026-09-11,Nagy-Balti-öv,észak,Teherhajó,209992000,4.8,90.0,15.0
2026-09-11,Nagy-Balti-öv,dél,Tanker,210340000,5.2,110.0,18.0
2026-09-11,Nagy-Balti-öv,dél,Teherhajó,212357000,8.1,184.0,25.0
2026-09-11,Nagy-Balti-öv,észak,Teherhajó,218030270,4.6,83.0,12.0
2026-09-11,Nagy-Balti-öv,dél,Teherhajó,219001262,2.0,31.0,8.0
2026-09-11,Nagy-Balti-öv,dél,Tanker,219761000,12.1,183.0,32.0
2026-09-11,Nagy-Balti-öv,dél,Tanker,220018000,3.8,78.0,13.0
2026-09-11,Nagy-Balti-öv,észak,Teherhajó,230617000,6.0,218.0,27.0
2026-09-11,Nagy-Balti-öv,dél,Teherhajó,230617000,6.0,218.0,27.0
2026-09-11,Nagy-Balti-öv,észak,Teherhajó,232031538,5.9,90.0,15.0
2026-09-11,Nagy-Balti-öv,dél,Tanker,240955000,15.0,274.0,50.0
2026-09-11,Nagy-Balti-öv,dél,Teherhajó,244067000,2.9,88.0,13.0
2026-09-11,Nagy-Balti-öv,észak,Teherhajó,244848000,6.7,157.0,23.0
2026-09-11,Nagy-Balti-öv,észak,Teherhajó,245816000,9.8,168.0,25.0
2026-09-11,Nagy-Balti-öv,észak,Teherhajó,249386000,13.3,200.0,32.0
2026-09-11,Nagy-Balti-öv,észak,Teherhajó,255806139,3.9,116.0,17.0
2026-09-11,Nagy-Balti-öv,dél,Teherhajó,255915748,3.2,89.0,12.0
2026-09-11,Nagy-Balti-öv,dél,Teherhajó,255916022,6.4,98.0,16.0
2026-09-11,Nagy-Balti-öv,észak,Teherhajó,255916028,4.7,120.0,16.0
2026-09-11,Nagy-Balti-öv,észak,Teherhajó,255916314,8.0,148.0,27.0
2026-09-11,Nagy-Balti-öv,észak,Tanker,255946000,7.0,144.0,23.0
2026-09-11,Nagy-Balti-öv,dél,Tanker,257089140,14.5,277.0,46.0
2026-09-11,Nagy-Balti-öv,dél,Tanker,265071000,8.7,130.0,22.0
2026-09-11,Nagy-Balti-öv,észak,Tanker,265610040,3.5,80.0,14.0
2026-09-11,Nagy-Balti-öv,észak,Tanker,273271850,15.0,244.0,42.0
2026-09-11,Nagy-Balti-öv,dél,Teherhajó,304819000,10.5,190.0,29.0
2026-09-11,Nagy-Balti-öv,dél,Teherhajó,305530000,10.3,176.0,26.0
2026-09-11,Nagy-Balti-öv,észak,Teherhajó,305719000,7.3,154.0,24.0
2026-09-11,Nagy-Balti-öv,dél,Tanker,311000820,14.6,237.0,44.0
2026-09-11,Nagy-Balti-öv,dél,Teherhajó,312107000,5.9,177.0,28.0
2026-09-11,Nagy-Balti-öv,dél,Teherhajó,314303000,6.4,190.0,32.0
2026-09-11,Nagy-Balti-öv,dél,Teherhajó,341260000,9.2,158.0,25.0
2026-09-11,Nagy-Balti-öv,észak,Teherhajó,341303002,5.1,88.0,12.0
2026-09-11,Nagy-Balti-öv,dél,Teherhajó,341869001,10.8,160.0,26.0
2026-09-11,Nagy-Balti-öv,dél,Teherhajó,357988000,11.2,316.0,46.0
2026-09-11,Nagy-Balti-öv,észak,Teherhajó,370543000,10.4,180.0,28.0
2026-09-11,Nagy-Balti-öv,észak,Teherhajó,370727000,14.5,235.0,38.0
2026-09-11,Nagy-Balti-öv,dél,Teherhajó,372797000,7.8,136.0,19.0
2026-09-11,Nagy-Balti-öv,észak,Teherhajó,538003974,13.6,190.0,32.0
2026-09-11,Nagy-Balti-öv,észak,Tanker,538006198,8.5,249.0,44.0
2026-09-11,Nagy-Balti-öv,dél,Teherhajó,538007422,14.8,229.0,32.0
2026-09-11,Nagy-Balti-öv,észak,Tanker,538008899,9.6,295.0,46.0
2026-09-11,Nagy-Balti-öv,észak,Tanker,538010185,14.9,274.0,48.0
2026-09-11,Nagy-Balti-öv,dél,Tanker,538010289,10.1,180.0,30.0
2026-09-11,Nagy-Balti-öv,észak,Teherhajó,538011072,12.6,198.0,32.0
2026-09-11,Nagy-Balti-öv,észak,Teherhajó,538011107,14.9,225.0,32.0
2026-09-11,Nagy-Balti-öv,dél,Tanker,538012016,8.6,244.0,42.0
2026-09-11,Nagy-Balti-öv,észak,Tanker,538012078,14.7,244.0,42.0
2026-09-11,Nagy-Balti-öv,dél,Tanker,538013084,9.2,275.0,48.0
2026-09-11,Nagy-Balti-öv,dél,Tanker,613414090,9.2,283.0,48.0
2026-09-11,Nagy-Balti-öv,dél,Tanker,631010121,9.1,269.0,46.0
2026-09-11,Nagy-Balti-öv,észak,Teherhajó,636019440,12.7,229.0,32.0
2026-09-11,Nagy-Balti-öv,észak,Teherhajó,636022329,8.6,169.0,27.0
2026-09-11,Nagy-Balti-öv,dél,Teherhajó,636022447,13.2,366.0,51.0
2026-09-11,Nagy-Balti-öv,dél,Teherhajó,636023600,10.8,197.0,30.0
2026-09-11,Nagy-Balti-öv,dél,Teherhajó,636026417,7.8,141.0,23.0
2026-09-11,Øresund,dél,Teherhajó,209184000,6.0,186.0,27.0
2026-09-11,Øresund,észak,Teherhajó,209211000,6.2,89.0,13.0
2026-09-11,Øresund,dél,Tanker,209221000,7.5,105.0,17.0
2026-09-11,Øresund,észak,Teherhajó,209325000,3.5,88.0,13.0
2026-09-11,Øresund,észak,Teherhajó,209710000,6.5,90.0,14.0
2026-09-11,Øresund,észak,Teherhajó,209730000,4.2,100.0,16.0
2026-09-11,Øresund,észak,Teherhajó,210549000,3.7,90.0,14.0
2026-09-11,Øresund,dél,Teherhajó,211271770,4.0,74.0,11.0
2026-09-11,Øresund,észak,Teherhajó,211317180,7.4,100.0,17.0
2026-09-11,Øresund,észak,Tanker,212123000,4.9,100.0,15.0
2026-09-11,Øresund,észak,Teherhajó,212811000,4.5,100.0,16.0
2026-09-11,Øresund,dél,Teherhajó,218801000,3.6,82.0,11.0
2026-09-11,Øresund,észak,Teherhajó,219164000,4.6,86.0,14.0
2026-09-11,Øresund,dél,Teherhajó,230042000,5.1,134.0,20.0
2026-09-11,Øresund,észak,Teherhajó,231234000,6.7,90.0,14.0
2026-09-11,Øresund,dél,Teherhajó,244790608,5.1,111.0,17.0
2026-09-11,Øresund,észak,Teherhajó,244870420,3.3,88.0,14.0
2026-09-11,Øresund,dél,Teherhajó,245046000,4.1,123.0,14.0
2026-09-11,Øresund,dél,Teherhajó,245157000,5.8,88.0,13.0
2026-09-11,Øresund,dél,Teherhajó,245952000,5.1,138.0,16.0
2026-09-11,Øresund,észak,Teherhajó,246602000,4.7,128.0,15.0
2026-09-11,Øresund,dél,Teherhajó,246668000,4.2,117.0,14.0
2026-09-11,Øresund,észak,Tanker,248886000,6.1,88.0,14.0
2026-09-11,Øresund,dél,Teherhajó,249100000,5.8,181.0,30.0
2026-09-11,Øresund,dél,Teherhajó,257048880,5.9,111.0,13.0
2026-09-11,Øresund,észak,Tanker,259360000,6.2,96.0,15.0
2026-09-11,Øresund,dél,Tanker,266203000,5.8,70.0,14.0
2026-09-11,Øresund,dél,Tanker,266465000,7.5,120.0,20.0
2026-09-11,Øresund,észak,Tanker,266476000,5.3,119.0,17.0
2026-09-11,Øresund,észak,Teherhajó,304742000,4.7,89.0,13.0
2026-09-11,Øresund,dél,Teherhajó,305511000,5.7,99.0,14.0
2026-09-11,Øresund,dél,Teherhajó,305714000,5.3,107.0,18.0
2026-09-11,Øresund,dél,Teherhajó,305762000,3.9,104.0,15.0
2026-09-11,Øresund,észak,Tanker,305940000,6.2,100.0,16.0
2026-09-11,Øresund,észak,Teherhajó,305994000,8.6,139.0,22.0
2026-09-11,Øresund,dél,Tanker,311001724,7.0,183.0,32.0
2026-09-11,Øresund,észak,Teherhajó,311818000,4.0,82.0,11.0
2026-09-11,Øresund,dél,Teherhajó,311945000,2.9,82.0,11.0
2026-09-11,Øresund,dél,Tanker,314001132,6.8,243.0,42.0
2026-09-11,Øresund,dél,Teherhajó,314837000,4.8,134.0,19.0
2026-09-11,Øresund,dél,Teherhajó,341487000,3.5,115.0,16.0
2026-09-11,Øresund,dél,Teherhajó,352003016,6.9,225.0,32.0
2026-09-11,Øresund,dél,Teherhajó,355390000,4.7,100.0,20.0
2026-09-11,Øresund,dél,Teherhajó,372359000,6.2,190.0,32.0
2026-09-11,Øresund,dél,Teherhajó,372885000,7.3,235.0,38.0
2026-09-11,Øresund,dél,Teherhajó,572728220,7.2,133.0,19.0
2026-09-11,Øresund,észak,Teherhajó,636022047,8.5,161.0,25.0
2026-09-11,Øresund,dél,Teherhajó,636023257,7.3,,
2026-09-11,Øresund,észak,Tanker,636023387,7.2,183.0,32.0
2026-09-11,Øresund,észak,Teherhajó,636023660,6.6,117.0,20.0
2026-09-11,Øresund,dél,Tanker,667002025,6.9,244.0,42.0
2026-09-11,Øresund,dél,Tanker,667002468,7.0,250.0,44.0
2026-09-12,Nagy-Balti-öv,észak,Teherhajó,209014000,4.4,88.0,12.0
2026-09-12,Nagy-Balti-öv,dél,Teherhajó,211141000,8.6,134.0,23.0
2026-09-12,Nagy-Balti-öv,dél,Tanker,219029722,8.5,147.0,22.0
2026-09-12,Nagy-Balti-öv,észak,Tanker,219309000,8.0,187.0,28.0
2026-09-12,Nagy-Balti-öv,észak,Tanker,220018000,5.0,78.0,13.0
2026-09-12,Nagy-Balti-öv,dél,Tanker,231875000,8.5,144.0,23.0
2026-09-12,Nagy-Balti-öv,észak,Teherhajó,244246000,4.8,81.0,12.0
2026-09-12,Nagy-Balti-öv,dél,Teherhajó,244463000,5.7,90.0,15.0
2026-09-12,Nagy-Balti-öv,észak,Teherhajó,245897000,8.2,205.0,26.0
2026-09-12,Nagy-Balti-öv,dél,Tanker,245911000,5.7,117.0,18.0
2026-09-12,Nagy-Balti-öv,dél,Teherhajó,246645000,6.8,130.0,17.0
2026-09-12,Nagy-Balti-öv,dél,Tanker,248024000,14.7,250.0,44.0
2026-09-12,Nagy-Balti-öv,dél,Teherhajó,249030000,7.8,205.0,30.0
2026-09-12,Nagy-Balti-öv,dél,Teherhajó,255769000,3.9,107.0,15.0
2026-09-12,Nagy-Balti-öv,észak,Teherhajó,255806244,8.2,107.0,18.0
2026-09-12,Nagy-Balti-öv,észak,Teherhajó,255916313,7.3,148.0,27.0
2026-09-12,Nagy-Balti-öv,dél,Teherhajó,257035870,6.2,90.0,14.0
2026-09-12,Nagy-Balti-öv,észak,Teherhajó,257076220,5.1,89.0,13.0
2026-09-12,Nagy-Balti-öv,dél,Tanker,257364000,5.2,90.0,14.0
2026-09-12,Nagy-Balti-öv,dél,Tanker,257970000,8.8,147.0,22.0
2026-09-12,Nagy-Balti-öv,dél,Teherhajó,268249201,4.9,92.0,15.0
2026-09-12,Nagy-Balti-öv,észak,Tanker,273278260,15.0,274.0,48.0
2026-09-12,Nagy-Balti-öv,dél,Teherhajó,304274000,3.0,80.0,12.0
2026-09-12,Nagy-Balti-öv,észak,Teherhajó,304819000,6.5,190.0,29.0
2026-09-12,Nagy-Balti-öv,észak,Teherhajó,305094000,3.1,82.0,11.0
2026-09-12,Nagy-Balti-öv,észak,Teherhajó,311000796,8.6,152.0,23.0
2026-09-12,Nagy-Balti-öv,észak,Teherhajó,312119000,10.0,172.0,27.0
2026-09-12,Nagy-Balti-öv,észak,Teherhajó,319073100,12.9,200.0,32.0
2026-09-12,Nagy-Balti-öv,észak,Teherhajó,352003527,13.8,225.0,32.0
2026-09-12,Nagy-Balti-öv,dél,Teherhajó,352359000,13.0,200.0,32.0
2026-09-12,Nagy-Balti-öv,észak,Teherhajó,353539000,10.4,155.0,24.0
2026-09-12,Nagy-Balti-öv,dél,Teherhajó,357743000,9.0,180.0,30.0
2026-09-12,Nagy-Balti-öv,dél,Teherhajó,376568000,5.6,171.0,27.0
2026-09-12,Nagy-Balti-öv,észak,Teherhajó,477949400,14.1,399.0,61.0
2026-09-12,Nagy-Balti-öv,dél,Tanker,538008271,12.1,183.0,32.0
2026-09-12,Nagy-Balti-öv,észak,Tanker,538010853,9.7,158.0,27.0
2026-09-12,Nagy-Balti-öv,észak,Tanker,538012112,14.8,240.0,42.0
2026-09-12,Nagy-Balti-öv,észak,Tanker,563045300,9.0,250.0,44.0
2026-09-12,Nagy-Balti-öv,észak,Tanker,574005510,14.8,245.0,42.0
2026-09-12,Nagy-Balti-öv,dél,Teherhajó,577795000,10.8,259.0,33.0
2026-09-12,Nagy-Balti-öv,észak,Tanker,636011282,10.3,170.0,25.0
2026-09-12,Nagy-Balti-öv,dél,Teherhajó,636017582,11.8,202.0,33.0
2026-09-12,Nagy-Balti-öv,dél,Teherhajó,636018490,10.5,178.0,28.0
2026-09-12,Nagy-Balti-öv,észak,Teherhajó,636019558,8.4,141.0,25.0
2026-09-12,Nagy-Balti-öv,észak,Teherhajó,636019592,12.5,199.0,32.0
2026-09-12,Nagy-Balti-öv,észak,Teherhajó,636022451,13.8,366.0,51.0
2026-09-12,Nagy-Balti-öv,észak,Tanker,636023827,12.0,183.0,32.0
2026-09-12,Nagy-Balti-öv,dél,Teherhajó,636092271,13.9,366.0,48.0
2026-09-12,Øresund,dél,Teherhajó,207138000,5.7,153.0,22.0
2026-09-12,Øresund,dél,Teherhajó,209325000,3.2,88.0,13.0
2026-09-12,Øresund,dél,Teherhajó,209681000,5.9,90.0,13.0
2026-09-12,Øresund,dél,Teherhajó,209992000,3.8,90.0,15.0
2026-09-12,Øresund,észak,Teherhajó,211100000,2.3,81.0,11.0
2026-09-12,Øresund,észak,Teherhajó,211141000,8.6,134.0,23.0
2026-09-12,Øresund,dél,Teherhajó,211265530,5.2,100.0,19.0
2026-09-12,Øresund,dél,Tanker,212123000,5.2,100.0,15.0
2026-09-12,Øresund,dél,Teherhajó,212432000,6.5,225.0,32.0
2026-09-12,Øresund,észak,Teherhajó,212802000,6.2,90.0,14.0
2026-09-12,Øresund,észak,Teherhajó,220223000,7.1,200.0,30.0
2026-09-12,Øresund,észak,Teherhajó,230697000,7.2,238.0,35.0
2026-09-12,Øresund,észak,Teherhajó,230941700,4.0,105.0,19.0
2026-09-12,Øresund,észak,Teherhajó,231800000,4.2,89.0,14.0
2026-09-12,Øresund,dél,Teherhajó,244650331,5.4,118.0,16.0
2026-09-12,Øresund,dél,Tanker,244870430,6.4,115.0,19.0
2026-09-12,Øresund,észak,Teherhajó,244947000,6.7,103.0,16.0
2026-09-12,Øresund,észak,Teherhajó,246539000,7.0,150.0,16.0
2026-09-12,Øresund,észak,Teherhajó,246651000,4.3,114.0,16.0
2026-09-12,Øresund,dél,Teherhajó,250013999,6.7,105.0,15.0
2026-09-12,Øresund,észak,Tanker,255805370,6.0,118.0,18.0
2026-09-12,Øresund,észak,Tanker,255915691,6.1,116.0,18.0
2026-09-12,Øresund,dél,Teherhajó,255915848,6.4,89.0,16.0
2026-09-12,Øresund,dél,Tanker,255946000,6.4,144.0,23.0
2026-09-12,Øresund,dél,Teherhajó,256316000,5.3,174.0,20.0
2026-09-12,Øresund,észak,Teherhajó,257114000,4.0,95.0,14.0
2026-09-12,Øresund,észak,Teherhajó,257432240,5.4,89.0,13.0
2026-09-12,Øresund,dél,Teherhajó,257836000,5.8,88.0,13.0
2026-09-12,Øresund,észak,Teherhajó,258059000,4.5,87.0,15.0
2026-09-12,Øresund,észak,Tanker,266203000,4.9,70.0,14.0
2026-09-12,Øresund,dél,Tanker,266466000,8.3,129.0,20.0
2026-09-12,Øresund,dél,Teherhajó,268251601,2.4,79.0,10.0
2026-09-12,Øresund,dél,Teherhajó,268256101,6.1,190.0,29.0
2026-09-12,Øresund,dél,Teherhajó,273214570,3.8,140.0,17.0
2026-09-12,Øresund,dél,Teherhajó,273215380,3.2,141.0,17.0
2026-09-12,Øresund,dél,Teherhajó,273219530,3.8,140.0,17.0
2026-09-12,Øresund,dél,Teherhajó,273315430,3.6,128.0,16.0
2026-09-12,Øresund,dél,Teherhajó,273357260,3.7,128.0,17.0
2026-09-12,Øresund,dél,Teherhajó,273359260,3.8,129.0,16.0
2026-09-12,Øresund,dél,Teherhajó,305201000,7.4,120.0,15.0
2026-09-12,Øresund,dél,Teherhajó,305466000,5.6,90.0,15.0
2026-09-12,Øresund,észak,Teherhajó,305581000,3.5,81.0,12.0
2026-09-12,Øresund,dél,Tanker,311001938,6.1,140.0,22.0
2026-09-12,Øresund,dél,Teherhajó,311002127,4.9,132.0,21.0
2026-09-12,Øresund,észak,Teherhajó,311995000,7.2,148.0,25.0
2026-09-12,Øresund,dél,Teherhajó,341568002,6.2,177.0,28.0
2026-09-12,Øresund,dél,Teherhajó,352002665,6.2,190.0,32.0
2026-09-12,Øresund,dél,Tanker,352004593,6.1,174.0,28.0
2026-09-12,Øresund,észak,Tanker,352006339,4.4,100.0,18.0
2026-09-12,Øresund,dél,Teherhajó,353321000,6.2,183.0,32.0
2026-09-12,Øresund,észak,Teherhajó,355390000,5.4,100.0,20.0
2026-09-12,Øresund,észak,Teherhajó,366750000,5.4,107.0,18.0
2026-09-12,Øresund,észak,Tanker,538005799,5.1,100.0,17.0
2026-09-12,Øresund,dél,Tanker,538010456,7.2,250.0,44.0
2026-09-12,Øresund,dél,Tanker,563326600,5.3,99.0,18.0
2026-09-12,Øresund,dél,Teherhajó,577779000,7.4,225.0,32.0
2026-09-12,Øresund,dél,Teherhajó,636016043,5.5,140.0,25.0
2026-09-12,Øresund,dél,Teherhajó,636016374,5.4,148.0,23.0
2026-09-12,Øresund,észak,Tanker,636017416,6.4,160.0,26.0
2026-09-12,Øresund,dél,Teherhajó,636024678,5.9,160.0,24.0
2026-09-12,Øresund,dél,Teherhajó,636026692,6.6,190.0,28.0
2026-09-12,Øresund,dél,Teherhajó,636093385,7.5,229.0,32.0
2026-09-12,Øresund,dél,Tanker,667001451,7.0,244.0,42.0
2026-09-12,Øresund,dél,Tanker,667002270,7.0,244.0,41.0
2026-09-12,Øresund,dél,Tanker,667002271,7.0,250.0,44.0
2026-09-13,Nagy-Balti-öv,észak,Teherhajó,209892000,5.0,90.0,15.0
2026-09-13,Nagy-Balti-öv,észak,Tanker,210665000,5.9,153.0,20.0
2026-09-13,Nagy-Balti-öv,dél,Teherhajó,215521000,5.8,180.0,30.0
2026-09-13,Nagy-Balti-öv,észak,Tanker,215936000,12.0,183.0,32.0
2026-09-13,Nagy-Balti-öv,észak,Teherhajó,219136000,12.0,200.0,36.0
2026-09-13,Nagy-Balti-öv,dél,Tanker,219554000,8.2,130.0,20.0
2026-09-13,Nagy-Balti-öv,észak,Teherhajó,230642000,6.3,187.0,27.0
2026-09-13,Nagy-Balti-öv,észak,Tanker,230706000,6.1,150.0,23.0
2026-09-13,Nagy-Balti-öv,észak,Tanker,241455000,8.5,250.0,44.0
2026-09-13,Nagy-Balti-öv,dél,Tanker,241987000,10.9,295.0,47.0
2026-09-13,Nagy-Balti-öv,észak,Tanker,244267000,4.9,104.0,16.0
2026-09-13,Nagy-Balti-öv,dél,Tanker,245689000,5.0,115.0,15.0
2026-09-13,Nagy-Balti-öv,dél,Tanker,248716000,9.0,250.0,44.0
2026-09-13,Nagy-Balti-öv,észak,Tanker,249182000,13.1,228.0,32.0
2026-09-13,Nagy-Balti-öv,észak,Teherhajó,249194000,12.5,190.0,32.0
2026-09-13,Nagy-Balti-öv,dél,Teherhajó,255806257,9.5,179.0,28.0
2026-09-13,Nagy-Balti-öv,dél,Teherhajó,255915673,5.4,89.0,16.0
2026-09-13,Nagy-Balti-öv,észak,Tanker,255915978,9.4,149.0,24.0
2026-09-13,Nagy-Balti-öv,dél,Teherhajó,255916314,8.0,148.0,27.0
2026-09-13,Nagy-Balti-öv,dél,Teherhajó,255916590,10.4,168.0,26.0
2026-09-13,Nagy-Balti-öv,dél,Teherhajó,256883000,8.0,205.0,30.0
2026-09-13,Nagy-Balti-öv,dél,Teherhajó,257207000,6.5,90.0,14.0
2026-09-13,Nagy-Balti-öv,észak,Teherhajó,257207000,6.5,90.0,14.0
2026-09-13,Nagy-Balti-öv,dél,Tanker,265072000,8.4,130.0,22.0
2026-09-13,Nagy-Balti-öv,észak,Tanker,273121230,15.0,245.0,42.0
2026-09-13,Nagy-Balti-öv,dél,Tanker,273127330,8.0,243.0,42.0
2026-09-13,Nagy-Balti-öv,észak,Teherhajó,304789000,3.8,89.0,13.0
2026-09-13,Nagy-Balti-öv,észak,Teherhajó,311001083,10.3,155.0,24.0
2026-09-13,Nagy-Balti-öv,dél,Teherhajó,311001354,8.7,200.0,38.0
2026-09-13,Nagy-Balti-öv,észak,Teherhajó,312166000,10.2,177.0,28.0
2026-09-13,Nagy-Balti-öv,észak,Teherhajó,352211000,14.6,229.0,32.0
2026-09-13,Nagy-Balti-öv,észak,Teherhajó,355801000,10.5,189.0,32.0
2026-09-13,Nagy-Balti-öv,dél,Teherhajó,371716000,10.2,171.0,27.0
2026-09-13,Nagy-Balti-öv,észak,Teherhajó,374891000,13.7,249.0,43.0
2026-09-13,Nagy-Balti-öv,dél,Tanker,461000234,9.3,275.0,48.0
2026-09-13,Nagy-Balti-öv,észak,Teherhajó,477165600,10.7,197.0,32.0
2026-09-13,Nagy-Balti-öv,észak,Tanker,538002621,12.1,228.0,32.0
2026-09-13,Nagy-Balti-öv,észak,Teherhajó,538005334,9.0,204.0,42.0
2026-09-13,Nagy-Balti-öv,dél,Tanker,538006211,5.1,99.0,17.0
2026-09-13,Nagy-Balti-öv,észak,Teherhajó,538008756,9.9,260.0,32.0
2026-09-13,Nagy-Balti-öv,észak,Teherhajó,538012347,13.0,190.0,32.0
2026-09-13,Nagy-Balti-öv,észak,Teherhajó,563245900,12.5,199.0,32.0
2026-09-13,Nagy-Balti-öv,észak,Teherhajó,565482000,9.9,319.0,40.0
2026-09-13,Nagy-Balti-öv,észak,Teherhajó,636018491,10.6,179.0,27.0
2026-09-13,Nagy-Balti-öv,dél,Tanker,636018579,8.5,250.0,44.0
2026-09-13,Nagy-Balti-öv,dél,Teherhajó,636019354,8.0,141.0,22.0
2026-09-13,Nagy-Balti-öv,dél,Teherhajó,636022409,13.9,230.0,37.0
2026-09-13,Nagy-Balti-öv,észak,Teherhajó,636023397,11.7,366.0,51.0
2026-09-13,Nagy-Balti-öv,dél,Teherhajó,636093159,9.6,222.0,30.0
2026-09-13,Nagy-Balti-öv,észak,Tanker,667001242,15.0,244.0,42.0
2026-09-13,Øresund,észak,Tanker,209223000,5.7,93.0,13.0
2026-09-13,Øresund,észak,Teherhajó,209325000,4.1,88.0,13.0
2026-09-13,Øresund,észak,Teherhajó,209681000,5.8,90.0,13.0
2026-09-13,Øresund,észak,Teherhajó,209982000,3.2,80.0,12.0
2026-09-13,Øresund,észak,Teherhajó,212385000,5.4,99.0,14.0
2026-09-13,Øresund,dél,Teherhajó,219209000,2.8,60.0,10.0
2026-09-13,Øresund,dél,Teherhajó,230091950,4.7,83.0,13.0
2026-09-13,Øresund,dél,Teherhajó,230350000,6.5,120.0,18.0
2026-09-13,Øresund,észak,Teherhajó,230666000,5.3,90.0,14.0
2026-09-13,Øresund,dél,Teherhajó,230700000,6.5,238.0,35.0
2026-09-13,Øresund,észak,Teherhajó,231068000,6.0,100.0,14.0
2026-09-13,Øresund,észak,Teherhajó,231766000,4.7,95.0,16.0
2026-09-13,Øresund,dél,Teherhajó,235075591,4.8,106.0,16.0
2026-09-13,Øresund,dél,Tanker,241604000,7.0,250.0,44.0
2026-09-13,Øresund,észak,Teherhajó,244321000,5.0,89.0,14.0
2026-09-13,Øresund,észak,Teherhajó,245097000,7.6,205.0,26.0
2026-09-13,Øresund,észak,Teherhajó,245315000,6.9,135.0,17.0
2026-09-13,Øresund,dél,Teherhajó,246029000,4.5,133.0,16.0
2026-09-13,Øresund,észak,Teherhajó,246542000,3.6,90.0,13.0
2026-09-13,Øresund,dél,Tanker,246878000,6.4,155.0,22.0
2026-09-13,Øresund,észak,Tanker,248080000,5.7,107.0,16.0
2026-09-13,Øresund,dél,Teherhajó,255805577,6.5,140.0,23.0
2026-09-13,Øresund,észak,Teherhajó,255806313,6.7,158.0,23.0
2026-09-13,Øresund,dél,Teherhajó,255806352,7.2,141.0,22.0
2026-09-13,Øresund,észak,Teherhajó,255806436,7.3,141.0,22.0
2026-09-13,Øresund,dél,Teherhajó,255916070,3.6,100.0,13.0
2026-09-13,Øresund,dél,Tanker,255917333,8.2,124.0,18.0
2026-09-13,Øresund,dél,Teherhajó,257056010,5.8,90.0,14.0
2026-09-13,Øresund,észak,Tanker,266465000,5.8,120.0,20.0
2026-09-13,Øresund,észak,Tanker,266466000,5.6,129.0,20.0
2026-09-13,Øresund,észak,Teherhajó,268251601,3.6,79.0,10.0
2026-09-13,Øresund,dél,Teherhajó,268264001,6.1,190.0,30.0
2026-09-13,Øresund,dél,Teherhajó,273333880,3.5,140.0,17.0
2026-09-13,Øresund,dél,Teherhajó,305056000,6.2,139.0,21.0
2026-09-13,Øresund,dél,Teherhajó,305412000,7.6,129.0,20.0
2026-09-13,Øresund,észak,Teherhajó,305412000,7.6,129.0,20.0
2026-09-13,Øresund,észak,Teherhajó,305631000,6.8,126.0,14.0
2026-09-13,Øresund,dél,Teherhajó,305641000,3.8,114.0,14.0
2026-09-13,Øresund,dél,Teherhajó,308803000,7.4,148.0,25.0
2026-09-13,Øresund,észak,Teherhajó,314396000,5.5,90.0,15.0
2026-09-13,Øresund,észak,Teherhajó,314397000,3.9,90.0,15.0
2026-09-13,Øresund,dél,Teherhajó,314602000,4.2,90.0,13.0
2026-09-13,Øresund,dél,Teherhajó,352001990,6.4,185.0,30.0
2026-09-13,Øresund,dél,Tanker,352002508,5.4,148.0,24.0
2026-09-13,Øresund,dél,Teherhajó,352005236,6.0,200.0,24.0
2026-09-13,Øresund,észak,Teherhajó,371950000,3.4,89.0,13.0
2026-09-13,Øresund,dél,Teherhajó,372676000,6.2,180.0,30.0
2026-09-13,Øresund,dél,Tanker,477215800,7.5,183.0,32.0
2026-09-13,Øresund,dél,Teherhajó,477684500,6.9,180.0,30.0
2026-09-13,Øresund,dél,Teherhajó,538002629,6.9,229.0,32.0
2026-09-13,Øresund,dél,Teherhajó,538005114,6.3,197.0,32.0
2026-09-13,Øresund,dél,Teherhajó,538005431,7.2,225.0,32.0
2026-09-13,Øresund,észak,Tanker,538007403,6.6,160.0,26.0
2026-09-13,Øresund,dél,Teherhajó,636015783,5.5,131.0,19.0
2026-09-13,Øresund,észak,Teherhajó,636024228,6.9,229.0,32.0
2026-09-13,Øresund,dél,Teherhajó,636093310,7.0,179.0,32.0
2026-09-14,Nagy-Balti-öv,dél,Teherhajó,209535000,6.0,90.0,13.0
2026-09-14,Nagy-Balti-öv,dél,Teherhajó,210704000,4.3,90.0,13.0
2026-09-14,Nagy-Balti-öv,dél,Tanker,219029880,8.4,147.0,22.0
2026-09-14,Nagy-Balti-öv,dél,Tanker,246553000,6.3,104.0,16.0
2026-09-14,Nagy-Balti-öv,dél,Tanker,248292000,8.5,250.0,44.0
2026-09-14,Nagy-Balti-öv,dél,Tanker,249097000,13.8,250.0,44.0
2026-09-14,Nagy-Balti-öv,észak,Tanker,249948000,8.9,250.0,44.0
2026-09-14,Nagy-Balti-öv,észak,Teherhajó,255769000,3.9,107.0,15.0
2026-09-14,Nagy-Balti-öv,észak,Teherhajó,255806258,10.4,178.0,27.0
2026-09-14,Nagy-Balti-öv,észak,Teherhajó,265022000,7.6,242.0,36.0
2026-09-14,Nagy-Balti-öv,dél,Tanker,266420000,8.6,149.0,24.0
2026-09-14,Nagy-Balti-öv,dél,Tanker,266466000,8.1,129.0,20.0
2026-09-14,Nagy-Balti-öv,észak,Tanker,273124520,15.0,245.0,42.0
2026-09-14,Nagy-Balti-öv,dél,Tanker,273257120,4.8,96.0,15.0
2026-09-14,Nagy-Balti-öv,dél,Teherhajó,304616000,7.4,120.0,15.0
2026-09-14,Nagy-Balti-öv,észak,Teherhajó,305055000,7.2,139.0,22.0
2026-09-14,Nagy-Balti-öv,észak,Teherhajó,305071300,11.9,189.0,32.0
2026-09-14,Nagy-Balti-öv,dél,Teherhajó,305426000,10.1,176.0,26.0
2026-09-14,Nagy-Balti-öv,észak,Teherhajó,305480000,8.0,141.0,20.0
2026-09-14,Nagy-Balti-öv,dél,Teherhajó,305912000,3.5,90.0,14.0
2026-09-14,Nagy-Balti-öv,észak,Teherhajó,311001906,7.8,188.0,26.0
2026-09-14,Nagy-Balti-öv,észak,Tanker,314001079,10.6,186.0,32.0
2026-09-14,Nagy-Balti-öv,dél,Teherhajó,314737000,9.7,171.0,26.0
2026-09-14,Nagy-Balti-öv,észak,Teherhajó,352003624,13.0,199.0,32.0
2026-09-14,Nagy-Balti-öv,észak,Teherhajó,354540000,9.6,237.0,32.0
2026-09-14,Nagy-Balti-öv,észak,Teherhajó,354711000,11.8,196.0,33.0
2026-09-14,Nagy-Balti-öv,dél,Teherhajó,373031000,13.1,366.0,48.0
2026-09-14,Nagy-Balti-öv,dél,Teherhajó,373440000,10.5,225.0,33.0
2026-09-14,Nagy-Balti-öv,észak,Tanker,461000239,14.3,280.0,50.0
2026-09-14,Nagy-Balti-öv,észak,Tanker,533130869,9.0,250.0,44.0
2026-09-14,Nagy-Balti-öv,észak,Teherhajó,538002013,13.4,225.0,32.0
2026-09-14,Nagy-Balti-öv,dél,Tanker,538009055,13.0,237.0,44.0
2026-09-14,Nagy-Balti-öv,észak,Teherhajó,538010264,14.6,229.0,38.0
2026-09-14,Nagy-Balti-öv,észak,Tanker,538010878,9.0,179.0,30.0
2026-09-14,Nagy-Balti-öv,észak,Tanker,538012387,15.0,274.0,48.0
2026-09-14,Nagy-Balti-öv,észak,Teherhajó,538012417,9.2,180.0,32.0
2026-09-14,Nagy-Balti-öv,észak,Teherhajó,538012888,9.2,180.0,30.0
2026-09-14,Nagy-Balti-öv,észak,Teherhajó,538090640,9.7,180.0,30.0
2026-09-14,Nagy-Balti-öv,dél,Teherhajó,563249700,13.0,200.0,32.0
2026-09-14,Nagy-Balti-öv,észak,Teherhajó,566880000,11.3,398.0,51.0
2026-09-14,Nagy-Balti-öv,dél,Tanker,572142220,10.9,183.0,32.0
2026-09-14,Nagy-Balti-öv,dél,Teherhajó,605086012,8.2,138.0,21.0
2026-09-14,Nagy-Balti-öv,észak,Teherhajó,630001017,7.5,143.0,22.0
2026-09-14,Nagy-Balti-öv,észak,Teherhajó,636014740,10.6,222.0,30.0
2026-09-14,Nagy-Balti-öv,dél,Teherhajó,636021003,7.6,229.0,32.0
2026-09-14,Nagy-Balti-öv,észak,Teherhajó,636021450,9.2,128.0,22.0
2026-09-14,Nagy-Balti-öv,dél,Teherhajó,636021786,7.5,200.0,32.0
2026-09-14,Nagy-Balti-öv,észak,Tanker,636021867,13.4,244.0,42.0
2026-09-14,Nagy-Balti-öv,dél,Teherhajó,636022514,9.9,229.0,38.0
2026-09-14,Nagy-Balti-öv,dél,Teherhajó,636023143,7.2,170.0,28.0
2026-09-14,Nagy-Balti-öv,dél,Teherhajó,636023197,7.6,200.0,33.0
2026-09-14,Nagy-Balti-öv,észak,Teherhajó,636025788,8.2,180.0,30.0
2026-09-14,Nagy-Balti-öv,észak,Teherhajó,667002567,6.2,116.0,18.0
2026-09-14,Øresund,észak,Teherhajó,209525000,3.7,90.0,13.0
2026-09-14,Øresund,dél,Teherhajó,212963000,6.5,152.0,24.0
2026-09-14,Øresund,dél,Tanker,215064000,6.1,88.0,15.0
2026-09-14,Øresund,észak,Tanker,219814000,7.1,147.0,22.0
2026-09-14,Øresund,észak,Teherhajó,230984000,7.1,141.0,22.0
2026-09-14,Øresund,dél,Teherhajó,232051710,5.8,190.0,32.0
2026-09-14,Øresund,dél,Teherhajó,236701000,7.4,100.0,17.0
2026-09-14,Øresund,észak,Teherhajó,245017000,4.4,89.0,14.0
2026-09-14,Øresund,dél,Teherhajó,245407000,2.8,88.0,13.0
2026-09-14,Øresund,észak,Teherhajó,246061000,3.8,89.0,14.0
2026-09-14,Øresund,dél,Teherhajó,246521000,7.6,205.0,26.0
2026-09-14,Øresund,észak,Teherhajó,255805980,4.0,88.0,12.0
2026-09-14,Øresund,észak,Teherhajó,255806372,6.1,106.0,15.0
2026-09-14,Øresund,dél,Teherhajó,255915585,3.3,89.0,12.0
2026-09-14,Øresund,észak,Tanker,255917333,7.6,124.0,18.0
2026-09-14,Øresund,észak,Tanker,256717000,5.5,90.0,15.0
2026-09-14,Øresund,dél,Tanker,257086660,5.2,100.0,17.0
2026-09-14,Øresund,dél,Teherhajó,257306000,5.0,147.0,19.0
2026-09-14,Øresund,dél,Teherhajó,257520000,6.4,114.0,18.0
2026-09-14,Øresund,dél,Tanker,257600000,7.8,129.0,20.0
2026-09-14,Øresund,dél,Teherhajó,257737000,6.4,86.0,16.0
2026-09-14,Øresund,dél,Teherhajó,257782000,6.6,116.0,16.0
2026-09-14,Øresund,dél,Teherhajó,258622000,5.6,101.0,17.0
2026-09-14,Øresund,dél,Teherhajó,258763000,6.2,94.0,15.0
2026-09-14,Øresund,dél,Teherhajó,265039000,6.9,242.0,36.0
2026-09-14,Øresund,dél,Tanker,266476000,6.5,119.0,17.0
2026-09-14,Øresund,dél,Teherhajó,273294170,3.4,141.0,17.0
2026-09-14,Øresund,dél,Teherhajó,273315800,2.4,109.0,15.0
2026-09-14,Øresund,dél,Teherhajó,273351360,3.9,128.0,17.0
2026-09-14,Øresund,dél,Teherhajó,305305000,5.2,146.0,18.0
2026-09-14,Øresund,észak,Teherhajó,305530000,6.5,176.0,26.0
2026-09-14,Øresund,dél,Teherhajó,305581000,5.4,81.0,12.0
2026-09-14,Øresund,dél,Teherhajó,305804000,5.8,90.0,14.0
2026-09-14,Øresund,dél,Teherhajó,352001472,6.5,186.0,30.0
2026-09-14,Øresund,észak,Teherhajó,352002808,6.9,146.0,18.0
2026-09-14,Øresund,dél,Teherhajó,352004173,7.4,225.0,32.0
2026-09-14,Øresund,dél,Teherhajó,352469000,6.8,199.0,32.0
2026-09-14,Øresund,észak,Teherhajó,355351000,6.1,139.0,23.0
2026-09-14,Øresund,dél,Teherhajó,355390000,4.7,100.0,20.0
2026-09-14,Øresund,dél,Teherhajó,357321000,6.3,190.0,31.0
2026-09-14,Øresund,dél,Teherhajó,538007176,6.9,190.0,32.0
2026-09-14,Øresund,észak,Tanker,538010289,7.0,180.0,30.0
2026-09-14,Øresund,dél,Teherhajó,538010700,6.6,190.0,32.0
2026-09-14,Øresund,dél,Teherhajó,538011137,6.3,180.0,30.0
2026-09-14,Øresund,észak,Tanker,538011362,4.6,100.0,17.0
2026-09-14,Øresund,dél,Teherhajó,538012668,6.5,190.0,33.0
2026-09-14,Øresund,észak,Teherhajó,636020651,6.4,229.0,32.0
2026-09-14,Øresund,dél,Tanker,636022088,6.2,137.0,20.0
2026-09-14,Øresund,észak,Teherhajó,636025205,7.6,199.0,32.0
2026-09-14,Øresund,dél,Teherhajó,636026417,7.9,141.0,23.0
2026-09-14,Øresund,észak,Teherhajó,636026417,7.9,141.0,23.0
2026-09-15,Nagy-Balti-öv,észak,Teherhajó,209535000,3.9,90.0,13.0
2026-09-15,Nagy-Balti-öv,dél,Tanker,219775000,8.9,147.0,22.0
2026-09-15,Nagy-Balti-öv,dél,Teherhajó,229648000,12.2,255.0,37.0
2026-09-15,Nagy-Balti-öv,dél,Teherhajó,230642000,5.8,187.0,27.0
2026-09-15,Nagy-Balti-öv,dél,Tanker,230690000,9.6,156.0,24.0
2026-09-15,Nagy-Balti-öv,dél,Teherhajó,231613000,4.8,73.0,12.0
2026-09-15,Nagy-Balti-öv,dél,Teherhajó,246140000,3.8,83.0,13.0
2026-09-15,Nagy-Balti-öv,észak,Teherhajó,255806363,7.6,140.0,23.0
2026-09-15,Nagy-Balti-öv,észak,Teherhajó,255915748,4.7,89.0,12.0
2026-09-15,Nagy-Balti-öv,dél,Teherhajó,255916313,8.0,148.0,27.0
2026-09-15,Nagy-Balti-öv,észak,Tanker,257206000,4.0,82.0,12.0
2026-09-15,Nagy-Balti-öv,dél,Tanker,257374000,8.5,140.0,22.0
2026-09-15,Nagy-Balti-öv,dél,Teherhajó,259143000,6.4,119.0,16.0
2026-09-15,Nagy-Balti-öv,észak,Teherhajó,266247000,7.2,190.0,26.0
2026-09-15,Nagy-Balti-öv,észak,Tanker,273120230,14.7,240.0,42.0
2026-09-15,Nagy-Balti-öv,észak,Tanker,273278360,8.7,244.0,42.0
2026-09-15,Nagy-Balti-öv,dél,Tanker,275541000,5.3,92.0,16.0
2026-09-15,Nagy-Balti-öv,észak,Teherhajó,305211000,5.8,95.0,14.0
2026-09-15,Nagy-Balti-öv,dél,Teherhajó,305287000,7.8,133.0,23.0
2026-09-15,Nagy-Balti-öv,dél,Teherhajó,311000788,8.3,152.0,23.0
2026-09-15,Nagy-Balti-öv,dél,Teherhajó,311000851,10.4,189.0,26.0
2026-09-15,Nagy-Balti-öv,észak,Teherhajó,311000973,8.3,150.0,22.0
2026-09-15,Nagy-Balti-öv,észak,Teherhajó,311001619,9.5,199.0,30.0
2026-09-15,Nagy-Balti-öv,észak,Tanker,311001729,13.1,228.0,32.0
2026-09-15,Nagy-Balti-öv,dél,Teherhajó,311001822,7.9,123.0,17.0
2026-09-15,Nagy-Balti-öv,dél,Teherhajó,314471000,4.9,83.0,11.0
2026-09-15,Nagy-Balti-öv,észak,Teherhajó,314910000,14.8,229.0,38.0
2026-09-15,Nagy-Balti-öv,észak,Teherhajó,341661002,9.3,153.0,24.0
2026-09-15,Nagy-Balti-öv,dél,Teherhajó,341698001,6.3,172.0,27.0
2026-09-15,Nagy-Balti-öv,dél,Teherhajó,352004362,9.9,159.0,24.0
2026-09-15,Nagy-Balti-öv,észak,Teherhajó,352005552,14.1,230.0,38.0
2026-09-15,Nagy-Balti-öv,dél,Tanker,477043500,9.0,247.0,44.0
2026-09-15,Nagy-Balti-öv,észak,Tanker,538008271,8.0,183.0,32.0
2026-09-15,Nagy-Balti-öv,dél,Tanker,538012581,11.1,183.0,32.0
2026-09-15,Nagy-Balti-öv,észak,Tanker,538012620,14.8,240.0,42.0
2026-09-15,Nagy-Balti-öv,észak,Tanker,563271200,10.8,183.0,32.0
2026-09-15,Nagy-Balti-öv,észak,Tanker,636013381,14.8,274.0,50.0
2026-09-15,Nagy-Balti-öv,észak,Teherhajó,636018326,9.6,216.0,27.0
2026-09-15,Nagy-Balti-öv,észak,Tanker,636019055,14.7,250.0,44.0
2026-09-15,Nagy-Balti-öv,észak,Teherhajó,636019773,14.5,225.0,32.0
2026-09-15,Nagy-Balti-öv,észak,Teherhajó,636021274,10.2,180.0,30.0
2026-09-15,Nagy-Balti-öv,észak,Teherhajó,636021532,14.2,229.0,32.0
2026-09-15,Nagy-Balti-öv,dél,Tanker,636022218,13.9,250.0,44.0
2026-09-15,Nagy-Balti-öv,észak,Tanker,636022668,11.4,183.0,27.0
2026-09-15,Nagy-Balti-öv,dél,Tanker,636022881,10.6,183.0,32.0
2026-09-15,Nagy-Balti-öv,észak,Tanker,636024998,15.0,274.0,48.0
2026-09-15,Nagy-Balti-öv,észak,Teherhajó,636025479,10.5,179.0,29.0
2026-09-15,Nagy-Balti-öv,dél,Teherhajó,636025801,5.3,169.0,25.0
2026-09-15,Nagy-Balti-öv,észak,Teherhajó,636025868,9.7,177.0,28.0
2026-09-15,Nagy-Balti-öv,észak,Teherhajó,636093238,10.4,179.0,32.0
2026-09-15,Nagy-Balti-öv,dél,Teherhajó,636093435,10.0,181.0,23.0
2026-09-15,Nagy-Balti-öv,dél,Teherhajó,667002505,8.6,142.0,23.0
2026-09-15,Øresund,dél,Teherhajó,209681000,3.2,90.0,13.0
2026-09-15,Øresund,dél,Teherhajó,209850000,5.9,140.0,22.0
2026-09-15,Øresund,észak,Teherhajó,211265530,6.3,100.0,19.0
2026-09-15,Øresund,dél,Teherhajó,211317180,5.0,100.0,17.0
2026-09-15,Øresund,észak,Teherhajó,212963000,6.0,152.0,24.0
2026-09-15,Øresund,észak,Tanker,215211000,6.4,104.0,17.0
2026-09-15,Øresund,dél,Teherhajó,218816000,7.7,135.0,23.0
2026-09-15,Øresund,észak,Tanker,219222000,5.9,130.0,20.0
2026-09-15,Øresund,észak,Tanker,219554000,6.3,130.0,20.0
2026-09-15,Øresund,dél,Teherhajó,229344000,6.4,95.0,13.0
2026-09-15,Øresund,dél,Teherhajó,244557000,3.4,89.0,12.0
2026-09-15,Øresund,észak,Teherhajó,244790608,5.2,111.0,17.0
2026-09-15,Øresund,észak,Teherhajó,246671000,7.0,169.0,25.0
2026-09-15,Øresund,dél,Teherhajó,246846000,5.0,145.0,16.0
2026-09-15,Øresund,észak,Tanker,246878000,5.9,155.0,22.0
2026-09-15,Øresund,észak,Tanker,249223000,5.3,100.0,18.0
2026-09-15,Øresund,dél,Teherhajó,255806139,6.1,116.0,17.0
2026-09-15,Øresund,észak,Teherhajó,255915585,5.3,89.0,12.0
2026-09-15,Øresund,dél,Teherhajó,255916028,7.5,120.0,16.0
2026-09-15,Øresund,dél,Teherhajó,256794000,8.8,229.0,32.0
2026-09-15,Øresund,észak,Teherhajó,257056010,4.2,90.0,14.0
2026-09-15,Øresund,dél,Teherhajó,257076220,3.9,89.0,13.0
2026-09-15,Øresund,észak,Tanker,257086660,7.0,100.0,17.0
2026-09-15,Øresund,dél,Tanker,265056000,4.5,67.0,12.0
2026-09-15,Øresund,észak,Tanker,265056000,4.5,67.0,12.0
2026-09-15,Øresund,dél,Teherhajó,265411000,6.4,161.0,24.0
2026-09-15,Øresund,dél,Tanker,265610040,6.2,80.0,14.0
2026-09-15,Øresund,dél,Teherhajó,268251601,2.3,79.0,10.0
2026-09-15,Øresund,dél,Teherhajó,273292860,3.4,140.0,17.0
2026-09-15,Øresund,dél,Teherhajó,273316430,3.8,128.0,16.0
2026-09-15,Øresund,észak,Teherhajó,305078000,5.3,90.0,12.0
2026-09-15,Øresund,észak,Teherhajó,311000834,7.3,149.0,22.0
2026-09-15,Øresund,dél,Teherhajó,314500000,5.3,95.0,13.0
2026-09-15,Øresund,dél,Teherhajó,314661000,4.7,122.0,16.0
2026-09-15,Øresund,dél,Teherhajó,355135000,6.7,190.0,31.0
2026-09-15,Øresund,dél,Teherhajó,373923000,6.7,180.0,28.0
2026-09-15,Øresund,dél,Teherhajó,538010036,7.1,229.0,38.0
2026-09-15,Øresund,észak,Tanker,563326600,4.2,99.0,18.0
2026-09-15,Øresund,észak,Teherhajó,636019915,7.2,229.0,32.0
2026-09-15,Øresund,dél,Teherhajó,636021805,6.3,180.0,30.0
2026-09-15,Øresund,dél,Teherhajó,636023944,7.7,172.0,28.0
2026-09-15,Øresund,dél,Teherhajó,636025526,6.8,180.0,30.0
2026-09-15,Øresund,dél,Teherhajó,636025693,6.9,235.0,38.0
2026-09-16,Nagy-Balti-öv,észak,Teherhajó,210704000,5.7,90.0,13.0
2026-09-16,Nagy-Balti-öv,dél,Teherhajó,212963000,6.0,152.0,24.0
2026-09-16,Nagy-Balti-öv,észak,Teherhajó,231613000,4.8,73.0,12.0
2026-09-16,Nagy-Balti-öv,dél,Tanker,231894000,8.9,144.0,23.0
2026-09-16,Nagy-Balti-öv,dél,Teherhajó,231908000,3.6,86.0,12.0
2026-09-16,Nagy-Balti-öv,észak,Tanker,240955000,9.3,274.0,50.0
2026-09-16,Nagy-Balti-öv,dél,Tanker,241875000,14.9,250.0,44.0
2026-09-16,Nagy-Balti-öv,észak,Tanker,241987000,9.5,295.0,47.0
2026-09-16,Nagy-Balti-öv,észak,Tanker,248024000,9.0,250.0,44.0
2026-09-16,Nagy-Balti-öv,észak,Teherhajó,249397000,10.5,189.0,33.0
2026-09-16,Nagy-Balti-öv,dél,Teherhajó,255769000,5.8,107.0,15.0
2026-09-16,Nagy-Balti-öv,dél,Tanker,255806025,14.5,274.0,48.0
2026-09-16,Nagy-Balti-öv,dél,Teherhajó,255806513,8.5,168.0,25.0
2026-09-16,Nagy-Balti-öv,dél,Teherhajó,255915748,3.2,89.0,12.0
2026-09-16,Nagy-Balti-öv,észak,Teherhajó,255916590,7.9,168.0,26.0
2026-09-16,Nagy-Balti-öv,észak,Teherhajó,256882000,10.1,205.0,30.0
2026-09-16,Nagy-Balti-öv,dél,Teherhajó,258809000,6.4,90.0,14.0
2026-09-16,Nagy-Balti-öv,észak,Teherhajó,258809000,6.4,90.0,14.0
2026-09-16,Nagy-Balti-öv,észak,Tanker,265062000,9.2,149.0,23.0
2026-09-16,Nagy-Balti-öv,dél,Tanker,273279660,7.6,,
2026-09-16,Nagy-Balti-öv,észak,Teherhajó,273611080,10.5,175.0,27.0
2026-09-16,Nagy-Balti-öv,észak,Teherhajó,275516000,3.6,81.0,12.0
2026-09-16,Nagy-Balti-öv,dél,Teherhajó,304482000,3.9,85.0,13.0
2026-09-16,Nagy-Balti-öv,dél,Teherhajó,304819000,10.5,190.0,29.0
2026-09-16,Nagy-Balti-öv,dél,Teherhajó,305055000,6.9,139.0,22.0
2026-09-16,Nagy-Balti-öv,dél,Teherhajó,305162000,8.5,107.0,18.0
2026-09-16,Nagy-Balti-öv,észak,Teherhajó,305426000,6.6,176.0,26.0
2026-09-16,Nagy-Balti-öv,észak,Tanker,311000820,8.5,237.0,44.0
2026-09-16,Nagy-Balti-öv,észak,Teherhajó,311001354,8.6,200.0,38.0
2026-09-16,Nagy-Balti-öv,észak,Teherhajó,311001800,5.7,91.0,14.0
2026-09-16,Nagy-Balti-öv,észak,Teherhajó,311001815,3.4,88.0,13.0
2026-09-16,Nagy-Balti-öv,észak,Tanker,311001971,10.4,183.0,28.0
2026-09-16,Nagy-Balti-öv,dél,Tanker,311002426,11.0,183.0,32.0
2026-09-16,Nagy-Balti-öv,dél,Teherhajó,314789000,8.6,152.0,23.0
2026-09-16,Nagy-Balti-öv,dél,Teherhajó,341810000,5.5,80.0,12.0
2026-09-16,Nagy-Balti-öv,észak,Teherhajó,351074000,8.6,190.0,30.0
2026-09-16,Nagy-Balti-öv,észak,Tanker,352005852,14.9,247.0,42.0
2026-09-16,Nagy-Balti-öv,dél,Teherhajó,352006227,13.9,199.0,32.0
2026-09-16,Nagy-Balti-öv,dél,Teherhajó,352006953,9.7,212.0,33.0
2026-09-16,Nagy-Balti-öv,észak,Teherhajó,354668000,10.4,180.0,28.0
2026-09-16,Nagy-Balti-öv,észak,Teherhajó,356792000,8.4,136.0,18.0
2026-09-16,Nagy-Balti-öv,észak,Teherhajó,357988000,13.3,316.0,46.0
2026-09-16,Nagy-Balti-öv,dél,Teherhajó,373004000,12.9,366.0,48.0
2026-09-16,Nagy-Balti-öv,dél,Teherhajó,374819000,8.1,100.0,20.0
2026-09-16,Nagy-Balti-öv,dél,Teherhajó,376908000,11.2,232.0,32.0
2026-09-16,Nagy-Balti-öv,észak,Teherhajó,538090739,10.9,229.0,32.0
2026-09-16,Nagy-Balti-öv,dél,Tanker,563340300,10.1,180.0,29.0
2026-09-16,Nagy-Balti-öv,észak,Teherhajó,566059000,8.2,163.0,26.0
2026-09-16,Nagy-Balti-öv,észak,Teherhajó,567618000,12.7,190.0,32.0
2026-09-16,Nagy-Balti-öv,észak,Tanker,630001042,4.4,75.0,13.0
2026-09-16,Nagy-Balti-öv,észak,Tanker,636017797,10.1,183.0,41.0
2026-09-16,Nagy-Balti-öv,észak,Tanker,636018308,15.0,274.0,48.0
2026-09-16,Nagy-Balti-öv,dél,Teherhajó,636019819,12.6,199.0,32.0
2026-09-16,Nagy-Balti-öv,észak,Tanker,636021358,9.6,183.0,32.0
2026-09-16,Nagy-Balti-öv,észak,Teherhajó,636021598,11.2,181.0,30.0
2026-09-16,Nagy-Balti-öv,dél,Teherhajó,636023917,8.3,229.0,32.0
2026-09-16,Nagy-Balti-öv,dél,Teherhajó,636026417,7.8,141.0,23.0
2026-09-16,Nagy-Balti-öv,észak,Teherhajó,667002347,10.0,172.0,32.0
2026-09-16,Øresund,dél,Teherhajó,209014000,3.7,88.0,12.0
2026-09-16,Øresund,dél,Teherhajó,209325000,3.5,88.0,13.0
2026-09-16,Øresund,dél,Teherhajó,209525000,6.1,90.0,13.0
2026-09-16,Øresund,dél,Teherhajó,209536000,6.0,90.0,13.0
2026-09-16,Øresund,észak,Teherhajó,209681000,5.8,90.0,13.0
2026-09-16,Øresund,dél,Teherhajó,209903000,4.6,113.0,15.0
2026-09-16,Øresund,észak,Teherhajó,209938000,4.6,82.0,11.0
2026-09-16,Øresund,dél,Tanker,210727000,6.3,122.0,16.0
2026-09-16,Øresund,észak,Teherhajó,210852000,6.4,90.0,14.0
2026-09-16,Øresund,dél,Teherhajó,211870240,7.0,159.0,22.0
2026-09-16,Øresund,észak,Teherhajó,212821000,5.0,85.0,13.0
2026-09-16,Øresund,dél,Teherhajó,212882000,5.4,100.0,20.0
2026-09-16,Øresund,észak,Tanker,219008000,6.8,147.0,22.0
2026-09-16,Øresund,észak,Tanker,219029722,6.8,147.0,22.0
2026-09-16,Øresund,dél,Teherhajó,230941700,4.0,105.0,19.0
2026-09-16,Øresund,dél,Teherhajó,231836000,10.0,179.0,31.0
2026-09-16,Øresund,észak,Teherhajó,231836000,10.0,179.0,31.0
2026-09-16,Øresund,észak,Tanker,235089284,6.8,91.0,16.0
2026-09-16,Øresund,észak,Teherhajó,244972000,5.3,88.0,14.0
2026-09-16,Øresund,észak,Teherhajó,245909000,5.3,90.0,13.0
2026-09-16,Øresund,dél,Teherhajó,246125000,6.0,89.0,14.0
2026-09-16,Øresund,dél,Teherhajó,246542000,5.1,90.0,13.0
2026-09-16,Øresund,dél,Teherhajó,255738000,7.1,169.0,28.0
2026-09-16,Øresund,észak,Teherhajó,255738000,7.1,169.0,28.0
2026-09-16,Øresund,dél,Tanker,255806226,6.4,118.0,18.0
2026-09-16,Øresund,dél,Teherhajó,255915584,5.4,89.0,12.0
2026-09-16,Øresund,észak,Teherhajó,255916028,4.7,120.0,16.0
2026-09-16,Øresund,észak,Teherhajó,255916493,5.5,89.0,13.0
2026-09-16,Øresund,észak,Teherhajó,257306000,4.8,147.0,19.0
2026-09-16,Øresund,dél,Teherhajó,257527000,7.5,199.0,31.0
2026-09-16,Øresund,dél,Teherhajó,257673000,5.9,103.0,16.0
2026-09-16,Øresund,dél,Teherhajó,258227000,6.4,87.0,15.0
2026-09-16,Øresund,észak,Teherhajó,258622000,5.1,101.0,17.0
2026-09-16,Øresund,észak,Teherhajó,258763000,4.2,94.0,15.0
2026-09-16,Øresund,dél,Tanker,265062000,9.2,149.0,23.0
2026-09-16,Øresund,dél,Tanker,266473000,6.0,87.0,13.0
2026-09-16,Øresund,észak,Teherhajó,268246900,5.4,88.0,12.0
2026-09-16,Øresund,dél,Teherhajó,273314430,3.6,128.0,16.0
2026-09-16,Øresund,dél,Teherhajó,305094000,3.4,82.0,11.0
2026-09-16,Øresund,dél,Teherhajó,305211000,4.8,95.0,14.0
2026-09-16,Øresund,észak,Teherhajó,305764000,3.6,88.0,12.0
2026-09-16,Øresund,dél,Teherhajó,312099000,6.5,190.0,31.0
2026-09-16,Øresund,dél,Teherhajó,341303002,3.0,88.0,12.0
2026-09-16,Øresund,dél,Teherhajó,352003737,6.4,190.0,31.0
2026-09-16,Øresund,dél,Teherhajó,538005945,6.1,181.0,30.0
2026-09-16,Øresund,dél,Teherhajó,538006604,7.0,200.0,32.0
2026-09-16,Øresund,dél,Teherhajó,636015430,6.4,207.0,32.0
2026-09-16,Øresund,észak,Tanker,636016407,6.5,184.0,32.0
2026-09-16,Øresund,észak,Teherhajó,636023944,7.7,172.0,28.0
2026-09-17,Nagy-Balti-öv,észak,Teherhajó,212357000,10.0,184.0,25.0
2026-09-17,Nagy-Balti-öv,dél,Teherhajó,219136000,9.0,200.0,36.0
2026-09-17,Nagy-Balti-öv,dél,Tanker,219814000,9.1,147.0,22.0
2026-09-17,Nagy-Balti-öv,észak,Tanker,229767000,9.8,288.0,44.0
2026-09-17,Nagy-Balti-öv,észak,Teherhajó,235090537,9.7,153.0,24.0
2026-09-17,Nagy-Balti-öv,észak,Teherhajó,235094625,8.5,124.0,17.0
2026-09-17,Nagy-Balti-öv,észak,Teherhajó,245230000,7.6,150.0,15.0
2026-09-17,Nagy-Balti-öv,észak,Tanker,245286000,5.2,116.0,16.0
2026-09-17,Nagy-Balti-öv,dél,Teherhajó,245578000,6.8,168.0,25.0
2026-09-17,Nagy-Balti-öv,dél,Teherhajó,246518000,5.0,105.0,16.0
2026-09-17,Nagy-Balti-öv,észak,Teherhajó,255769000,4.2,107.0,15.0
2026-09-17,Nagy-Balti-öv,észak,Teherhajó,255806352,7.4,141.0,22.0
2026-09-17,Nagy-Balti-öv,észak,Teherhajó,255915668,5.8,90.0,13.0
2026-09-17,Nagy-Balti-öv,észak,Tanker,256371000,13.4,250.0,44.0
2026-09-17,Nagy-Balti-öv,észak,Teherhajó,256629000,13.6,200.0,32.0
2026-09-17,Nagy-Balti-öv,dél,Teherhajó,257207000,6.5,90.0,14.0
2026-09-17,Nagy-Balti-öv,észak,Teherhajó,257207000,6.5,90.0,14.0
2026-09-17,Nagy-Balti-öv,dél,Teherhajó,258114000,6.2,90.0,16.0
2026-09-17,Nagy-Balti-öv,dél,Teherhajó,258648000,6.6,110.0,15.0
2026-09-17,Nagy-Balti-öv,dél,Tanker,265063000,9.0,149.0,23.0
2026-09-17,Nagy-Balti-öv,észak,Tanker,266466000,5.6,129.0,20.0
2026-09-17,Nagy-Balti-öv,dél,Teherhajó,271043190,4.0,97.0,12.0
2026-09-17,Nagy-Balti-öv,észak,Teherhajó,273115700,3.7,108.0,14.0
2026-09-17,Nagy-Balti-öv,dél,Tanker,273121430,8.0,248.0,43.0
2026-09-17,Nagy-Balti-öv,dél,Tanker,273123530,8.5,245.0,42.0
2026-09-17,Nagy-Balti-öv,észak,Teherhajó,273218630,7.7,139.0,20.0
2026-09-17,Nagy-Balti-öv,dél,Tanker,273257030,8.0,244.0,42.0
2026-09-17,Nagy-Balti-öv,észak,Tanker,273271260,13.7,274.0,48.0
2026-09-17,Nagy-Balti-öv,észak,Teherhajó,304819000,6.8,190.0,29.0
2026-09-17,Nagy-Balti-öv,dél,Teherhajó,311001800,4.0,91.0,14.0
2026-09-17,Nagy-Balti-öv,észak,Tanker,314153000,14.8,274.0,48.0
2026-09-17,Nagy-Balti-öv,észak,Teherhajó,341299002,5.2,92.0,14.0
2026-09-17,Nagy-Balti-öv,észak,Teherhajó,341810000,3.1,80.0,12.0
2026-09-17,Nagy-Balti-öv,dél,Teherhajó,352001585,12.2,200.0,32.0
2026-09-17,Nagy-Balti-öv,észak,Teherhajó,353738000,14.6,245.0,43.0
2026-09-17,Nagy-Balti-öv,dél,Teherhajó,354537000,10.4,237.0,32.0
2026-09-17,Nagy-Balti-öv,észak,Tanker,356131000,5.7,124.0,20.0
2026-09-17,Nagy-Balti-öv,dél,Teherhajó,356639000,10.2,190.0,30.0
2026-09-17,Nagy-Balti-öv,dél,Teherhajó,366479000,8.8,265.0,32.0
2026-09-17,Nagy-Balti-öv,dél,Tanker,461000232,9.3,273.0,48.0
2026-09-17,Nagy-Balti-öv,dél,Tanker,461000238,8.6,250.0,44.0
2026-09-17,Nagy-Balti-öv,észak,Tanker,461001004,11.6,300.0,46.0
2026-09-17,Nagy-Balti-öv,dél,Teherhajó,477151900,8.9,180.0,32.0
2026-09-17,Nagy-Balti-öv,dél,Teherhajó,538006603,12.6,190.0,32.0
2026-09-17,Nagy-Balti-öv,észak,Tanker,538009055,8.3,237.0,44.0
2026-09-17,Nagy-Balti-öv,észak,Teherhajó,538011895,10.2,200.0,32.0
2026-09-17,Nagy-Balti-öv,dél,Tanker,538012985,8.8,274.0,48.0
2026-09-17,Nagy-Balti-öv,észak,Teherhajó,566523000,14.4,224.0,32.0
2026-09-17,Nagy-Balti-öv,észak,Teherhajó,577427000,14.4,225.0,32.0
2026-09-17,Nagy-Balti-öv,észak,Teherhajó,636023197,7.8,200.0,33.0
2026-09-17,Nagy-Balti-öv,dél,Teherhajó,636024582,8.6,175.0,27.0
2026-09-17,Nagy-Balti-öv,dél,Tanker,636025413,8.8,250.0,44.0
2026-09-17,Nagy-Balti-öv,észak,Teherhajó,636091995,7.3,208.0,30.0
2026-09-17,Nagy-Balti-öv,észak,Teherhajó,636093369,10.8,180.0,32.0
2026-09-17,Øresund,észak,Teherhajó,209850000,5.7,140.0,22.0
2026-09-17,Øresund,dél,Teherhajó,211284350,5.1,100.0,17.0
2026-09-17,Øresund,észak,Teherhajó,211317180,7.4,100.0,17.0
2026-09-17,Øresund,észak,Teherhajó,212882000,5.4,100.0,20.0
2026-09-17,Øresund,dél,Teherhajó,215312000,7.0,190.0,32.0
2026-09-17,Øresund,észak,Teherhajó,218816000,7.0,135.0,23.0
2026-09-17,Øresund,dél,Tanker,220018000,3.8,78.0,13.0
2026-09-17,Øresund,észak,Teherhajó,230042000,5.5,134.0,20.0
2026-09-17,Øresund,dél,Teherhajó,230050000,5.4,95.0,13.0
2026-09-17,Øresund,dél,Teherhajó,231815000,4.3,105.0,14.0
2026-09-17,Øresund,észak,Tanker,231875000,6.2,144.0,23.0
2026-09-17,Øresund,dél,Teherhajó,236306000,4.9,90.0,14.0
2026-09-17,Øresund,dél,Tanker,241190000,6.8,183.0,32.0
2026-09-17,Øresund,észak,Teherhajó,245266000,6.4,115.0,17.0
2026-09-17,Øresund,dél,Teherhajó,250005461,5.4,149.0,19.0
2026-09-17,Øresund,észak,Teherhajó,255915819,6.9,225.0,32.0
2026-09-17,Øresund,észak,Teherhajó,255915849,6.5,89.0,16.0
2026-09-17,Øresund,dél,Teherhajó,255915932,2.7,88.0,13.0
2026-09-17,Øresund,észak,Teherhajó,255915954,4.7,88.0,13.0
2026-09-17,Øresund,észak,Teherhajó,255916022,6.6,98.0,16.0
2026-09-17,Øresund,dél,Teherhajó,255916493,3.6,89.0,13.0
2026-09-17,Øresund,dél,Teherhajó,257141000,5.4,88.0,13.0
2026-09-17,Øresund,dél,Teherhajó,257203000,5.9,90.0,15.0
2026-09-17,Øresund,észak,Tanker,257600000,6.3,129.0,20.0
2026-09-17,Øresund,dél,Tanker,257643000,6.3,104.0,16.0
2026-09-17,Øresund,észak,Teherhajó,257836000,4.6,88.0,13.0
2026-09-17,Øresund,észak,Tanker,257970000,6.3,147.0,22.0
2026-09-17,Øresund,észak,Teherhajó,265413000,6.7,170.0,24.0
2026-09-17,Øresund,dél,Tanker,266468000,7.3,119.0,17.0
2026-09-17,Øresund,dél,Teherhajó,268246900,3.2,88.0,12.0
2026-09-17,Øresund,dél,Teherhajó,305042300,5.3,169.0,27.0
2026-09-17,Øresund,észak,Teherhajó,305581000,4.8,81.0,12.0
2026-09-17,Øresund,dél,Teherhajó,311000712,6.7,115.0,18.0
2026-09-17,Øresund,észak,Teherhajó,314019000,4.6,83.0,11.0
2026-09-17,Øresund,észak,Teherhajó,341303002,4.0,88.0,12.0
2026-09-17,Øresund,dél,Teherhajó,351639000,8.0,172.0,28.0
2026-09-17,Øresund,észak,Teherhajó,351639000,8.0,172.0,28.0
2026-09-17,Øresund,dél,Teherhajó,352003644,6.4,186.0,30.0
2026-09-17,Øresund,dél,Tanker,352003888,6.5,176.0,31.0
2026-09-17,Øresund,dél,Teherhajó,353381000,6.4,190.0,32.0
2026-09-17,Øresund,észak,Teherhajó,372154000,7.3,229.0,32.0
2026-09-17,Øresund,dél,Teherhajó,477238600,7.0,225.0,32.0
2026-09-17,Øresund,dél,Tanker,525121121,7.5,182.0,27.0
2026-09-17,Øresund,dél,Tanker,563243800,6.2,149.0,24.0
2026-09-17,Øresund,dél,Teherhajó,636013281,7.2,225.0,32.0
2026-09-17,Øresund,dél,Teherhajó,636021980,7.0,229.0,38.0
2026-09-18,Nagy-Balti-öv,észak,Teherhajó,209184000,10.1,186.0,27.0
2026-09-18,Nagy-Balti-öv,dél,Teherhajó,210771000,14.8,229.0,32.0
2026-09-18,Nagy-Balti-öv,észak,Teherhajó,211141000,7.7,134.0,23.0
2026-09-18,Nagy-Balti-öv,észak,Teherhajó,218805000,3.3,90.0,15.0
2026-09-18,Nagy-Balti-öv,észak,Teherhajó,219002392,2.8,81.0,11.0
2026-09-18,Nagy-Balti-öv,észak,Teherhajó,220490000,3.0,24.0,8.0
2026-09-18,Nagy-Balti-öv,észak,Teherhajó,230617000,6.1,218.0,27.0
2026-09-18,Nagy-Balti-öv,dél,Teherhajó,230617000,6.1,218.0,27.0
2026-09-18,Nagy-Balti-öv,észak,Tanker,230687000,8.5,250.0,44.0
2026-09-18,Nagy-Balti-öv,dél,Tanker,241455000,12.8,250.0,44.0
2026-09-18,Nagy-Balti-öv,dél,Teherhajó,244830430,5.5,173.0,42.0
2026-09-18,Nagy-Balti-öv,észak,Teherhajó,246302000,9.4,142.0,20.0
2026-09-18,Nagy-Balti-öv,észak,Teherhajó,246456000,10.1,168.0,24.0
2026-09-18,Nagy-Balti-öv,észak,Teherhajó,249529000,11.7,200.0,33.0
2026-09-18,Nagy-Balti-öv,észak,Teherhajó,255805993,5.2,88.0,12.0
2026-09-18,Nagy-Balti-öv,dél,Teherhajó,255806363,7.2,140.0,23.0
2026-09-18,Nagy-Balti-öv,dél,Teherhajó,255915668,2.9,90.0,13.0
2026-09-18,Nagy-Balti-öv,észak,Teherhajó,255916077,5.4,89.0,16.0
2026-09-18,Nagy-Balti-öv,dél,Teherhajó,255916296,8.5,107.0,18.0
2026-09-18,Nagy-Balti-öv,észak,Teherhajó,255916314,7.4,148.0,27.0
2026-09-18,Nagy-Balti-öv,észak,Teherhajó,256680000,10.9,190.0,32.0
2026-09-18,Nagy-Balti-öv,dél,Teherhajó,258009780,4.2,88.0,12.0
2026-09-18,Nagy-Balti-öv,észak,Teherhajó,258009780,4.2,88.0,12.0
2026-09-18,Nagy-Balti-öv,észak,Teherhajó,258648000,4.5,110.0,15.0
2026-09-18,Nagy-Balti-öv,dél,Teherhajó,258761000,6.1,110.0,15.0
2026-09-18,Nagy-Balti-öv,észak,Teherhajó,271042643,9.9,179.0,28.0
2026-09-18,Nagy-Balti-öv,észak,Tanker,273125530,14.7,250.0,44.0
2026-09-18,Nagy-Balti-öv,dél,Tanker,273129220,8.0,244.0,42.0
2026-09-18,Nagy-Balti-öv,észak,Tanker,273254770,6.9,170.0,24.0
2026-09-18,Nagy-Balti-öv,dél,Tanker,311000766,13.5,228.0,42.0
2026-09-18,Nagy-Balti-öv,észak,Tanker,311001938,8.3,140.0,22.0
2026-09-18,Nagy-Balti-öv,dél,Tanker,311073800,9.5,274.0,48.0
2026-09-18,Nagy-Balti-öv,dél,Teherhajó,311818000,4.3,82.0,11.0
2026-09-18,Nagy-Balti-öv,dél,Teherhajó,314986000,6.1,190.0,33.0
2026-09-18,Nagy-Balti-öv,dél,Teherhajó,341421002,5.3,169.0,25.0
2026-09-18,Nagy-Balti-öv,dél,Teherhajó,341425000,5.8,172.0,27.0
2026-09-18,Nagy-Balti-öv,észak,Tanker,352002508,9.6,148.0,24.0
2026-09-18,Nagy-Balti-öv,észak,Teherhajó,355953000,10.4,200.0,32.0
2026-09-18,Nagy-Balti-öv,észak,Teherhajó,373563000,11.1,176.0,28.0
2026-09-18,Nagy-Balti-öv,dél,Teherhajó,413494710,7.9,190.0,28.0
2026-09-18,Nagy-Balti-öv,dél,Teherhajó,477131300,10.6,199.0,33.0
2026-09-18,Nagy-Balti-öv,dél,Teherhajó,477886300,14.1,399.0,61.0
2026-09-18,Nagy-Balti-öv,észak,Teherhajó,538005598,14.5,225.0,33.0
2026-09-18,Nagy-Balti-öv,dél,Teherhajó,538005936,9.9,169.0,27.0
2026-09-18,Nagy-Balti-öv,észak,Teherhajó,538009609,13.0,199.0,32.0
2026-09-18,Nagy-Balti-öv,észak,Tanker,538009930,14.3,250.0,44.0
2026-09-18,Nagy-Balti-öv,dél,Teherhajó,538011851,12.8,229.0,32.0
2026-09-18,Nagy-Balti-öv,észak,Teherhajó,538012422,14.1,229.0,32.0
2026-09-18,Nagy-Balti-öv,észak,Teherhajó,566041000,7.8,162.0,27.0
2026-09-18,Nagy-Balti-öv,dél,Tanker,574005400,9.8,155.0,25.0
2026-09-18,Nagy-Balti-öv,dél,Teherhajó,636017102,12.3,300.0,48.0
2026-09-18,Nagy-Balti-öv,dél,Teherhajó,636018322,9.7,217.0,27.0
2026-09-18,Nagy-Balti-öv,dél,Tanker,636018682,9.0,250.0,44.0
2026-09-18,Nagy-Balti-öv,észak,Teherhajó,636021058,10.5,180.0,28.0
2026-09-18,Nagy-Balti-öv,dél,Tanker,636021310,13.5,250.0,44.0
2026-09-18,Nagy-Balti-öv,észak,Teherhajó,636022447,13.6,366.0,51.0
2026-09-18,Nagy-Balti-öv,dél,Tanker,636025810,8.7,250.0,44.0
2026-09-18,Nagy-Balti-öv,észak,Teherhajó,636093159,10.4,222.0,30.0
2026-09-18,Nagy-Balti-öv,észak,Teherhajó,667002348,10.4,172.0,32.0
2026-09-18,Øresund,észak,Teherhajó,209114000,4.4,89.0,12.0
2026-09-18,Øresund,dél,Tanker,209275000,4.2,117.0,20.0
2026-09-18,Øresund,dél,Teherhajó,209488000,3.6,89.0,13.0
2026-09-18,Øresund,dél,Teherhajó,209681000,3.5,90.0,13.0
2026-09-18,Øresund,dél,Teherhajó,209938000,3.0,82.0,11.0
2026-09-18,Øresund,észak,Teherhajó,210388000,6.8,133.0,16.0
2026-09-18,Øresund,észak,Teherhajó,210533000,5.6,88.0,13.0
2026-09-18,Øresund,dél,Teherhajó,211141000,7.7,134.0,23.0
2026-09-18,Øresund,dél,Teherhajó,211265530,5.4,100.0,19.0
2026-09-18,Øresund,dél,Teherhajó,212882000,4.8,100.0,20.0
2026-09-18,Øresund,észak,Tanker,215064000,5.2,88.0,15.0
2026-09-18,Øresund,észak,Tanker,219761000,7.0,183.0,32.0
2026-09-18,Øresund,észak,Teherhajó,230696000,6.7,122.0,21.0
2026-09-18,Øresund,észak,Tanker,231894000,6.2,144.0,23.0
2026-09-18,Øresund,észak,Teherhajó,245137000,5.1,83.0,13.0
2026-09-18,Øresund,dél,Teherhajó,246218000,5.5,82.0,13.0
2026-09-18,Øresund,dél,Teherhajó,246278000,5.4,121.0,21.0
2026-09-18,Øresund,dél,Tanker,246541000,6.6,116.0,15.0
2026-09-18,Øresund,dél,Tanker,248429000,11.7,183.0,32.0
2026-09-18,Øresund,dél,Teherhajó,255806048,7.4,190.0,28.0
2026-09-18,Øresund,dél,Teherhajó,255916285,3.4,89.0,12.0
2026-09-18,Øresund,észak,Teherhajó,255916493,5.6,89.0,13.0
2026-09-18,Øresund,dél,Teherhajó,255917242,6.3,89.0,16.0
2026-09-18,Øresund,észak,Teherhajó,258227000,4.6,87.0,15.0
2026-09-18,Øresund,dél,Teherhajó,261208000,5.2,56.0,11.0
2026-09-18,Øresund,észak,Tanker,265062000,6.2,149.0,23.0
2026-09-18,Øresund,észak,Tanker,265072000,8.7,130.0,22.0
2026-09-18,Øresund,észak,Tanker,265073000,7.4,147.0,22.0
2026-09-18,Øresund,dél,Tanker,266212000,4.8,80.0,14.0
2026-09-18,Øresund,észak,Tanker,266212000,4.8,80.0,14.0
2026-09-18,Øresund,észak,Tanker,266473000,6.0,87.0,13.0
2026-09-18,Øresund,észak,Tanker,266476000,5.4,119.0,17.0
2026-09-18,Øresund,észak,Teherhajó,268246900,5.4,88.0,12.0
2026-09-18,Øresund,észak,Teherhajó,275515000,4.8,82.0,12.0
2026-09-18,Øresund,észak,Teherhajó,304028000,5.2,82.0,12.0
2026-09-18,Øresund,észak,Teherhajó,304145000,5.7,90.0,14.0
2026-09-18,Øresund,dél,Teherhajó,304199000,5.2,115.0,15.0
2026-09-18,Øresund,dél,Teherhajó,304612000,4.1,116.0,16.0
2026-09-18,Øresund,dél,Teherhajó,305028300,2.5,78.0,10.0
2026-09-18,Øresund,dél,Teherhajó,305170000,3.3,81.0,13.0
2026-09-18,Øresund,dél,Teherhajó,305773000,6.6,140.0,22.0
2026-09-18,Øresund,dél,Teherhajó,305836000,6.1,129.0,16.0
2026-09-18,Øresund,dél,Teherhajó,305922000,7.2,112.0,15.0
2026-09-18,Øresund,észak,Teherhajó,308803000,6.7,148.0,25.0
2026-09-18,Øresund,észak,Teherhajó,311001899,6.5,90.0,16.0
2026-09-18,Øresund,dél,Teherhajó,311002095,6.6,190.0,32.0
2026-09-18,Øresund,dél,Tanker,314849000,6.8,228.0,32.0
2026-09-18,Øresund,dél,Teherhajó,354396000,6.7,190.0,32.0
2026-09-18,Øresund,dél,Teherhajó,372154000,7.3,229.0,32.0
2026-09-18,Øresund,dél,Teherhajó,477301600,6.5,190.0,32.0
2026-09-18,Øresund,dél,Tanker,563326600,4.5,99.0,18.0
2026-09-18,Øresund,dél,Tanker,636016683,6.5,108.0,17.0
2026-09-18,Øresund,dél,Teherhajó,636016826,6.7,170.0,28.0
2026-09-18,Øresund,dél,Teherhajó,636022047,8.9,161.0,25.0
2026-09-18,Øresund,dél,Teherhajó,636093289,6.9,180.0,32.0
2026-09-18,Øresund,dél,Teherhajó,667001522,6.5,181.0,26.0
2026-09-19,Nagy-Balti-öv,dél,Teherhajó,210935000,6.1,90.0,14.0
2026-09-19,Nagy-Balti-öv,dél,Teherhajó,212811000,7.3,100.0,16.0
2026-09-19,Nagy-Balti-öv,észak,Teherhajó,212811000,7.3,100.0,16.0
2026-09-19,Nagy-Balti-öv,dél,Teherhajó,218030270,4.8,83.0,12.0
2026-09-19,Nagy-Balti-öv,észak,Tanker,244090097,6.5,164.0,25.0
2026-09-19,Nagy-Balti-öv,dél,Teherhajó,246452000,7.0,168.0,25.0
2026-09-19,Nagy-Balti-öv,észak,Teherhajó,255806267,7.5,141.0,23.0
2026-09-19,Nagy-Balti-öv,észak,Teherhajó,255916069,3.9,99.0,13.0
2026-09-19,Nagy-Balti-öv,dél,Teherhajó,255916591,10.6,168.0,26.0
2026-09-19,Nagy-Balti-öv,észak,Teherhajó,255989000,7.0,89.0,14.0
2026-09-19,Nagy-Balti-öv,dél,Teherhajó,256708000,9.0,205.0,30.0
2026-09-19,Nagy-Balti-öv,dél,Teherhajó,256800000,7.5,205.0,30.0
2026-09-19,Nagy-Balti-öv,észak,Teherhajó,256883000,10.0,205.0,30.0
2026-09-19,Nagy-Balti-öv,észak,Tanker,257364000,5.9,90.0,14.0
2026-09-19,Nagy-Balti-öv,dél,Teherhajó,258763000,5.6,94.0,15.0
2026-09-19,Nagy-Balti-öv,dél,Tanker,258915000,9.3,160.0,26.0
2026-09-19,Nagy-Balti-öv,észak,Teherhajó,259143000,6.6,119.0,16.0
2026-09-19,Nagy-Balti-öv,dél,Teherhajó,265022000,7.6,242.0,36.0
2026-09-19,Nagy-Balti-öv,észak,Tanker,265610040,3.8,80.0,14.0
2026-09-19,Nagy-Balti-öv,észak,Teherhajó,268266701,10.2,177.0,28.0
2026-09-19,Nagy-Balti-öv,dél,Tanker,273125430,8.0,249.0,44.0
2026-09-19,Nagy-Balti-öv,észak,Teherhajó,304717000,3.2,88.0,12.0
2026-09-19,Nagy-Balti-öv,észak,Tanker,304955000,5.0,103.0,16.0
2026-09-19,Nagy-Balti-öv,dél,Teherhajó,305643000,8.3,138.0,22.0
2026-09-19,Nagy-Balti-öv,észak,Tanker,311001728,11.1,183.0,33.0
2026-09-19,Nagy-Balti-öv,észak,Teherhajó,311002275,14.0,225.0,32.0
2026-09-19,Nagy-Balti-öv,észak,Teherhajó,314772000,8.8,175.0,30.0
2026-09-19,Nagy-Balti-öv,dél,Tanker,352001786,11.5,293.0,46.0
2026-09-19,Nagy-Balti-öv,észak,Teherhajó,352004770,14.3,229.0,36.0
2026-09-19,Nagy-Balti-öv,észak,Tanker,353576000,11.3,183.0,32.0
2026-09-19,Nagy-Balti-öv,észak,Teherhajó,354327000,14.5,225.0,32.0
2026-09-19,Nagy-Balti-öv,észak,Teherhajó,355960000,10.0,170.0,27.0
2026-09-19,Nagy-Balti-öv,észak,Teherhajó,373031000,13.1,366.0,48.0
2026-09-19,Nagy-Balti-öv,észak,Teherhajó,477278300,10.3,186.0,24.0
2026-09-19,Nagy-Balti-öv,dél,Tanker,538005774,10.0,184.0,27.0
2026-09-19,Nagy-Balti-öv,észak,Teherhajó,538008033,10.9,200.0,32.0
2026-09-19,Nagy-Balti-öv,észak,Tanker,538012962,14.8,244.0,42.0
2026-09-19,Nagy-Balti-öv,dél,Tanker,564329000,13.8,244.0,42.0
2026-09-19,Nagy-Balti-öv,észak,Teherhajó,630001289,10.2,198.0,32.0
2026-09-19,Nagy-Balti-öv,dél,Teherhajó,636018491,10.1,179.0,27.0
2026-09-19,Nagy-Balti-öv,dél,Teherhajó,636020966,14.2,229.0,32.0
2026-09-19,Nagy-Balti-öv,dél,Teherhajó,636021971,6.7,177.0,28.0
2026-09-19,Nagy-Balti-öv,észak,Teherhajó,636023600,10.8,197.0,30.0
2026-09-19,Nagy-Balti-öv,észak,Teherhajó,636024608,10.9,181.0,30.0
2026-09-19,Nagy-Balti-öv,észak,Teherhajó,636026626,14.6,229.0,32.0
2026-09-19,Nagy-Balti-öv,észak,Teherhajó,636093396,13.6,229.0,32.0
2026-09-19,Nagy-Balti-öv,dél,Tanker,667002574,8.3,274.0,48.0
2026-09-19,Øresund,észak,Teherhajó,209671000,5.7,89.0,13.0
2026-09-19,Øresund,dél,Teherhajó,209730000,3.4,100.0,16.0
2026-09-19,Øresund,észak,Teherhajó,210548000,3.8,82.0,12.0
2026-09-19,Øresund,dél,Teherhajó,211317180,5.0,100.0,17.0
2026-09-19,Øresund,észak,Tanker,220018000,5.0,78.0,13.0
2026-09-19,Øresund,észak,Tanker,220614000,4.5,90.0,15.0
2026-09-19,Øresund,dél,Teherhajó,230694000,7.0,238.0,35.0
2026-09-19,Øresund,észak,Teherhajó,230700000,7.2,238.0,35.0
2026-09-19,Øresund,észak,Teherhajó,231023000,5.7,90.0,14.0
2026-09-19,Øresund,dél,Teherhajó,231921000,6.7,90.0,16.0
2026-09-19,Øresund,dél,Teherhajó,232032735,6.5,106.0,15.0
2026-09-19,Øresund,dél,Tanker,235089284,5.4,91.0,16.0
2026-09-19,Øresund,dél,Tanker,241281000,7.1,183.0,32.0
2026-09-19,Øresund,észak,Tanker,244784000,6.4,100.0,16.0
2026-09-19,Øresund,észak,Teherhajó,244828000,6.6,122.0,14.0
2026-09-19,Øresund,dél,Tanker,244994000,5.0,108.0,17.0
2026-09-19,Øresund,észak,Teherhajó,245057000,5.3,89.0,14.0
2026-09-19,Øresund,észak,Teherhajó,245882000,3.4,88.0,13.0
2026-09-19,Øresund,dél,Teherhajó,249740000,6.2,190.0,24.0
2026-09-19,Øresund,dél,Teherhajó,255805390,7.1,97.0,17.0
2026-09-19,Øresund,észak,Teherhajó,255915584,3.4,89.0,12.0
2026-09-19,Øresund,dél,Teherhajó,255916314,7.0,148.0,27.0
2026-09-19,Øresund,észak,Teherhajó,255916314,7.0,148.0,27.0
2026-09-19,Øresund,észak,Teherhajó,257035870,6.4,90.0,14.0
2026-09-19,Øresund,észak,Tanker,257643000,7.4,104.0,16.0
2026-09-19,Øresund,dél,Teherhajó,257870000,4.6,89.0,13.0
2026-09-19,Øresund,dél,Teherhajó,258006930,5.2,101.0,17.0
2026-09-19,Øresund,dél,Tanker,258715000,6.0,89.0,13.0
2026-09-19,Øresund,észak,Teherhajó,273254830,6.7,134.0,18.0
2026-09-19,Øresund,dél,Teherhajó,273330970,2.4,108.0,14.0
2026-09-19,Øresund,észak,Teherhajó,304559000,3.6,74.0,11.0
2026-09-19,Øresund,dél,Teherhajó,304964000,5.9,104.0,16.0
2026-09-19,Øresund,dél,Teherhajó,311000958,6.9,163.0,26.0
2026-09-19,Øresund,észak,Teherhajó,311001116,6.1,148.0,20.0
2026-09-19,Øresund,dél,Teherhajó,311001769,5.3,82.0,11.0
2026-09-19,Øresund,észak,Teherhajó,311001786,6.3,90.0,15.0
2026-09-19,Øresund,dél,Teherhajó,311001814,3.9,88.0,13.0
2026-09-19,Øresund,dél,Teherhajó,311001816,4.0,88.0,13.0
2026-09-19,Øresund,dél,Teherhajó,311001826,3.2,74.0,10.0
2026-09-19,Øresund,dél,Teherhajó,312000097,7.2,190.0,32.0
2026-09-19,Øresund,észak,Teherhajó,314496000,5.4,105.0,20.0
2026-09-19,Øresund,észak,Teherhajó,314875000,7.0,99.0,15.0
2026-09-19,Øresund,dél,Tanker,352001148,7.0,189.0,32.0
2026-09-19,Øresund,dél,Teherhajó,352003658,7.6,229.0,38.0
2026-09-19,Øresund,dél,Teherhajó,371549000,7.0,225.0,32.0
2026-09-19,Øresund,dél,Teherhajó,414485000,6.6,189.0,32.0
2026-09-19,Øresund,dél,Teherhajó,538004891,6.3,190.0,32.0
2026-09-19,Øresund,dél,Teherhajó,538009709,6.3,182.0,30.0
2026-09-19,Øresund,dél,Teherhajó,538010364,7.0,225.0,32.0
2026-09-19,Øresund,dél,Tanker,538011272,6.0,100.0,17.0
2026-09-19,Øresund,dél,Teherhajó,563106200,6.0,180.0,30.0
2026-09-19,Øresund,dél,Teherhajó,566211000,7.3,190.0,32.0
2026-09-19,Øresund,dél,Teherhajó,636015892,5.8,175.0,27.0
2026-09-19,Øresund,észak,Tanker,636016361,6.3,145.0,24.0
2026-09-19,Øresund,észak,Teherhajó,636022047,8.6,161.0,25.0
2026-09-19,Øresund,dél,Tanker,636025354,7.0,180.0,32.0
2026-09-19,Øresund,dél,Tanker,667002338,6.8,250.0,44.0
2026-09-20,Nagy-Balti-öv,dél,Teherhajó,215673000,9.1,190.0,32.0
2026-09-20,Nagy-Balti-öv,észak,Teherhajó,215776000,9.6,161.0,27.0
2026-09-20,Nagy-Balti-öv,észak,Teherhajó,219115000,11.8,200.0,36.0
2026-09-20,Nagy-Balti-öv,dél,Teherhajó,228499800,12.3,399.0,61.0
2026-09-20,Nagy-Balti-öv,észak,Teherhajó,229648000,10.1,255.0,37.0
2026-09-20,Nagy-Balti-öv,észak,Teherhajó,230642000,6.8,187.0,27.0
2026-09-20,Nagy-Balti-öv,észak,Teherhajó,241373000,12.1,200.0,32.0
2026-09-20,Nagy-Balti-öv,észak,Tanker,241455000,8.5,250.0,44.0
2026-09-20,Nagy-Balti-öv,észak,Tanker,241875000,9.0,250.0,44.0
2026-09-20,Nagy-Balti-öv,észak,Tanker,244870427,5.5,95.0,15.0
2026-09-20,Nagy-Balti-öv,észak,Teherhajó,246440000,4.5,88.0,13.0
2026-09-20,Nagy-Balti-öv,észak,Tanker,248891000,5.2,106.0,17.0
2026-09-20,Nagy-Balti-öv,észak,Tanker,255806025,9.4,274.0,48.0
2026-09-20,Nagy-Balti-öv,észak,Teherhajó,255806081,10.6,179.0,27.0
2026-09-20,Nagy-Balti-öv,észak,Teherhajó,255806257,10.8,179.0,28.0
2026-09-20,Nagy-Balti-öv,dél,Teherhajó,255806258,9.6,178.0,27.0
2026-09-20,Nagy-Balti-öv,dél,Teherhajó,255916027,5.6,120.0,16.0
2026-09-20,Nagy-Balti-öv,dél,Teherhajó,255916042,8.6,107.0,18.0
2026-09-20,Nagy-Balti-öv,észak,Teherhajó,255916312,8.0,148.0,27.0
2026-09-20,Nagy-Balti-öv,észak,Teherhajó,255916313,7.3,148.0,27.0
2026-09-20,Nagy-Balti-öv,észak,Tanker,257089140,9.5,277.0,46.0
2026-09-20,Nagy-Balti-öv,dél,Tanker,257206000,3.7,82.0,12.0
2026-09-20,Nagy-Balti-öv,dél,Tanker,257409000,8.9,140.0,22.0
2026-09-20,Nagy-Balti-öv,dél,Teherhajó,257488000,6.2,90.0,14.0
2026-09-20,Nagy-Balti-öv,észak,Teherhajó,258114000,3.8,90.0,16.0
2026-09-20,Nagy-Balti-öv,észak,Teherhajó,258761000,4.2,110.0,15.0
2026-09-20,Nagy-Balti-öv,dél,Teherhajó,258809000,6.3,90.0,14.0
2026-09-20,Nagy-Balti-öv,észak,Teherhajó,258809000,6.3,90.0,14.0
2026-09-20,Nagy-Balti-öv,észak,Tanker,265063000,5.9,149.0,23.0
2026-09-20,Nagy-Balti-öv,dél,Teherhajó,266247000,6.6,190.0,26.0
2026-09-20,Nagy-Balti-öv,dél,Tanker,273120630,8.2,244.0,42.0
2026-09-20,Nagy-Balti-öv,észak,Tanker,273270940,15.0,235.0,42.0
2026-09-20,Nagy-Balti-öv,észak,Tanker,273273370,15.0,244.0,42.0
2026-09-20,Nagy-Balti-öv,észak,Tanker,273397150,5.3,90.0,14.0
2026-09-20,Nagy-Balti-öv,észak,Teherhajó,305767000,7.3,129.0,17.0
2026-09-20,Nagy-Balti-öv,dél,Tanker,311001585,12.6,277.0,46.0
2026-09-20,Nagy-Balti-öv,dél,Tanker,311001594,14.2,277.0,46.0
2026-09-20,Nagy-Balti-öv,észak,Teherhajó,311062300,8.4,164.0,24.0
2026-09-20,Nagy-Balti-öv,dél,Teherhajó,352001656,7.3,199.0,32.0
2026-09-20,Nagy-Balti-öv,észak,Teherhajó,352001788,14.0,225.0,33.0
2026-09-20,Nagy-Balti-öv,észak,Tanker,352002373,8.0,183.0,32.0
2026-09-20,Nagy-Balti-öv,észak,Tanker,352005172,11.1,179.0,26.0
2026-09-20,Nagy-Balti-öv,észak,Teherhajó,352006953,9.4,212.0,33.0
2026-09-20,Nagy-Balti-öv,dél,Teherhajó,354711000,10.2,196.0,33.0
2026-09-20,Nagy-Balti-öv,észak,Teherhajó,538007515,9.9,176.0,27.0
2026-09-20,Nagy-Balti-öv,észak,Tanker,538011135,13.5,228.0,32.0
2026-09-20,Nagy-Balti-öv,észak,Teherhajó,538011781,12.6,200.0,32.0
2026-09-20,Nagy-Balti-öv,dél,Teherhajó,538012240,13.7,229.0,32.0
2026-09-20,Nagy-Balti-öv,dél,Tanker,620800240,9.0,274.0,48.0
2026-09-20,Nagy-Balti-öv,dél,Teherhajó,636014456,10.5,190.0,32.0
2026-09-20,Nagy-Balti-öv,dél,Teherhajó,636014740,10.1,222.0,30.0
2026-09-20,Nagy-Balti-öv,észak,Teherhajó,636015783,7.8,131.0,19.0
2026-09-20,Nagy-Balti-öv,észak,Teherhajó,636017582,11.9,202.0,33.0
2026-09-20,Nagy-Balti-öv,dél,Teherhajó,636018326,8.9,216.0,27.0
2026-09-20,Nagy-Balti-öv,észak,Teherhajó,636022775,5.0,90.0,13.0
2026-09-20,Nagy-Balti-öv,észak,Teherhajó,636024582,8.7,175.0,27.0
2026-09-20,Nagy-Balti-öv,dél,Teherhajó,636025796,13.2,199.0,32.0
2026-09-20,Nagy-Balti-öv,észak,Teherhajó,636026692,10.3,190.0,28.0
2026-09-20,Øresund,észak,Tanker,209275000,5.1,117.0,20.0
2026-09-20,Øresund,dél,Teherhajó,209535000,6.0,90.0,13.0
2026-09-20,Øresund,dél,Teherhajó,210388000,4.8,133.0,16.0
2026-09-20,Øresund,észak,Teherhajó,212179000,3.7,99.0,14.0
2026-09-20,Øresund,dél,Teherhajó,212385000,4.0,99.0,14.0
2026-09-20,Øresund,észak,Teherhajó,218856000,4.7,90.0,13.0
2026-09-20,Øresund,dél,Teherhajó,230666000,4.3,90.0,14.0
2026-09-20,Øresund,dél,Tanker,230706000,9.0,150.0,23.0
2026-09-20,Øresund,észak,Teherhajó,236701000,7.3,100.0,17.0
2026-09-20,Øresund,dél,Teherhajó,244140000,6.5,114.0,15.0
2026-09-20,Øresund,észak,Teherhajó,244140468,5.7,110.0,14.0
2026-09-20,Øresund,dél,Teherhajó,244780000,4.2,95.0,13.0
2026-09-20,Øresund,dél,Teherhajó,245413000,5.2,133.0,16.0
2026-09-20,Øresund,dél,Teherhajó,246391000,3.7,82.0,13.0
2026-09-20,Øresund,dél,Tanker,249223000,6.6,100.0,18.0
2026-09-20,Øresund,észak,Teherhajó,255805390,4.7,97.0,17.0
2026-09-20,Øresund,észak,Teherhajó,255805989,5.0,100.0,14.0
2026-09-20,Øresund,dél,Teherhajó,255806267,7.5,141.0,23.0
2026-09-20,Øresund,dél,Tanker,255915691,6.2,116.0,18.0
2026-09-20,Øresund,észak,Teherhajó,255915932,4.6,88.0,13.0
2026-09-20,Øresund,dél,Tanker,256717000,5.8,90.0,15.0
2026-09-20,Øresund,dél,Tanker,256903000,7.0,250.0,44.0
2026-09-20,Øresund,észak,Tanker,257374000,6.4,140.0,22.0
2026-09-20,Øresund,észak,Teherhajó,257782000,5.8,116.0,16.0
2026-09-20,Øresund,dél,Teherhajó,258227000,6.5,87.0,15.0
2026-09-20,Øresund,dél,Tanker,266212000,4.7,80.0,14.0
2026-09-20,Øresund,dél,Tanker,266476000,5.8,119.0,17.0
2026-09-20,Øresund,dél,Teherhajó,268246900,3.6,88.0,12.0
2026-09-20,Øresund,észak,Teherhajó,304050000,6.0,89.0,12.0
2026-09-20,Øresund,dél,Teherhajó,311000791,6.6,152.0,23.0
2026-09-20,Øresund,dél,Teherhajó,311995000,7.5,148.0,25.0
2026-09-20,Øresund,dél,Teherhajó,341810000,3.1,80.0,12.0
2026-09-20,Øresund,dél,Teherhajó,351639000,8.6,172.0,28.0
2026-09-20,Øresund,dél,Teherhajó,352002808,7.4,146.0,18.0
2026-09-20,Øresund,dél,Tanker,354290000,7.0,247.0,42.0
2026-09-20,Øresund,dél,Tanker,538006030,10.7,249.0,44.0
2026-09-20,Øresund,dél,Teherhajó,636015227,7.2,235.0,38.0
2026-09-20,Øresund,dél,Teherhajó,636021041,5.4,136.0,25.0
2026-09-20,Øresund,észak,Teherhajó,667002576,4.2,88.0,13.0
2026-09-21,Nagy-Balti-öv,dél,Teherhajó,209982000,2.2,80.0,12.0
2026-09-21,Nagy-Balti-öv,észak,Teherhajó,210545000,4.7,90.0,16.0
2026-09-21,Nagy-Balti-öv,dél,Teherhajó,210704000,4.3,90.0,13.0
2026-09-21,Nagy-Balti-öv,észak,Teherhajó,211100000,2.3,81.0,11.0
2026-09-21,Nagy-Balti-öv,észak,Tanker,215461000,14.7,274.0,48.0
2026-09-21,Nagy-Balti-öv,dél,Teherhajó,218856000,3.7,90.0,13.0
2026-09-21,Nagy-Balti-öv,dél,Tanker,219008000,9.1,147.0,22.0
2026-09-21,Nagy-Balti-öv,észak,Teherhajó,229245000,5.6,95.0,13.0
2026-09-21,Nagy-Balti-öv,észak,Tanker,230707000,9.7,150.0,23.0
2026-09-21,Nagy-Balti-öv,észak,Teherhajó,244650331,7.3,118.0,16.0
2026-09-21,Nagy-Balti-öv,dél,Teherhajó,245097000,7.1,205.0,26.0
2026-09-21,Nagy-Balti-öv,dél,Teherhajó,246440000,3.5,88.0,13.0
2026-09-21,Nagy-Balti-öv,észak,Teherhajó,246767000,8.4,142.0,19.0
2026-09-21,Nagy-Balti-öv,dél,Teherhajó,255769000,6.8,107.0,15.0
2026-09-21,Nagy-Balti-öv,észak,Teherhajó,255806185,6.0,150.0,26.0
2026-09-21,Nagy-Balti-öv,észak,Teherhajó,255916027,5.0,120.0,16.0
2026-09-21,Nagy-Balti-öv,dél,Teherhajó,255916102,10.7,180.0,30.0
2026-09-21,Nagy-Balti-öv,dél,Teherhajó,255916314,8.1,148.0,27.0
2026-09-21,Nagy-Balti-öv,dél,Teherhajó,257207000,6.5,90.0,14.0
2026-09-21,Nagy-Balti-öv,észak,Teherhajó,257207000,6.5,90.0,14.0
2026-09-21,Nagy-Balti-öv,dél,Tanker,258121000,9.5,147.0,24.0
2026-09-21,Nagy-Balti-öv,észak,Teherhajó,258763000,4.2,94.0,15.0
2026-09-21,Nagy-Balti-öv,dél,Tanker,266220000,7.9,130.0,20.0
2026-09-21,Nagy-Balti-öv,dél,Teherhajó,273329660,7.4,133.0,19.0
2026-09-21,Nagy-Balti-öv,dél,Teherhajó,304145000,3.9,90.0,14.0
2026-09-21,Nagy-Balti-öv,dél,Teherhajó,305089300,8.0,145.0,21.0
2026-09-21,Nagy-Balti-öv,dél,Tanker,311000277,13.9,229.0,42.0
2026-09-21,Nagy-Balti-öv,dél,Tanker,311001591,14.4,277.0,46.0
2026-09-21,Nagy-Balti-öv,észak,Teherhajó,314001019,10.9,180.0,30.0
2026-09-21,Nagy-Balti-öv,észak,Tanker,314001020,12.1,183.0,32.0
2026-09-21,Nagy-Balti-öv,észak,Teherhajó,352004953,9.5,193.0,28.0
2026-09-21,Nagy-Balti-öv,dél,Teherhajó,357175000,8.6,293.0,32.0
2026-09-21,Nagy-Balti-öv,észak,Teherhajó,477204200,10.9,197.0,32.0
2026-09-21,Nagy-Balti-öv,dél,Tanker,538011191,11.5,299.0,46.0
2026-09-21,Nagy-Balti-öv,észak,Teherhajó,538011655,13.2,200.0,32.0
2026-09-21,Nagy-Balti-öv,észak,Teherhajó,538012753,9.8,189.0,32.0
2026-09-21,Nagy-Balti-öv,észak,Teherhajó,636021264,10.2,177.0,29.0
2026-09-21,Nagy-Balti-öv,észak,Tanker,636022074,10.5,183.0,32.0
2026-09-21,Nagy-Balti-öv,észak,Teherhajó,636092271,11.9,366.0,48.0
2026-09-21,Nagy-Balti-öv,észak,Tanker,667002025,14.8,244.0,42.0
2026-09-21,Nagy-Balti-öv,észak,Tanker,667002468,14.1,250.0,44.0
2026-09-21,Øresund,észak,Teherhajó,209525000,4.1,90.0,13.0
2026-09-21,Øresund,észak,Teherhajó,210674000,5.9,90.0,16.0
2026-09-21,Øresund,észak,Tanker,219775000,7.2,147.0,22.0
2026-09-21,Øresund,dél,Tanker,220018000,3.8,78.0,13.0
2026-09-21,Øresund,észak,Tanker,230706000,9.0,150.0,23.0
2026-09-21,Øresund,dél,Teherhajó,231898000,4.1,89.0,13.0
2026-09-21,Øresund,dél,Teherhajó,231906000,6.3,89.0,13.0
2026-09-21,Øresund,észak,Teherhajó,232031869,6.1,90.0,14.0
2026-09-21,Øresund,észak,Tanker,244870428,6.3,96.0,16.0
2026-09-21,Øresund,észak,Teherhajó,245125000,5.3,103.0,16.0
2026-09-21,Øresund,dél,Teherhajó,246324000,4.1,130.0,16.0
2026-09-21,Øresund,észak,Tanker,246541000,5.0,116.0,15.0
2026-09-21,Øresund,észak,Tanker,248429000,8.8,183.0,32.0
2026-09-21,Øresund,dél,Teherhajó,255746000,4.2,62.0,16.0
2026-09-21,Øresund,észak,Teherhajó,255806267,7.3,141.0,23.0
2026-09-21,Øresund,észak,Teherhajó,255915585,5.5,89.0,12.0
2026-09-21,Øresund,észak,Teherhajó,255915634,5.8,99.0,16.0
2026-09-21,Øresund,dél,Teherhajó,255916077,4.4,89.0,16.0
2026-09-21,Øresund,dél,Teherhajó,255916312,7.9,148.0,27.0
2026-09-21,Øresund,észak,Teherhajó,255916312,7.9,148.0,27.0
2026-09-21,Øresund,észak,Tanker,255916315,4.7,99.0,18.0
2026-09-21,Øresund,észak,Tanker,256717000,5.3,90.0,15.0
2026-09-21,Øresund,észak,Teherhajó,257076850,5.6,82.0,12.0
2026-09-21,Øresund,dél,Tanker,257600000,8.0,129.0,20.0
2026-09-21,Øresund,észak,Teherhajó,257673000,4.2,103.0,16.0
2026-09-21,Øresund,észak,Teherhajó,257765000,6.0,90.0,15.0
2026-09-21,Øresund,dél,Teherhajó,258209000,6.0,156.0,22.0
2026-09-21,Øresund,észak,Tanker,258715000,4.3,89.0,13.0
2026-09-21,Øresund,észak,Tanker,258858000,6.1,129.0,20.0
2026-09-21,Øresund,dél,Teherhajó,259017000,6.5,90.0,14.0
2026-09-21,Øresund,észak,Tanker,265007000,6.7,150.0,23.0
2026-09-21,Øresund,dél,Tanker,265610040,6.0,80.0,14.0
2026-09-21,Øresund,észak,Tanker,266212000,4.6,80.0,14.0
2026-09-21,Øresund,észak,Teherhajó,268246900,5.5,88.0,12.0
2026-09-21,Øresund,észak,Teherhajó,268251601,3.4,79.0,10.0
2026-09-21,Øresund,észak,Teherhajó,273219680,5.3,141.0,17.0
2026-09-21,Øresund,dél,Teherhajó,273614220,7.0,180.0,32.0
2026-09-21,Øresund,dél,Teherhajó,305581000,5.4,81.0,12.0
2026-09-21,Øresund,dél,Teherhajó,311018000,5.9,190.0,28.0
2026-09-21,Øresund,dél,Teherhajó,341303002,3.6,88.0,12.0
2026-09-21,Øresund,észak,Teherhajó,351639000,7.8,172.0,28.0
2026-09-21,Øresund,dél,Tanker,352002931,7.2,183.0,32.0
2026-09-21,Øresund,dél,Teherhajó,352003701,7.2,229.0,37.0
2026-09-21,Øresund,dél,Tanker,538002622,7.3,228.0,32.0
2026-09-21,Øresund,dél,Teherhajó,563331700,6.9,199.0,32.0
2026-09-21,Øresund,dél,Teherhajó,636015891,5.5,175.0,27.0
2026-09-21,Øresund,dél,Teherhajó,636022775,3.4,90.0,13.0
2026-09-21,Øresund,dél,Teherhajó,636025889,6.3,180.0,30.0
2026-09-22,Nagy-Balti-öv,dél,Teherhajó,211141000,8.6,134.0,23.0
2026-09-22,Nagy-Balti-öv,észak,Teherhajó,211870240,8.4,159.0,22.0
2026-09-22,Nagy-Balti-öv,dél,Teherhajó,212811000,6.0,100.0,16.0
2026-09-22,Nagy-Balti-öv,dél,Teherhajó,218549000,12.2,255.0,38.0
2026-09-22,Nagy-Balti-öv,dél,Tanker,219029722,8.9,147.0,22.0
2026-09-22,Nagy-Balti-öv,dél,Tanker,219222000,5.6,130.0,20.0
2026-09-22,Nagy-Balti-öv,észak,Teherhajó,230091950,4.6,83.0,13.0
2026-09-22,Nagy-Balti-öv,dél,Teherhajó,230642000,6.0,187.0,27.0
2026-09-22,Nagy-Balti-öv,dél,Tanker,230706000,9.0,150.0,23.0
2026-09-22,Nagy-Balti-öv,dél,Teherhajó,236701000,5.1,100.0,17.0
2026-09-22,Nagy-Balti-öv,észak,Tanker,241604000,13.9,250.0,44.0
2026-09-22,Nagy-Balti-öv,dél,Tanker,241689000,8.5,244.0,43.0
2026-09-22,Nagy-Balti-öv,dél,Teherhajó,244972000,5.0,88.0,14.0
2026-09-22,Nagy-Balti-öv,dél,Tanker,245286000,5.2,116.0,16.0
2026-09-22,Nagy-Balti-öv,észak,Teherhajó,249030000,10.1,205.0,30.0
2026-09-22,Nagy-Balti-öv,dél,Tanker,249948000,14.2,250.0,44.0
2026-09-22,Nagy-Balti-öv,dél,Tanker,255804280,8.9,144.0,24.0
2026-09-22,Nagy-Balti-öv,dél,Teherhajó,255806281,14.6,229.0,32.0
2026-09-22,Nagy-Balti-öv,dél,Teherhajó,255916313,8.3,148.0,27.0
2026-09-22,Nagy-Balti-öv,észak,Teherhajó,256316000,10.0,174.0,20.0
2026-09-22,Nagy-Balti-öv,észak,Tanker,257550000,8.2,129.0,20.0
2026-09-22,Nagy-Balti-öv,észak,Teherhajó,265039000,7.5,242.0,36.0
2026-09-22,Nagy-Balti-öv,észak,Tanker,265071000,9.2,130.0,22.0
2026-09-22,Nagy-Balti-öv,észak,Teherhajó,266232000,7.3,191.0,26.0
2026-09-22,Nagy-Balti-öv,dél,Tanker,273278840,9.7,245.0,42.0
2026-09-22,Nagy-Balti-öv,dél,Teherhajó,275535000,7.3,134.0,20.0
2026-09-22,Nagy-Balti-öv,észak,Teherhajó,305028300,2.5,78.0,10.0
2026-09-22,Nagy-Balti-öv,észak,Teherhajó,305061300,7.8,151.0,26.0
2026-09-22,Nagy-Balti-öv,észak,Teherhajó,305305000,7.7,146.0,18.0
2026-09-22,Nagy-Balti-öv,észak,Teherhajó,305522000,4.2,90.0,13.0
2026-09-22,Nagy-Balti-öv,észak,Teherhajó,314207000,3.8,90.0,16.0
2026-09-22,Nagy-Balti-öv,észak,Teherhajó,314526000,8.5,148.0,18.0
2026-09-22,Nagy-Balti-öv,dél,Teherhajó,352002982,6.5,172.0,27.0
2026-09-22,Nagy-Balti-öv,dél,Teherhajó,354540000,10.3,237.0,32.0
2026-09-22,Nagy-Balti-öv,dél,Teherhajó,477712400,13.4,400.0,60.0
2026-09-22,Nagy-Balti-öv,észak,Teherhajó,477949600,11.6,190.0,32.0
2026-09-22,Nagy-Balti-öv,észak,Teherhajó,538002629,14.1,229.0,32.0
2026-09-22,Nagy-Balti-öv,dél,Tanker,538007350,9.1,160.0,26.0
2026-09-22,Nagy-Balti-öv,észak,Teherhajó,538008114,9.0,170.0,28.0
2026-09-22,Nagy-Balti-öv,észak,Teherhajó,538012913,11.0,180.0,30.0
2026-09-22,Nagy-Balti-öv,észak,Tanker,563036200,9.9,180.0,28.0
2026-09-22,Nagy-Balti-öv,észak,Teherhajó,577779000,14.6,225.0,32.0
2026-09-22,Nagy-Balti-öv,észak,Teherhajó,636024678,10.3,160.0,24.0
2026-09-22,Nagy-Balti-öv,észak,Teherhajó,636024955,13.4,200.0,32.0
2026-09-22,Nagy-Balti-öv,dél,Tanker,636025412,9.1,250.0,44.0
2026-09-22,Nagy-Balti-öv,észak,Tanker,667002271,14.1,250.0,44.0
2026-09-22,Øresund,dél,Teherhajó,209151000,6.2,88.0,12.0
2026-09-22,Øresund,észak,Teherhajó,209535000,4.0,90.0,13.0
2026-09-22,Øresund,észak,Teherhajó,209681000,4.5,90.0,13.0
2026-09-22,Øresund,észak,Teherhajó,211141000,8.6,134.0,23.0
2026-09-22,Øresund,dél,Teherhajó,212179000,5.1,99.0,14.0
2026-09-22,Øresund,észak,Teherhajó,212853000,4.4,88.0,13.0
2026-09-22,Øresund,észak,Tanker,219814000,7.1,147.0,22.0
2026-09-22,Øresund,észak,Tanker,220018000,4.7,78.0,13.0
2026-09-22,Øresund,dél,Teherhajó,229177000,6.8,229.0,32.0
2026-09-22,Øresund,észak,Teherhajó,230715000,6.2,120.0,16.0
2026-09-22,Øresund,dél,Teherhajó,232033026,5.1,106.0,14.0
2026-09-22,Øresund,dél,Teherhajó,244140468,5.0,110.0,14.0
2026-09-22,Øresund,dél,Teherhajó,244361000,3.1,90.0,14.0
2026-09-22,Øresund,észak,Teherhajó,244750397,6.3,89.0,13.0
2026-09-22,Øresund,észak,Tanker,244994000,6.2,108.0,17.0
2026-09-22,Øresund,dél,Teherhajó,245070000,4.3,84.0,12.0
2026-09-22,Øresund,dél,Teherhajó,245882000,3.3,88.0,13.0
2026-09-22,Øresund,dél,Teherhajó,246872000,5.5,108.0,16.0
2026-09-22,Øresund,dél,Teherhajó,250011434,6.1,87.0,15.0
2026-09-22,Øresund,dél,Teherhajó,255801770,5.3,89.0,12.0
2026-09-22,Øresund,dél,Teherhajó,255804490,3.2,89.0,12.0
2026-09-22,Øresund,dél,Teherhajó,255806352,7.3,141.0,22.0
2026-09-22,Øresund,észak,Teherhajó,255806352,7.3,141.0,22.0
2026-09-22,Øresund,dél,Teherhajó,255806372,3.7,106.0,15.0
2026-09-22,Øresund,észak,Teherhajó,255806478,6.5,98.0,15.0
2026-09-22,Øresund,dél,Tanker,255806519,6.0,144.0,23.0
2026-09-22,Øresund,észak,Tanker,255916482,4.6,118.0,17.0
2026-09-22,Øresund,dél,Teherhajó,257036300,6.4,106.0,14.0
2026-09-22,Øresund,észak,Teherhajó,257520000,5.1,114.0,18.0
2026-09-22,Øresund,észak,Tanker,257600000,6.1,129.0,20.0
2026-09-22,Øresund,dél,Teherhajó,257689000,5.2,102.0,16.0
2026-09-22,Øresund,dél,Teherhajó,258648000,6.3,110.0,15.0
2026-09-22,Øresund,észak,Tanker,266476000,5.4,119.0,17.0
2026-09-22,Øresund,dél,Teherhajó,268246900,3.3,88.0,12.0
2026-09-22,Øresund,észak,Teherhajó,273354480,5.8,131.0,20.0
2026-09-22,Øresund,dél,Teherhajó,304707000,3.6,93.0,14.0
2026-09-22,Øresund,dél,Teherhajó,305373000,3.4,107.0,15.0
2026-09-22,Øresund,észak,Teherhajó,305649000,5.9,95.0,14.0
2026-09-22,Øresund,észak,Teherhajó,305773000,6.9,140.0,22.0
2026-09-22,Øresund,dél,Teherhajó,305994000,8.3,139.0,22.0
2026-09-22,Øresund,dél,Teherhajó,311001762,3.3,88.0,14.0
2026-09-22,Øresund,észak,Teherhajó,314471000,5.3,83.0,11.0
2026-09-22,Øresund,észak,Teherhajó,352003016,7.1,225.0,32.0
2026-09-22,Øresund,észak,Tanker,563326600,4.6,99.0,18.0
2026-09-22,Øresund,észak,Tanker,563344200,6.8,143.0,22.0
2026-09-22,Øresund,dél,Teherhajó,636021584,7.3,199.0,32.0
2026-09-22,Øresund,dél,Teherhajó,636023944,8.3,172.0,28.0
2026-09-22,Øresund,dél,Teherhajó,636025487,7.7,229.0,32.0
2026-09-22,Øresund,dél,Teherhajó,636093203,6.7,190.0,29.0
2026-09-22,Øresund,dél,Tanker,667002334,7.2,241.0,42.0
2026-09-23,Nagy-Balti-öv,észak,Teherhajó,211341960,4.8,149.0,28.0
2026-09-23,Nagy-Balti-öv,dél,Tanker,215989000,13.7,250.0,44.0
2026-09-23,Nagy-Balti-öv,dél,Teherhajó,219001284,2.2,31.0,7.0
2026-09-23,Nagy-Balti-öv,észak,Tanker,219222000,8.5,130.0,20.0
2026-09-23,Nagy-Balti-öv,dél,Tanker,219775000,9.0,147.0,22.0
2026-09-23,Nagy-Balti-öv,észak,Teherhajó,229088000,13.1,229.0,32.0
2026-09-23,Nagy-Balti-öv,dél,Teherhajó,229622000,12.6,365.0,49.0
2026-09-23,Nagy-Balti-öv,dél,Tanker,244090097,6.5,164.0,25.0
2026-09-23,Nagy-Balti-öv,észak,Teherhajó,244830430,5.5,173.0,42.0
2026-09-23,Nagy-Balti-öv,dél,Tanker,247273700,11.1,180.0,32.0
2026-09-23,Nagy-Balti-öv,dél,Tanker,248024000,14.1,250.0,44.0
2026-09-23,Nagy-Balti-öv,észak,Teherhajó,248938000,10.3,186.0,24.0
2026-09-23,Nagy-Balti-öv,észak,Teherhajó,255769000,4.2,107.0,15.0
2026-09-23,Nagy-Balti-öv,dél,Teherhajó,255806352,7.7,141.0,22.0
2026-09-23,Nagy-Balti-öv,észak,Teherhajó,255806513,7.7,168.0,25.0
2026-09-23,Nagy-Balti-öv,dél,Teherhajó,255915584,5.3,89.0,12.0
2026-09-23,Nagy-Balti-öv,dél,Teherhajó,255916043,8.7,107.0,18.0
2026-09-23,Nagy-Balti-öv,dél,Teherhajó,255916069,5.5,99.0,13.0
2026-09-23,Nagy-Balti-öv,dél,Teherhajó,257113350,10.0,143.0,23.0
2026-09-23,Nagy-Balti-öv,dél,Teherhajó,258114000,6.1,90.0,16.0
2026-09-23,Nagy-Balti-öv,dél,Tanker,273126530,9.0,250.0,44.0
2026-09-23,Nagy-Balti-öv,észak,Teherhajó,275514000,5.2,83.0,12.0
2026-09-23,Nagy-Balti-öv,dél,Teherhajó,305522000,3.1,90.0,13.0
2026-09-23,Nagy-Balti-öv,dél,Tanker,305940000,8.3,100.0,16.0
2026-09-23,Nagy-Balti-öv,észak,Tanker,311000766,8.2,228.0,42.0
2026-09-23,Nagy-Balti-öv,dél,Tanker,311000974,12.2,245.0,44.0
2026-09-23,Nagy-Balti-öv,dél,Teherhajó,311001897,7.0,139.0,21.0
2026-09-23,Nagy-Balti-öv,észak,Teherhajó,312107000,10.2,177.0,28.0
2026-09-23,Nagy-Balti-öv,dél,Teherhajó,314299000,6.2,175.0,29.0
2026-09-23,Nagy-Balti-öv,dél,Teherhajó,314800000,5.7,170.0,27.0
2026-09-23,Nagy-Balti-öv,észak,Teherhajó,341487000,5.0,115.0,16.0
2026-09-23,Nagy-Balti-öv,észak,Tanker,352001786,9.5,293.0,46.0
2026-09-23,Nagy-Balti-öv,észak,Tanker,352004147,11.3,180.0,32.0
2026-09-23,Nagy-Balti-öv,dél,Tanker,352005437,8.0,229.0,42.0
2026-09-23,Nagy-Balti-öv,észak,Teherhajó,352006574,10.6,183.0,31.0
2026-09-23,Nagy-Balti-öv,dél,Teherhajó,354408000,8.5,179.0,29.0
2026-09-23,Nagy-Balti-öv,észak,Teherhajó,372885000,14.5,235.0,38.0
2026-09-23,Nagy-Balti-öv,észak,Teherhajó,373004000,11.2,366.0,48.0
2026-09-23,Nagy-Balti-öv,dél,Teherhajó,538011197,12.6,229.0,32.0
2026-09-23,Nagy-Balti-öv,dél,Teherhajó,538011257,9.5,190.0,28.0
2026-09-23,Nagy-Balti-öv,észak,Tanker,564329000,8.7,244.0,42.0
2026-09-23,Nagy-Balti-öv,dél,Teherhajó,566341000,9.8,163.0,26.0
2026-09-23,Nagy-Balti-öv,észak,Teherhajó,577795000,10.6,259.0,33.0
2026-09-23,Nagy-Balti-öv,észak,Teherhajó,636017102,12.2,300.0,48.0
2026-09-23,Nagy-Balti-öv,dél,Teherhajó,636017958,9.4,196.0,30.0
2026-09-23,Nagy-Balti-öv,észak,Tanker,636018579,14.2,250.0,44.0
2026-09-23,Nagy-Balti-öv,dél,Teherhajó,636022719,5.6,169.0,27.0
2026-09-23,Nagy-Balti-öv,észak,Teherhajó,636023143,7.0,170.0,28.0
2026-09-23,Nagy-Balti-öv,dél,Teherhajó,636025269,9.3,224.0,31.0
2026-09-23,Nagy-Balti-öv,észak,Teherhajó,636025526,9.7,180.0,30.0
2026-09-23,Nagy-Balti-öv,dél,Tanker,668116291,10.1,180.0,32.0
2026-09-23,Nagy-Balti-öv,észak,Teherhajó,671540100,10.2,176.0,26.0
2026-09-23,Øresund,dél,Teherhajó,209681000,4.5,90.0,13.0
2026-09-23,Øresund,dél,Teherhajó,211100000,3.8,81.0,11.0
2026-09-23,Øresund,észak,Teherhajó,211317180,7.3,100.0,17.0
2026-09-23,Øresund,dél,Tanker,215064000,5.9,88.0,15.0
2026-09-23,Øresund,észak,Teherhajó,218030270,4.6,83.0,12.0
2026-09-23,Øresund,észak,Teherhajó,218858000,4.8,89.0,12.0
2026-09-23,Øresund,észak,Tanker,219029880,6.5,147.0,22.0
2026-09-23,Øresund,dél,Tanker,219355000,5.7,93.0,14.0
2026-09-23,Øresund,észak,Tanker,219355000,5.7,93.0,14.0
2026-09-23,Øresund,észak,Teherhajó,229344000,5.6,95.0,13.0
2026-09-23,Øresund,dél,Teherhajó,230352000,5.5,120.0,18.0
2026-09-23,Øresund,dél,Teherhajó,231860000,9.9,179.0,31.0
2026-09-23,Øresund,észak,Teherhajó,231873000,7.2,100.0,14.0
2026-09-23,Øresund,észak,Teherhajó,231921000,4.3,90.0,16.0
2026-09-23,Øresund,dél,Teherhajó,232031538,5.1,90.0,15.0
2026-09-23,Øresund,észak,Teherhajó,235060914,5.2,90.0,13.0
2026-09-23,Øresund,észak,Teherhajó,244063000,5.4,89.0,13.0
2026-09-23,Øresund,dél,Teherhajó,245125000,4.5,103.0,16.0
2026-09-23,Øresund,észak,Teherhajó,245176000,5.4,90.0,13.0
2026-09-23,Øresund,észak,Teherhajó,245257000,4.0,86.0,11.0
2026-09-23,Øresund,dél,Teherhajó,245806000,5.1,155.0,18.0
2026-09-23,Øresund,észak,Teherhajó,245882000,5.2,88.0,13.0
2026-09-23,Øresund,dél,Teherhajó,245909000,5.3,90.0,13.0
2026-09-23,Øresund,észak,Teherhajó,246324000,6.8,130.0,16.0
2026-09-23,Øresund,észak,Teherhajó,246399000,3.7,90.0,14.0
2026-09-23,Øresund,dél,Tanker,246541000,6.7,116.0,15.0
2026-09-23,Øresund,észak,Teherhajó,246594000,5.3,82.0,12.0
2026-09-23,Øresund,észak,Teherhajó,246655000,4.2,90.0,14.0
2026-09-23,Øresund,észak,Tanker,249223000,5.3,100.0,18.0
2026-09-23,Øresund,észak,Teherhajó,250011434,3.7,87.0,15.0
2026-09-23,Øresund,dél,Teherhajó,255805980,3.9,88.0,12.0
2026-09-23,Øresund,észak,Teherhajó,255805980,3.9,88.0,12.0
2026-09-23,Øresund,dél,Teherhajó,255909640,5.8,88.0,14.0
2026-09-23,Øresund,észak,Tanker,255915691,6.6,116.0,18.0
2026-09-23,Øresund,dél,Teherhajó,255915902,6.8,190.0,32.0
2026-09-23,Øresund,észak,Teherhajó,257737000,5.7,86.0,16.0
2026-09-23,Øresund,észak,Teherhajó,258006930,5.0,101.0,17.0
2026-09-23,Øresund,észak,Teherhajó,258209000,5.0,156.0,22.0
2026-09-23,Øresund,észak,Teherhajó,259017000,4.6,90.0,14.0
2026-09-23,Øresund,észak,Tanker,266468000,5.0,119.0,17.0
2026-09-23,Øresund,észak,Teherhajó,268246900,5.4,88.0,12.0
2026-09-23,Øresund,dél,Teherhajó,304656000,5.1,82.0,12.0
2026-09-23,Øresund,észak,Teherhajó,305804000,6.1,90.0,14.0
2026-09-23,Øresund,észak,Teherhajó,305994000,7.7,139.0,22.0
2026-09-23,Øresund,észak,Teherhajó,311001814,5.4,88.0,13.0
2026-09-23,Øresund,dél,Teherhajó,312494000,5.8,169.0,27.0
2026-09-23,Øresund,dél,Teherhajó,314620000,5.6,90.0,12.0
2026-09-23,Øresund,dél,Teherhajó,341432002,4.1,89.0,14.0
2026-09-23,Øresund,dél,Tanker,352006339,5.8,100.0,18.0
2026-09-23,Øresund,dél,Teherhajó,354235000,7.3,235.0,38.0
2026-09-23,Øresund,észak,Teherhajó,355351000,6.6,139.0,23.0
2026-09-23,Øresund,dél,Teherhajó,370295000,6.2,177.0,29.0
2026-09-23,Øresund,dél,Teherhajó,511100788,6.2,185.0,31.0
2026-09-23,Øresund,dél,Teherhajó,538006472,6.4,200.0,23.0
2026-09-23,Øresund,észak,Tanker,538011272,4.8,100.0,17.0
2026-09-23,Øresund,dél,Teherhajó,636015208,6.0,180.0,29.0
2026-09-23,Øresund,dél,Tanker,636021919,6.0,127.0,20.0
2026-09-23,Øresund,észak,Teherhajó,636023944,8.3,172.0,28.0
2026-09-23,Øresund,dél,Teherhajó,636023946,7.1,172.0,28.0
2026-09-24,Nagy-Balti-öv,dél,Teherhajó,210534000,4.9,88.0,13.0
2026-09-24,Nagy-Balti-öv,dél,Teherhajó,211341960,4.6,149.0,28.0
2026-09-24,Nagy-Balti-öv,dél,Teherhajó,212357000,8.3,184.0,25.0
2026-09-24,Nagy-Balti-öv,észak,Teherhajó,215521000,9.9,180.0,30.0
2026-09-24,Nagy-Balti-öv,észak,Teherhajó,218801000,2.4,82.0,11.0
2026-09-24,Nagy-Balti-öv,dél,Teherhajó,218858000,3.8,89.0,12.0
2026-09-24,Nagy-Balti-öv,dél,Teherhajó,219115000,9.0,200.0,36.0
2026-09-24,Nagy-Balti-öv,észak,Teherhajó,236701000,7.3,100.0,17.0
2026-09-24,Nagy-Balti-öv,észak,Teherhajó,248630000,12.7,199.0,32.0
2026-09-24,Nagy-Balti-öv,észak,Tanker,249097000,8.1,250.0,44.0
2026-09-24,Nagy-Balti-öv,észak,Teherhajó,249100000,10.1,181.0,30.0
2026-09-24,Nagy-Balti-öv,dél,Teherhajó,249874000,9.3,169.0,26.0
2026-09-24,Nagy-Balti-öv,dél,Teherhajó,249934000,5.7,88.0,13.0
2026-09-24,Nagy-Balti-öv,észak,Teherhajó,249934000,5.7,88.0,13.0
2026-09-24,Nagy-Balti-öv,dél,Teherhajó,250011434,3.7,87.0,15.0
2026-09-24,Nagy-Balti-öv,dél,Teherhajó,255916312,7.7,148.0,27.0
2026-09-24,Nagy-Balti-öv,dél,Tanker,257550000,8.4,129.0,20.0
2026-09-24,Nagy-Balti-öv,dél,Teherhajó,258009780,5.5,88.0,12.0
2026-09-24,Nagy-Balti-öv,dél,Tanker,258689000,9.8,186.0,32.0
2026-09-24,Nagy-Balti-öv,dél,Tanker,266473000,5.9,87.0,13.0
2026-09-24,Nagy-Balti-öv,észak,Tanker,273125420,14.9,244.0,42.0
2026-09-24,Nagy-Balti-öv,észak,Tanker,273128330,15.0,239.0,42.0
2026-09-24,Nagy-Balti-öv,dél,Tanker,273128420,7.8,249.0,44.0
2026-09-24,Nagy-Balti-öv,észak,Tanker,273271360,15.0,274.0,48.0
2026-09-24,Nagy-Balti-öv,dél,Teherhajó,304783000,10.1,166.0,24.0
2026-09-24,Nagy-Balti-öv,dél,Teherhajó,305507000,7.4,132.0,16.0
2026-09-24,Nagy-Balti-öv,dél,Teherhajó,309075000,8.3,157.0,23.0
2026-09-24,Nagy-Balti-öv,dél,Tanker,311000820,14.5,237.0,44.0
2026-09-24,Nagy-Balti-öv,észak,Tanker,314001015,11.4,183.0,32.0
2026-09-24,Nagy-Balti-öv,észak,Tanker,314204000,15.0,245.0,42.0
2026-09-24,Nagy-Balti-öv,észak,Teherhajó,314690000,10.3,176.0,28.0
2026-09-24,Nagy-Balti-öv,dél,Teherhajó,314935000,5.4,150.0,23.0
2026-09-24,Nagy-Balti-öv,észak,Teherhajó,352005037,8.5,189.0,30.0
2026-09-24,Nagy-Balti-öv,dél,Teherhajó,352005075,10.4,164.0,28.0
2026-09-24,Nagy-Balti-öv,dél,Tanker,352005806,8.8,245.0,42.0
2026-09-24,Nagy-Balti-öv,dél,Teherhajó,357988000,11.9,316.0,46.0
2026-09-24,Nagy-Balti-öv,észak,Teherhajó,372359000,11.7,190.0,32.0
2026-09-24,Nagy-Balti-öv,észak,Teherhajó,372797000,7.8,136.0,19.0
2026-09-24,Nagy-Balti-öv,dél,Teherhajó,422000124,11.7,211.0,30.0
2026-09-24,Nagy-Balti-öv,dél,Tanker,461000237,8.5,250.0,44.0
2026-09-24,Nagy-Balti-öv,észak,Tanker,477043500,15.0,247.0,44.0
2026-09-24,Nagy-Balti-öv,észak,Teherhajó,538004551,12.9,190.0,32.0
2026-09-24,Nagy-Balti-öv,észak,Teherhajó,538006867,10.9,179.0,30.0
2026-09-24,Nagy-Balti-öv,észak,Tanker,538011191,9.8,299.0,46.0
2026-09-24,Nagy-Balti-öv,dél,Tanker,538011287,11.4,183.0,32.0
2026-09-24,Nagy-Balti-öv,észak,Teherhajó,538011873,7.2,134.0,19.0
2026-09-24,Nagy-Balti-öv,észak,Teherhajó,538090687,13.2,190.0,32.0
2026-09-24,Nagy-Balti-öv,észak,Teherhajó,538090697,13.2,189.0,32.0
2026-09-24,Nagy-Balti-öv,észak,Tanker,563243800,10.0,149.0,24.0
2026-09-24,Nagy-Balti-öv,dél,Tanker,572572220,6.0,146.0,24.0
2026-09-24,Nagy-Balti-öv,észak,Teherhajó,636014570,14.9,229.0,38.0
2026-09-24,Nagy-Balti-öv,dél,Tanker,636020366,10.0,169.0,26.0
2026-09-24,Nagy-Balti-öv,észak,Teherhajó,636023497,11.0,190.0,32.0
2026-09-24,Nagy-Balti-öv,észak,Teherhajó,636023978,14.6,225.0,32.0
2026-09-24,Nagy-Balti-öv,észak,Tanker,667002070,14.1,250.0,44.0
2026-09-24,Nagy-Balti-öv,észak,Tanker,667002283,14.9,246.0,42.0
2026-09-24,Nagy-Balti-öv,észak,Tanker,667002337,14.5,273.0,50.0
2026-09-24,Øresund,dél,Teherhajó,209535000,6.0,90.0,13.0
2026-09-24,Øresund,észak,Teherhajó,210388000,6.8,133.0,16.0
2026-09-24,Øresund,dél,Teherhajó,210674000,4.5,90.0,16.0
2026-09-24,Øresund,észak,Teherhajó,211265530,6.3,100.0,19.0
2026-09-24,Øresund,dél,Tanker,220018000,3.8,78.0,13.0
2026-09-24,Øresund,dél,Teherhajó,230042000,5.2,134.0,20.0
2026-09-24,Øresund,dél,Teherhajó,231023000,5.9,90.0,14.0
2026-09-24,Øresund,észak,Teherhajó,231860000,9.9,179.0,31.0
2026-09-24,Øresund,észak,Teherhajó,231898000,5.1,89.0,13.0
2026-09-24,Øresund,dél,Teherhajó,232005533,3.6,90.0,15.0
2026-09-24,Øresund,dél,Tanker,244678000,6.2,116.0,15.0
2026-09-24,Øresund,dél,Teherhajó,245257000,2.6,86.0,11.0
2026-09-24,Øresund,észak,Teherhajó,245897000,7.8,205.0,26.0
2026-09-24,Øresund,dél,Teherhajó,255801680,6.3,179.0,28.0
2026-09-24,Øresund,észak,Teherhajó,255805882,5.5,107.0,18.0
2026-09-24,Øresund,dél,Teherhajó,255806478,4.8,98.0,15.0
2026-09-24,Øresund,dél,Teherhajó,255915924,7.2,197.0,32.0
2026-09-24,Øresund,dél,Teherhajó,256743000,7.2,229.0,38.0
2026-09-24,Øresund,észak,Teherhajó,257203000,6.5,90.0,15.0
2026-09-24,Øresund,észak,Tanker,257601000,6.6,100.0,17.0
2026-09-24,Øresund,észak,Teherhajó,258648000,4.5,110.0,15.0
2026-09-24,Øresund,dél,Teherhajó,258763000,6.2,94.0,15.0
2026-09-24,Øresund,észak,Teherhajó,265412000,6.8,170.0,24.0
2026-09-24,Øresund,dél,Teherhajó,268238201,6.0,169.0,27.0
2026-09-24,Øresund,dél,Teherhajó,268251601,2.4,79.0,10.0
2026-09-24,Øresund,dél,Teherhajó,275515000,3.2,82.0,12.0
2026-09-24,Øresund,dél,Teherhajó,275545000,4.5,100.0,16.0
2026-09-24,Øresund,dél,Teherhajó,277586000,8.7,148.0,25.0
2026-09-24,Øresund,észak,Teherhajó,277586000,8.7,148.0,25.0
2026-09-24,Øresund,észak,Teherhajó,304127000,5.6,120.0,20.0
2026-09-24,Øresund,dél,Teherhajó,304146000,6.1,88.0,14.0
2026-09-24,Øresund,dél,Teherhajó,304274000,4.3,80.0,12.0
2026-09-24,Øresund,dél,Teherhajó,304559000,2.5,74.0,11.0
2026-09-24,Øresund,észak,Teherhajó,305581000,5.3,81.0,12.0
2026-09-24,Øresund,dél,Teherhajó,305633000,5.8,107.0,13.0
2026-09-24,Øresund,dél,Teherhajó,311001909,6.0,100.0,13.0
2026-09-24,Øresund,dél,Teherhajó,311002052,7.6,230.0,38.0
2026-09-24,Øresund,dél,Teherhajó,314297000,5.6,171.0,27.0
2026-09-24,Øresund,dél,Teherhajó,351053000,3.8,88.0,13.0
2026-09-24,Øresund,dél,Teherhajó,352001654,6.0,154.0,26.0
2026-09-24,Øresund,dél,Teherhajó,352004990,7.0,199.0,32.0
2026-09-24,Øresund,dél,Teherhajó,355351000,5.9,139.0,23.0
2026-09-24,Øresund,dél,Teherhajó,374637000,7.1,200.0,32.0
2026-09-24,Øresund,dél,Teherhajó,538009362,6.2,186.0,28.0
2026-09-24,Øresund,dél,Teherhajó,538010053,5.8,180.0,30.0
2026-09-24,Øresund,dél,Teherhajó,538010447,7.3,200.0,32.0
2026-09-24,Øresund,dél,Teherhajó,538012359,6.2,180.0,30.0
2026-09-24,Øresund,észak,Tanker,538012581,7.0,183.0,32.0
2026-09-24,Øresund,dél,Teherhajó,538090702,6.6,229.0,32.0
2026-09-24,Øresund,dél,Tanker,636026647,7.2,256.0,43.0
2026-09-25,Nagy-Balti-öv,észak,Teherhajó,207138000,7.5,153.0,22.0
2026-09-25,Nagy-Balti-öv,észak,Teherhajó,212432000,13.4,225.0,32.0
2026-09-25,Nagy-Balti-öv,dél,Teherhajó,212659000,8.0,195.0,32.0
2026-09-25,Nagy-Balti-öv,észak,Teherhajó,212811000,4.5,100.0,16.0
2026-09-25,Nagy-Balti-öv,dél,Teherhajó,212821000,5.7,85.0,13.0
2026-09-25,Nagy-Balti-öv,dél,Tanker,219814000,8.9,147.0,22.0
2026-09-25,Nagy-Balti-öv,dél,Teherhajó,229344000,3.8,95.0,13.0
2026-09-25,Nagy-Balti-öv,észak,Teherhajó,230617000,6.0,218.0,27.0
2026-09-25,Nagy-Balti-öv,dél,Teherhajó,230617000,6.0,218.0,27.0
2026-09-25,Nagy-Balti-öv,észak,Tanker,241190000,10.9,183.0,32.0
2026-09-25,Nagy-Balti-öv,dél,Tanker,244944000,6.3,117.0,18.0
2026-09-25,Nagy-Balti-öv,észak,Teherhajó,248614000,12.9,229.0,32.0
2026-09-25,Nagy-Balti-öv,észak,Teherhajó,255616000,10.5,180.0,30.0
2026-09-25,Nagy-Balti-öv,észak,Teherhajó,255805887,6.4,89.0,16.0
2026-09-25,Nagy-Balti-öv,dél,Teherhajó,257477000,5.1,88.0,13.0
2026-09-25,Nagy-Balti-öv,észak,Teherhajó,258114000,4.3,90.0,16.0
2026-09-25,Nagy-Balti-öv,dél,Tanker,258795000,7.6,182.0,32.0
2026-09-25,Nagy-Balti-öv,észak,Tanker,265610040,4.2,80.0,14.0
2026-09-25,Nagy-Balti-öv,dél,Tanker,266266000,5.4,130.0,20.0
2026-09-25,Nagy-Balti-öv,dél,Tanker,266466000,7.4,129.0,20.0
2026-09-25,Nagy-Balti-öv,dél,Teherhajó,304028000,3.2,82.0,12.0
2026-09-25,Nagy-Balti-öv,észak,Teherhajó,304081008,7.9,152.0,22.0
2026-09-25,Nagy-Balti-öv,dél,Teherhajó,304095000,7.8,132.0,16.0
2026-09-25,Nagy-Balti-öv,dél,Teherhajó,305036000,8.2,132.0,16.0
2026-09-25,Nagy-Balti-öv,észak,Teherhajó,305172000,7.6,138.0,21.0
2026-09-25,Nagy-Balti-öv,észak,Teherhajó,305412000,6.8,129.0,20.0
2026-09-25,Nagy-Balti-öv,dél,Teherhajó,305540000,9.2,172.0,29.0
2026-09-25,Nagy-Balti-öv,dél,Teherhajó,308924000,4.3,82.0,11.0
2026-09-25,Nagy-Balti-öv,észak,Tanker,311001594,10.2,277.0,46.0
2026-09-25,Nagy-Balti-öv,észak,Tanker,314001080,12.4,185.0,32.0
2026-09-25,Nagy-Balti-öv,dél,Teherhajó,341750002,9.0,166.0,23.0
2026-09-25,Nagy-Balti-öv,dél,Teherhajó,352002256,10.7,180.0,30.0
2026-09-25,Nagy-Balti-öv,észak,Tanker,461000234,15.0,275.0,48.0
2026-09-25,Nagy-Balti-öv,dél,Teherhajó,477594100,7.5,229.0,32.0
2026-09-25,Nagy-Balti-öv,észak,Teherhajó,477886300,13.8,399.0,61.0
2026-09-25,Nagy-Balti-öv,észak,Teherhajó,538005945,10.6,181.0,30.0
2026-09-25,Nagy-Balti-öv,észak,Teherhajó,538007927,14.3,225.0,32.0
2026-09-25,Nagy-Balti-öv,észak,Teherhajó,538010038,9.8,175.0,30.0
2026-09-25,Nagy-Balti-öv,dél,Teherhajó,538010196,8.2,180.0,28.0
2026-09-25,Nagy-Balti-öv,észak,Teherhajó,538011568,10.4,180.0,32.0
2026-09-25,Nagy-Balti-öv,dél,Teherhajó,538012178,12.9,190.0,32.0
2026-09-25,Nagy-Balti-öv,észak,Teherhajó,538012578,12.8,199.0,32.0
2026-09-25,Nagy-Balti-öv,észak,Teherhajó,538012668,12.9,190.0,33.0
2026-09-25,Nagy-Balti-öv,dél,Tanker,563186400,11.3,184.0,27.0
2026-09-25,Nagy-Balti-öv,észak,Teherhajó,630001326,9.5,181.0,30.0
2026-09-25,Nagy-Balti-öv,észak,Teherhajó,636014740,10.6,222.0,30.0
2026-09-25,Nagy-Balti-öv,dél,Tanker,636015946,7.8,154.0,26.0
2026-09-25,Nagy-Balti-öv,dél,Teherhajó,636020388,9.0,139.0,22.0
2026-09-25,Nagy-Balti-öv,észak,Teherhajó,636023257,14.6,,
2026-09-25,Nagy-Balti-öv,észak,Teherhajó,636025004,10.4,180.0,30.0
2026-09-25,Nagy-Balti-öv,dél,Teherhajó,636025365,12.8,200.0,32.0
2026-09-25,Nagy-Balti-öv,dél,Tanker,636025561,12.5,183.0,32.0
2026-09-25,Nagy-Balti-öv,észak,Teherhajó,636026417,8.3,141.0,23.0
2026-09-25,Nagy-Balti-öv,dél,Teherhajó,636093386,8.9,180.0,32.0
2026-09-25,Nagy-Balti-öv,észak,Tanker,667002061,14.5,249.0,44.0
2026-09-25,Nagy-Balti-öv,dél,Tanker,667002372,8.2,238.0,42.0
2026-09-25,Nagy-Balti-öv,észak,Teherhajó,667002540,8.0,125.0,20.0
2026-09-25,Øresund,észak,Teherhajó,209535000,3.9,90.0,13.0
2026-09-25,Øresund,észak,Tanker,210253000,4.7,118.0,17.0
2026-09-25,Øresund,észak,Teherhajó,212378000,5.1,90.0,16.0
2026-09-25,Øresund,észak,Tanker,215064000,5.3,88.0,15.0
2026-09-25,Øresund,dél,Teherhajó,219800000,6.4,179.0,30.0
2026-09-25,Øresund,dél,Teherhajó,230091950,4.1,83.0,13.0
2026-09-25,Øresund,dél,Teherhajó,231873000,4.3,100.0,14.0
2026-09-25,Øresund,dél,Teherhajó,235500000,5.5,193.0,26.0
2026-09-25,Øresund,észak,Teherhajó,244140000,5.9,114.0,15.0
2026-09-25,Øresund,dél,Teherhajó,245882000,5.1,88.0,13.0
2026-09-25,Øresund,dél,Teherhajó,249214000,7.5,200.0,32.0
2026-09-25,Øresund,dél,Tanker,249475000,6.4,120.0,17.0
2026-09-25,Øresund,észak,Teherhajó,250005849,7.5,120.0,15.0
2026-09-25,Øresund,dél,Teherhajó,255806300,6.0,135.0,22.0
2026-09-25,Øresund,észak,Tanker,255806320,5.3,99.0,17.0
2026-09-25,Øresund,dél,Teherhajó,255915933,5.4,88.0,14.0
2026-09-25,Øresund,észak,Tanker,255916582,6.5,162.0,23.0
2026-09-25,Øresund,dél,Teherhajó,257328900,3.5,30.0,7.0
2026-09-25,Øresund,dél,Tanker,266468000,7.4,119.0,17.0
2026-09-25,Øresund,dél,Tanker,266472000,6.3,88.0,13.0
2026-09-25,Øresund,észak,Teherhajó,304656000,3.9,82.0,12.0
2026-09-25,Øresund,dél,Teherhajó,311000613,3.6,127.0,17.0
2026-09-25,Øresund,észak,Teherhajó,311001769,4.9,82.0,11.0
2026-09-25,Øresund,észak,Teherhajó,311995000,6.7,148.0,25.0
2026-09-25,Øresund,dél,Teherhajó,314249000,6.9,200.0,32.0
2026-09-25,Øresund,dél,Teherhajó,351988000,7.0,229.0,32.0
2026-09-25,Øresund,észak,Teherhajó,352001585,7.0,200.0,32.0
2026-09-25,Øresund,dél,Teherhajó,357133000,6.7,225.0,32.0
2026-09-25,Øresund,dél,Tanker,477206400,6.3,180.0,32.0
2026-09-25,Øresund,észak,Tanker,538006030,8.5,249.0,44.0
2026-09-25,Øresund,dél,Teherhajó,538090700,6.9,200.0,32.0
2026-09-25,Øresund,észak,Teherhajó,636023946,8.4,172.0,28.0
2026-09-25,Øresund,dél,Tanker,636025668,6.5,186.0,32.0
2026-09-25,Øresund,dél,Teherhajó,636025938,5.9,171.0,27.0
2026-09-26,Nagy-Balti-öv,dél,Tanker,205691000,9.8,180.0,30.0
2026-09-26,Nagy-Balti-öv,észak,Teherhajó,212006000,7.4,170.0,25.0
2026-09-26,Nagy-Balti-öv,dél,Teherhajó,218030270,3.0,83.0,12.0
2026-09-26,Nagy-Balti-öv,dél,Tanker,218085000,9.9,188.0,32.0
2026-09-26,Nagy-Balti-öv,észak,Teherhajó,219001262,2.0,31.0,8.0
2026-09-26,Nagy-Balti-öv,észak,Tanker,229717000,14.5,252.0,45.0
2026-09-26,Nagy-Balti-öv,dél,Tanker,230687000,14.6,250.0,44.0
2026-09-26,Nagy-Balti-öv,dél,Teherhajó,244321000,6.0,89.0,14.0
2026-09-26,Nagy-Balti-öv,észak,Teherhajó,245578000,9.7,168.0,25.0
2026-09-26,Nagy-Balti-öv,dél,Teherhajó,246924000,5.3,82.0,12.0
2026-09-26,Nagy-Balti-öv,dél,Teherhajó,249387000,8.0,174.0,22.0
2026-09-26,Nagy-Balti-öv,dél,Teherhajó,249934000,5.4,88.0,13.0
2026-09-26,Nagy-Balti-öv,észak,Tanker,249948000,8.9,250.0,44.0
2026-09-26,Nagy-Balti-öv,észak,Teherhajó,255915748,5.1,89.0,12.0
2026-09-26,Nagy-Balti-öv,észak,Teherhajó,256800000,10.0,205.0,30.0
2026-09-26,Nagy-Balti-öv,dél,Teherhajó,256882000,10.1,205.0,30.0
2026-09-26,Nagy-Balti-öv,dél,Teherhajó,257114000,6.2,95.0,14.0
2026-09-26,Nagy-Balti-öv,dél,Tanker,257600000,8.2,129.0,20.0
2026-09-26,Nagy-Balti-öv,észak,Tanker,258849000,8.0,129.0,20.0
2026-09-26,Nagy-Balti-öv,észak,Tanker,266266000,8.1,130.0,20.0
2026-09-26,Nagy-Balti-öv,dél,Tanker,273125330,8.0,249.0,44.0
2026-09-26,Nagy-Balti-öv,észak,Tanker,273127330,14.6,243.0,42.0
2026-09-26,Nagy-Balti-öv,észak,Tanker,273270850,14.2,250.0,44.0
2026-09-26,Nagy-Balti-öv,dél,Tanker,311000340,14.9,276.0,46.0
2026-09-26,Nagy-Balti-öv,észak,Tanker,311000974,8.6,245.0,44.0
2026-09-26,Nagy-Balti-öv,észak,Tanker,311001585,9.6,277.0,46.0
2026-09-26,Nagy-Balti-öv,észak,Teherhajó,314303000,12.3,190.0,32.0
2026-09-26,Nagy-Balti-öv,dél,Teherhajó,319144400,9.8,180.0,30.0
2026-09-26,Nagy-Balti-öv,dél,Teherhajó,341753002,7.5,149.0,23.0
2026-09-26,Nagy-Balti-öv,észak,Teherhajó,352004747,9.3,192.0,28.0
2026-09-26,Nagy-Balti-öv,észak,Teherhajó,352005011,11.0,188.0,27.0
2026-09-26,Nagy-Balti-öv,észak,Teherhajó,352005566,11.5,200.0,24.0
2026-09-26,Nagy-Balti-öv,dél,Teherhajó,356083000,7.4,111.0,16.0
2026-09-26,Nagy-Balti-öv,észak,Teherhajó,366479000,8.6,265.0,32.0
2026-09-26,Nagy-Balti-öv,észak,Teherhajó,374819000,7.8,100.0,20.0
2026-09-26,Nagy-Balti-öv,észak,Teherhajó,376568000,10.1,171.0,27.0
2026-09-26,Nagy-Balti-öv,dél,Tanker,405000237,8.0,185.0,28.0
2026-09-26,Nagy-Balti-öv,dél,Teherhajó,477591300,10.2,254.0,43.0
2026-09-26,Nagy-Balti-öv,észak,Teherhajó,477684500,10.5,180.0,30.0
2026-09-26,Nagy-Balti-öv,észak,Teherhajó,477712400,13.5,400.0,60.0
2026-09-26,Nagy-Balti-öv,észak,Teherhajó,477885300,12.1,229.0,32.0
2026-09-26,Nagy-Balti-öv,észak,Teherhajó,538005114,12.9,197.0,32.0
2026-09-26,Nagy-Balti-öv,dél,Tanker,538006497,6.0,101.0,18.0
2026-09-26,Nagy-Balti-öv,észak,Teherhajó,538010091,12.9,199.0,32.0
2026-09-26,Nagy-Balti-öv,dél,Teherhajó,538010610,7.7,178.0,28.0
2026-09-26,Nagy-Balti-öv,dél,Tanker,538011530,10.8,182.0,32.0
2026-09-26,Nagy-Balti-öv,észak,Teherhajó,563078800,14.2,253.0,43.0
2026-09-26,Nagy-Balti-öv,észak,Teherhajó,566028000,7.3,162.0,26.0
2026-09-26,Nagy-Balti-öv,észak,Teherhajó,605086012,5.8,138.0,21.0
2026-09-26,Nagy-Balti-öv,észak,Tanker,631010115,14.7,274.0,48.0
2026-09-26,Nagy-Balti-öv,észak,Teherhajó,636015892,8.9,175.0,27.0
2026-09-26,Nagy-Balti-öv,észak,Tanker,636015946,6.1,154.0,26.0
2026-09-26,Nagy-Balti-öv,dél,Teherhajó,636016416,9.8,175.0,29.0
2026-09-26,Nagy-Balti-öv,dél,Teherhajó,636017582,10.1,202.0,33.0
2026-09-26,Nagy-Balti-öv,észak,Teherhajó,636017716,14.6,229.0,32.0
2026-09-26,Nagy-Balti-öv,dél,Teherhajó,636019682,8.7,225.0,32.0
2026-09-26,Nagy-Balti-öv,dél,Teherhajó,636023408,14.2,225.0,32.0
2026-09-26,Nagy-Balti-öv,dél,Teherhajó,636024390,11.6,272.0,43.0
2026-09-26,Nagy-Balti-öv,észak,Tanker,636025413,14.6,250.0,44.0
2026-09-26,Nagy-Balti-öv,dél,Tanker,636026561,8.0,244.0,42.0
2026-09-26,Nagy-Balti-öv,dél,Tanker,667001423,5.0,107.0,16.0
2026-09-26,Nagy-Balti-öv,észak,Tanker,667002270,15.0,244.0,41.0
2026-09-26,Nagy-Balti-öv,észak,Teherhajó,667002505,7.1,142.0,23.0
2026-09-26,Nagy-Balti-öv,dél,Tanker,667002589,5.9,100.0,17.0
2026-09-26,Øresund,észak,Teherhajó,209488000,5.2,89.0,13.0
2026-09-26,Øresund,dél,Teherhajó,210388000,5.2,133.0,16.0
2026-09-26,Øresund,észak,Teherhajó,210704000,6.3,90.0,13.0
2026-09-26,Øresund,észak,Tanker,220514000,5.0,106.0,16.0
2026-09-26,Øresund,észak,Teherhajó,230694000,7.0,238.0,35.0
2026-09-26,Øresund,észak,Teherhajó,231025000,6.0,90.0,14.0
2026-09-26,Øresund,dél,Teherhajó,231921000,6.8,90.0,16.0
2026-09-26,Øresund,észak,Teherhajó,236306000,5.8,90.0,14.0
2026-09-26,Øresund,dél,Teherhajó,245170000,4.8,134.0,17.0
2026-09-26,Øresund,észak,Teherhajó,245237000,6.8,117.0,16.0
2026-09-26,Øresund,dél,Teherhajó,246572000,5.8,143.0,22.0
2026-09-26,Øresund,dél,Teherhajó,246602000,5.0,128.0,16.0
2026-09-26,Øresund,dél,Teherhajó,246706000,4.1,87.0,15.0
2026-09-26,Øresund,dél,Teherhajó,255738000,7.3,169.0,28.0
2026-09-26,Øresund,észak,Teherhajó,255738000,7.3,169.0,28.0
2026-09-26,Øresund,dél,Teherhajó,255915585,5.7,89.0,12.0
2026-09-26,Øresund,észak,Teherhajó,255917402,4.4,89.0,16.0
2026-09-26,Øresund,dél,Tanker,257086660,6.2,100.0,17.0
2026-09-26,Øresund,észak,Tanker,257086660,6.2,100.0,17.0
2026-09-26,Øresund,észak,Teherhajó,257350220,4.4,100.0,16.0
2026-09-26,Øresund,észak,Teherhajó,257689000,4.5,102.0,16.0
2026-09-26,Øresund,dél,Teherhajó,257857000,5.9,90.0,14.0
2026-09-26,Øresund,észak,Teherhajó,258009780,5.4,88.0,12.0
2026-09-26,Øresund,dél,Tanker,258715000,5.9,89.0,13.0
2026-09-26,Øresund,észak,Teherhajó,259468000,4.6,129.0,18.0
2026-09-26,Øresund,dél,Tanker,265002000,3.0,78.0,11.0
2026-09-26,Øresund,dél,Tanker,266212000,4.3,80.0,14.0
2026-09-26,Øresund,észak,Tanker,266472000,4.9,88.0,13.0
2026-09-26,Øresund,észak,Teherhajó,268251601,3.4,79.0,10.0
2026-09-26,Øresund,észak,Teherhajó,304707000,4.9,93.0,14.0
2026-09-26,Øresund,észak,Teherhajó,304783000,6.5,166.0,24.0
2026-09-26,Øresund,észak,Teherhajó,311000788,6.7,152.0,23.0
2026-09-26,Øresund,észak,Teherhajó,311001762,4.8,88.0,14.0
2026-09-26,Øresund,dél,Teherhajó,311001903,3.8,88.0,13.0
2026-09-26,Øresund,dél,Teherhajó,311002071,7.2,225.0,32.0
2026-09-26,Øresund,dél,Teherhajó,352006552,6.7,200.0,32.0
2026-09-26,Øresund,dél,Teherhajó,373573000,6.6,180.0,28.0
2026-09-26,Øresund,dél,Teherhajó,477223800,6.6,225.0,32.0
2026-09-26,Øresund,dél,Tanker,511101557,6.8,185.0,32.0
2026-09-26,Øresund,észak,Teherhajó,538007422,7.3,229.0,32.0
2026-09-26,Øresund,dél,Teherhajó,538008274,6.7,199.0,32.0
2026-09-26,Øresund,dél,Tanker,538012009,7.3,182.0,32.0
2026-09-26,Øresund,dél,Teherhajó,572728220,6.9,133.0,19.0
2026-09-26,Øresund,dél,Teherhajó,636016161,7.3,199.0,32.0
2026-09-26,Øresund,dél,Tanker,636018294,7.0,244.0,42.0
2026-09-26,Øresund,dél,Tanker,667001949,7.0,249.0,44.0
2026-09-27,Nagy-Balti-öv,észak,Teherhajó,211271770,4.2,74.0,11.0
2026-09-27,Nagy-Balti-öv,észak,Tanker,215989000,9.2,250.0,44.0
2026-09-27,Nagy-Balti-öv,észak,Teherhajó,218549000,10.6,255.0,38.0
2026-09-27,Nagy-Balti-öv,dél,Tanker,219029880,9.1,147.0,22.0
2026-09-27,Nagy-Balti-öv,észak,Teherhajó,219136000,12.1,200.0,36.0
2026-09-27,Nagy-Balti-öv,észak,Teherhajó,228499800,11.5,399.0,61.0
2026-09-27,Nagy-Balti-öv,észak,Teherhajó,230642000,6.4,187.0,27.0
2026-09-27,Nagy-Balti-öv,észak,Tanker,230690000,9.1,156.0,24.0
2026-09-27,Nagy-Balti-öv,dél,Tanker,240447000,8.5,248.0,43.0
2026-09-27,Nagy-Balti-öv,észak,Tanker,241281000,12.0,183.0,32.0
2026-09-27,Nagy-Balti-öv,dél,Tanker,241875000,14.9,250.0,44.0
2026-09-27,Nagy-Balti-öv,észak,Teherhajó,244067000,4.2,88.0,13.0
2026-09-27,Nagy-Balti-öv,észak,Teherhajó,245097000,8.4,205.0,26.0
2026-09-27,Nagy-Balti-öv,észak,Teherhajó,246662000,7.1,157.0,26.0
2026-09-27,Nagy-Balti-öv,dél,Teherhajó,249881000,13.0,199.0,32.0
2026-09-27,Nagy-Balti-öv,észak,Teherhajó,249934000,4.0,88.0,13.0
2026-09-27,Nagy-Balti-öv,dél,Teherhajó,255755000,6.6,114.0,15.0
2026-09-27,Nagy-Balti-öv,dél,Teherhajó,255806081,10.9,179.0,27.0
2026-09-27,Nagy-Balti-öv,dél,Teherhajó,255806185,6.3,150.0,26.0
2026-09-27,Nagy-Balti-öv,dél,Teherhajó,255806257,9.1,179.0,28.0
2026-09-27,Nagy-Balti-öv,észak,Teherhajó,255806258,10.9,178.0,27.0
2026-09-27,Nagy-Balti-öv,észak,Tanker,255915977,6.6,149.0,24.0
2026-09-27,Nagy-Balti-öv,dél,Tanker,255915978,6.5,149.0,24.0
2026-09-27,Nagy-Balti-öv,észak,Teherhajó,255916313,7.8,148.0,27.0
2026-09-27,Nagy-Balti-öv,észak,Teherhajó,255916591,10.7,168.0,26.0
2026-09-27,Nagy-Balti-öv,dél,Teherhajó,256426000,9.2,149.0,23.0
2026-09-27,Nagy-Balti-öv,dél,Teherhajó,257064430,6.4,90.0,14.0
2026-09-27,Nagy-Balti-öv,észak,Teherhajó,257064430,6.4,90.0,14.0
2026-09-27,Nagy-Balti-öv,dél,Teherhajó,257207000,6.5,90.0,14.0
2026-09-27,Nagy-Balti-öv,észak,Teherhajó,257207000,6.5,90.0,14.0
2026-09-27,Nagy-Balti-öv,észak,Teherhajó,257477000,3.4,88.0,13.0
2026-09-27,Nagy-Balti-öv,dél,Tanker,258152000,6.8,119.0,19.0
2026-09-27,Nagy-Balti-öv,dél,Teherhajó,258809000,6.4,90.0,14.0
2026-09-27,Nagy-Balti-öv,észak,Teherhajó,258809000,6.4,90.0,14.0
2026-09-27,Nagy-Balti-öv,dél,Teherhajó,265039000,7.4,242.0,36.0
2026-09-27,Nagy-Balti-öv,dél,Tanker,265071000,8.7,130.0,22.0
2026-09-27,Nagy-Balti-öv,dél,Tanker,265072000,8.8,130.0,22.0
2026-09-27,Nagy-Balti-öv,észak,Tanker,266436000,5.6,100.0,18.0
2026-09-27,Nagy-Balti-öv,dél,Teherhajó,268246900,5.2,88.0,12.0
2026-09-27,Nagy-Balti-öv,észak,Teherhajó,271000874,12.3,190.0,33.0
2026-09-27,Nagy-Balti-öv,dél,Teherhajó,305412000,8.0,129.0,20.0
2026-09-27,Nagy-Balti-öv,észak,Teherhajó,305643000,8.2,138.0,22.0
2026-09-27,Nagy-Balti-öv,észak,Teherhajó,305957000,5.3,89.0,12.0
2026-09-27,Nagy-Balti-öv,észak,Tanker,311000277,8.3,229.0,42.0
2026-09-27,Nagy-Balti-öv,észak,Teherhajó,311000801,8.2,153.0,22.0
2026-09-27,Nagy-Balti-öv,észak,Teherhajó,311002227,14.1,225.0,32.0
2026-09-27,Nagy-Balti-öv,dél,Teherhajó,311002321,12.8,190.0,32.0
2026-09-27,Nagy-Balti-öv,észak,Tanker,311073800,9.5,274.0,48.0
2026-09-27,Nagy-Balti-öv,észak,Tanker,352003888,11.0,176.0,31.0
2026-09-27,Nagy-Balti-öv,észak,Tanker,353287000,7.7,127.0,21.0
2026-09-27,Nagy-Balti-öv,észak,Teherhajó,353732000,8.1,177.0,29.0
2026-09-27,Nagy-Balti-öv,észak,Teherhajó,354396000,11.7,190.0,32.0
2026-09-27,Nagy-Balti-öv,észak,Teherhajó,357175000,8.5,293.0,32.0
2026-09-27,Nagy-Balti-öv,észak,Teherhajó,372938000,14.0,225.0,32.0
2026-09-27,Nagy-Balti-öv,észak,Teherhajó,412478730,10.8,190.0,29.0
2026-09-27,Nagy-Balti-öv,észak,Tanker,538010003,14.3,250.0,44.0
2026-09-27,Nagy-Balti-öv,észak,Teherhajó,538010364,14.5,225.0,32.0
2026-09-27,Nagy-Balti-öv,észak,Teherhajó,538011977,10.5,180.0,30.0
2026-09-27,Nagy-Balti-öv,dél,Tanker,538012731,11.7,180.0,32.0
2026-09-27,Nagy-Balti-öv,dél,Tanker,563069300,13.6,250.0,44.0
2026-09-27,Nagy-Balti-öv,észak,Teherhajó,636018322,11.4,217.0,27.0
2026-09-27,Nagy-Balti-öv,észak,Tanker,636020366,7.3,169.0,26.0
2026-09-27,Nagy-Balti-öv,dél,Teherhajó,636024103,9.2,180.0,28.0
2026-09-27,Nagy-Balti-öv,dél,Tanker,636025638,8.3,244.0,42.0
2026-09-27,Nagy-Balti-öv,dél,Teherhajó,636093159,10.9,222.0,30.0
2026-09-27,Nagy-Balti-öv,észak,Teherhajó,636093385,13.4,229.0,32.0
2026-09-27,Øresund,dél,Teherhajó,209536000,6.1,90.0,13.0
2026-09-27,Øresund,észak,Tanker,209672000,4.5,93.0,15.0
2026-09-27,Øresund,észak,Teherhajó,209731000,5.8,88.0,12.0
2026-09-27,Øresund,dél,Teherhajó,212006000,7.4,170.0,25.0
2026-09-27,Øresund,dél,Teherhajó,215868000,7.1,199.0,32.0
2026-09-27,Øresund,dél,Teherhajó,229245000,4.9,95.0,13.0
2026-09-27,Øresund,észak,Teherhajó,230666000,5.5,90.0,14.0
2026-09-27,Øresund,dél,Teherhajó,244584000,7.0,173.0,25.0
2026-09-27,Øresund,észak,Tanker,244678000,5.1,116.0,15.0
2026-09-27,Øresund,dél,Teherhajó,244780424,6.3,118.0,13.0
2026-09-27,Øresund,dél,Teherhajó,245497000,5.6,89.0,12.0
2026-09-27,Øresund,dél,Teherhajó,246483000,5.8,88.0,13.0
2026-09-27,Øresund,észak,Tanker,246541000,5.1,116.0,15.0
2026-09-27,Øresund,dél,Teherhajó,246873000,4.5,108.0,16.0
2026-09-27,Øresund,dél,Tanker,249223000,6.9,100.0,18.0
2026-09-27,Øresund,észak,Teherhajó,255806436,7.2,141.0,22.0
2026-09-27,Øresund,dél,Tanker,256372000,6.9,250.0,44.0
2026-09-27,Øresund,észak,Teherhajó,257036300,6.2,106.0,14.0
2026-09-27,Øresund,dél,Teherhajó,257415000,6.4,87.0,15.0
2026-09-27,Øresund,észak,Tanker,257550000,6.2,129.0,20.0
2026-09-27,Øresund,dél,Teherhajó,257835000,5.8,90.0,16.0
2026-09-27,Øresund,észak,Teherhajó,258227000,4.4,87.0,15.0
2026-09-27,Øresund,dél,Teherhajó,258622000,5.2,101.0,17.0
2026-09-27,Øresund,dél,Teherhajó,261000205,5.5,90.0,14.0
2026-09-27,Øresund,észak,Tanker,266220000,5.8,130.0,20.0
2026-09-27,Øresund,dél,Tanker,266457000,6.5,150.0,23.0
2026-09-27,Øresund,dél,Teherhajó,273251570,3.5,142.0,18.0
2026-09-27,Øresund,dél,Teherhajó,275510000,5.9,89.0,13.0
2026-09-27,Øresund,észak,Teherhajó,277334000,5.8,105.0,16.0
2026-09-27,Øresund,dél,Teherhajó,277586000,8.8,148.0,25.0
2026-09-27,Øresund,észak,Teherhajó,277586000,8.8,148.0,25.0
2026-09-27,Øresund,dél,Teherhajó,304011029,3.5,89.0,12.0
2026-09-27,Øresund,észak,Teherhajó,304199000,5.9,115.0,15.0
2026-09-27,Øresund,dél,Teherhajó,305073300,3.6,97.0,16.0
2026-09-27,Øresund,dél,Teherhajó,305912000,4.5,90.0,14.0
2026-09-27,Øresund,észak,Teherhajó,309701000,5.4,88.0,14.0
2026-09-27,Øresund,dél,Teherhajó,309937000,6.0,90.0,13.0
2026-09-27,Øresund,észak,Teherhajó,311001793,5.4,88.0,13.0
2026-09-27,Øresund,dél,Tanker,314001082,6.7,185.0,32.0
2026-09-27,Øresund,dél,Teherhajó,314516000,5.4,104.0,20.0
2026-09-27,Øresund,dél,Teherhajó,314753000,7.1,143.0,22.0
2026-09-27,Øresund,dél,Tanker,314807000,5.5,120.0,20.0
2026-09-27,Øresund,észak,Tanker,352006339,4.5,100.0,18.0
2026-09-27,Øresund,dél,Teherhajó,353544000,7.6,225.0,32.0
2026-09-27,Øresund,dél,Teherhajó,356479000,6.0,190.0,32.0
2026-09-27,Øresund,dél,Teherhajó,374927000,7.3,225.0,33.0
2026-09-27,Øresund,dél,Teherhajó,538007150,6.7,190.0,32.0
2026-09-27,Øresund,észak,Tanker,538007350,7.0,160.0,26.0
2026-09-27,Øresund,dél,Teherhajó,538007629,6.7,190.0,32.0
2026-09-27,Øresund,dél,Teherhajó,538013056,7.5,255.0,43.0
2026-09-27,Øresund,dél,Tanker,563101700,5.9,99.0,17.0
2026-09-27,Øresund,dél,Tanker,563335100,7.2,180.0,27.0
2026-09-27,Øresund,dél,Tanker,631010120,7.3,183.0,32.0
2026-09-27,Øresund,észak,Tanker,636016683,5.2,108.0,17.0
2026-09-27,Øresund,észak,Teherhajó,636019354,6.3,141.0,22.0
2026-09-27,Øresund,dél,Teherhajó,636025826,7.1,180.0,30.0
2026-09-28,Nagy-Balti-öv,dél,Tanker,209217000,5.6,104.0,17.0
2026-09-28,Nagy-Balti-öv,dél,Teherhajó,212378000,4.5,90.0,16.0
2026-09-28,Nagy-Balti-öv,dél,Teherhajó,218801000,4.2,82.0,11.0
2026-09-28,Nagy-Balti-öv,észak,Tanker,229094000,13.3,244.0,42.0
2026-09-28,Nagy-Balti-öv,észak,Teherhajó,232051710,12.0,190.0,32.0
2026-09-28,Nagy-Balti-öv,dél,Teherhajó,236729000,7.3,116.0,16.0
2026-09-28,Nagy-Balti-öv,dél,Teherhajó,244067000,3.3,88.0,13.0
2026-09-28,Nagy-Balti-öv,észak,Teherhajó,245190000,4.2,89.0,14.0
2026-09-28,Nagy-Balti-öv,dél,Teherhajó,245897000,7.0,205.0,26.0
2026-09-28,Nagy-Balti-öv,észak,Tanker,247062400,11.0,176.0,30.0
2026-09-28,Nagy-Balti-öv,észak,Tanker,248180000,5.9,101.0,16.0
2026-09-28,Nagy-Balti-öv,dél,Tanker,255915977,8.3,149.0,24.0
2026-09-28,Nagy-Balti-öv,észak,Teherhajó,255916312,7.9,148.0,27.0
2026-09-28,Nagy-Balti-öv,észak,Teherhajó,255916314,7.4,148.0,27.0
2026-09-28,Nagy-Balti-öv,észak,Teherhajó,256708000,10.2,205.0,30.0
2026-09-28,Nagy-Balti-öv,dél,Teherhajó,257035870,4.2,90.0,14.0
2026-09-28,Nagy-Balti-öv,dél,Tanker,257374000,8.9,140.0,22.0
2026-09-28,Nagy-Balti-öv,dél,Teherhajó,258114000,5.7,90.0,16.0
2026-09-28,Nagy-Balti-öv,észak,Tanker,258689000,8.9,186.0,32.0
2026-09-28,Nagy-Balti-öv,dél,Tanker,259127000,11.9,225.0,36.0
2026-09-28,Nagy-Balti-öv,észak,Teherhajó,265022000,8.0,242.0,36.0
2026-09-28,Nagy-Balti-öv,észak,Teherhajó,271046628,12.6,190.0,34.0
2026-09-28,Nagy-Balti-öv,dél,Teherhajó,304819000,10.5,190.0,29.0
2026-09-28,Nagy-Balti-öv,dél,Teherhajó,304829000,10.5,190.0,29.0
2026-09-28,Nagy-Balti-öv,észak,Teherhajó,305967000,5.7,82.0,13.0
2026-09-28,Nagy-Balti-öv,észak,Tanker,311001591,9.7,277.0,46.0
2026-09-28,Nagy-Balti-öv,észak,Teherhajó,311002167,10.7,183.0,30.0
2026-09-28,Nagy-Balti-öv,dél,Tanker,314001174,8.6,253.0,44.0
2026-09-28,Nagy-Balti-öv,észak,Teherhajó,314377000,5.9,90.0,15.0
2026-09-28,Nagy-Balti-öv,észak,Teherhajó,314661000,7.0,122.0,16.0
2026-09-28,Nagy-Balti-öv,észak,Teherhajó,341260000,8.3,158.0,25.0
2026-09-28,Nagy-Balti-öv,észak,Teherhajó,352004173,14.3,225.0,32.0
2026-09-28,Nagy-Balti-öv,dél,Teherhajó,352004736,7.6,225.0,32.0
2026-09-28,Nagy-Balti-öv,dél,Teherhajó,354141000,10.1,180.0,30.0
2026-09-28,Nagy-Balti-öv,észak,Teherhajó,354711000,11.7,196.0,33.0
2026-09-28,Nagy-Balti-öv,dél,Teherhajó,354962000,9.0,300.0,44.0
2026-09-28,Nagy-Balti-öv,dél,Tanker,477227500,9.0,275.0,48.0
2026-09-28,Nagy-Balti-öv,észak,Teherhajó,477301600,11.2,190.0,32.0
2026-09-28,Nagy-Balti-öv,észak,Tanker,538005774,10.6,184.0,27.0
2026-09-28,Nagy-Balti-öv,észak,Teherhajó,538006850,10.7,179.0,28.0
2026-09-28,Nagy-Balti-öv,észak,Teherhajó,538007176,10.4,190.0,32.0
2026-09-28,Nagy-Balti-öv,észak,Teherhajó,538010036,14.5,229.0,38.0
2026-09-28,Nagy-Balti-öv,észak,Teherhajó,566060000,10.0,162.0,24.0
2026-09-28,Nagy-Balti-öv,dél,Teherhajó,566955000,11.0,398.0,51.0
2026-09-28,Nagy-Balti-öv,dél,Teherhajó,636015646,8.3,220.0,33.0
2026-09-28,Nagy-Balti-öv,észak,Teherhajó,636017555,10.3,177.0,28.0
2026-09-28,Nagy-Balti-öv,észak,Teherhajó,636018326,9.7,216.0,27.0
2026-09-28,Nagy-Balti-öv,dél,Teherhajó,636021018,9.1,200.0,32.0
2026-09-28,Nagy-Balti-öv,észak,Tanker,636021919,8.6,127.0,20.0
2026-09-28,Nagy-Balti-öv,dél,Tanker,667002511,8.5,274.0,48.0
2026-09-28,Øresund,dél,Teherhajó,209184000,6.1,186.0,27.0
2026-09-28,Øresund,észak,Teherhajó,209536000,3.7,90.0,13.0
2026-09-28,Øresund,dél,Teherhajó,210350000,5.4,100.0,16.0
2026-09-28,Øresund,dél,Teherhajó,211265530,5.5,100.0,19.0
2026-09-28,Øresund,dél,Teherhajó,211870240,7.5,159.0,22.0
2026-09-28,Øresund,észak,Tanker,212123000,5.7,100.0,15.0
2026-09-28,Øresund,észak,Teherhajó,212360000,6.3,96.0,14.0
2026-09-28,Øresund,észak,Teherhajó,212820000,5.9,90.0,14.0
2026-09-28,Øresund,dél,Tanker,215064000,6.1,88.0,15.0
2026-09-28,Øresund,dél,Teherhajó,215468000,6.6,185.0,32.0
2026-09-28,Øresund,dél,Teherhajó,218816000,8.0,135.0,23.0
2026-09-28,Øresund,észak,Tanker,219008000,6.8,147.0,22.0
2026-09-28,Øresund,észak,Tanker,219029722,6.7,147.0,22.0
2026-09-28,Øresund,dél,Teherhajó,228027900,7.2,160.0,28.0
2026-09-28,Øresund,dél,Teherhajó,230697000,6.7,238.0,35.0
2026-09-28,Øresund,észak,Teherhajó,230984000,6.7,141.0,22.0
2026-09-28,Øresund,észak,Teherhajó,231815000,7.2,105.0,14.0
2026-09-28,Øresund,észak,Teherhajó,231921000,4.1,90.0,16.0
2026-09-28,Øresund,dél,Teherhajó,245246000,3.0,88.0,13.0
2026-09-28,Øresund,észak,Teherhajó,246483000,5.4,88.0,13.0
2026-09-28,Øresund,dél,Tanker,248891000,5.0,106.0,17.0
2026-09-28,Øresund,dél,Teherhajó,249296000,7.4,200.0,32.0
2026-09-28,Øresund,dél,Tanker,249362000,6.7,100.0,18.0
2026-09-28,Øresund,észak,Tanker,255805753,6.8,101.0,16.0
2026-09-28,Øresund,dél,Teherhajó,255805989,4.2,100.0,14.0
2026-09-28,Øresund,dél,Teherhajó,255915748,3.3,89.0,12.0
2026-09-28,Øresund,dél,Teherhajó,255916295,7.7,107.0,18.0
2026-09-28,Øresund,dél,Teherhajó,255916312,7.9,148.0,27.0
2026-09-28,Øresund,dél,Teherhajó,255916493,3.4,89.0,13.0
2026-09-28,Øresund,dél,Tanker,255916581,6.5,162.0,23.0
2026-09-28,Øresund,dél,Teherhajó,257306000,5.6,147.0,19.0
2026-09-28,Øresund,észak,Tanker,257409000,6.4,140.0,22.0
2026-09-28,Øresund,dél,Teherhajó,258059000,6.4,87.0,15.0
2026-09-28,Øresund,észak,Tanker,258715000,4.2,89.0,13.0
2026-09-28,Øresund,dél,Tanker,266009000,6.5,116.0,16.0
2026-09-28,Øresund,dél,Tanker,266476000,6.8,119.0,17.0
2026-09-28,Øresund,észak,Teherhajó,268249201,6.6,92.0,15.0
2026-09-28,Øresund,dél,Teherhajó,273343810,4.0,99.0,17.0
2026-09-28,Øresund,dél,Teherhajó,273350280,3.7,140.0,17.0
2026-09-28,Øresund,dél,Teherhajó,273351280,4.2,140.0,17.0
2026-09-28,Øresund,dél,Teherhajó,273619640,3.4,142.0,18.0
2026-09-28,Øresund,dél,Teherhajó,275519000,5.7,99.0,14.0
2026-09-28,Øresund,dél,Teherhajó,305666000,6.5,119.0,14.0
2026-09-28,Øresund,dél,Teherhajó,308654000,6.8,148.0,25.0
2026-09-28,Øresund,dél,Teherhajó,308803000,7.4,148.0,25.0
2026-09-28,Øresund,dél,Teherhajó,477735700,6.6,190.0,33.0
2026-09-28,Øresund,észak,Teherhajó,511100505,3.8,90.0,14.0
2026-09-28,Øresund,dél,Teherhajó,538008213,6.4,180.0,30.0
2026-09-28,Øresund,észak,Tanker,538011287,7.7,183.0,32.0
2026-09-28,Øresund,észak,Tanker,563186400,6.9,184.0,27.0
2026-09-28,Øresund,dél,Tanker,563326600,4.3,99.0,18.0
2026-09-28,Øresund,dél,Teherhajó,577315000,6.4,90.0,15.0
2026-09-28,Øresund,dél,Teherhajó,636022047,8.9,161.0,25.0
2026-09-28,Øresund,dél,Teherhajó,636093369,7.2,180.0,32.0
2026-09-29,Nagy-Balti-öv,észak,Teherhajó,209239000,5.0,87.0,13.0
2026-09-29,Nagy-Balti-öv,észak,Teherhajó,209938000,4.4,82.0,11.0
2026-09-29,Nagy-Balti-öv,dél,Teherhajó,209977000,4.8,90.0,16.0
2026-09-29,Nagy-Balti-öv,dél,Teherhajó,219001284,2.2,31.0,7.0
2026-09-29,Nagy-Balti-öv,dél,Teherhajó,230642000,5.8,187.0,27.0
2026-09-29,Nagy-Balti-öv,észak,Teherhajó,244321000,3.7,89.0,14.0
2026-09-29,Nagy-Balti-öv,észak,Tanker,247273700,10.8,180.0,32.0
2026-09-29,Nagy-Balti-öv,észak,Teherhajó,255755000,4.5,114.0,15.0
2026-09-29,Nagy-Balti-öv,észak,Teherhajó,255806048,10.8,190.0,28.0
2026-09-29,Nagy-Balti-öv,dél,Teherhajó,255915954,5.9,88.0,13.0
2026-09-29,Nagy-Balti-öv,észak,Tanker,255915978,6.5,149.0,24.0
2026-09-29,Nagy-Balti-öv,észak,Teherhajó,256794000,14.8,229.0,32.0
2026-09-29,Nagy-Balti-öv,dél,Teherhajó,256883000,7.7,205.0,30.0
2026-09-29,Nagy-Balti-öv,dél,Tanker,257555000,9.2,144.0,23.0
2026-09-29,Nagy-Balti-öv,dél,Teherhajó,258009780,5.3,88.0,12.0
2026-09-29,Nagy-Balti-öv,észak,Teherhajó,266232000,7.3,191.0,26.0
2026-09-29,Nagy-Balti-öv,észak,Tanker,266420000,8.5,149.0,24.0
2026-09-29,Nagy-Balti-öv,dél,Tanker,273618730,8.7,250.0,44.0
2026-09-29,Nagy-Balti-öv,észak,Teherhajó,304482000,4.9,85.0,13.0
2026-09-29,Nagy-Balti-öv,észak,Teherhajó,304819000,7.2,190.0,29.0
2026-09-29,Nagy-Balti-öv,dél,Teherhajó,305425000,10.9,176.0,26.0
2026-09-29,Nagy-Balti-öv,észak,Tanker,311000820,8.4,237.0,44.0
2026-09-29,Nagy-Balti-öv,észak,Teherhajó,311001018,9.1,150.0,22.0
2026-09-29,Nagy-Balti-öv,dél,Teherhajó,311001808,2.8,82.0,11.0
2026-09-29,Nagy-Balti-öv,észak,Tanker,352001148,12.2,189.0,32.0
2026-09-29,Nagy-Balti-öv,dél,Teherhajó,352002534,10.6,254.0,32.0
2026-09-29,Nagy-Balti-öv,dél,Teherhajó,352005801,10.1,190.0,30.0
2026-09-29,Nagy-Balti-öv,dél,Teherhajó,352006937,4.5,130.0,16.0
2026-09-29,Nagy-Balti-öv,észak,Teherhajó,357988000,13.3,316.0,46.0
2026-09-29,Nagy-Balti-öv,dél,Teherhajó,371693000,5.8,153.0,23.0
2026-09-29,Nagy-Balti-öv,észak,Teherhajó,376908000,11.0,232.0,32.0
2026-09-29,Nagy-Balti-öv,dél,Tanker,461000233,8.2,243.0,42.0
2026-09-29,Nagy-Balti-öv,észak,Teherhajó,477594100,7.7,229.0,32.0
2026-09-29,Nagy-Balti-öv,dél,Teherhajó,477890700,14.3,399.0,61.0
2026-09-29,Nagy-Balti-öv,észak,Tanker,525107008,11.0,174.0,29.0
2026-09-29,Nagy-Balti-öv,észak,Tanker,525121121,11.0,182.0,27.0
2026-09-29,Nagy-Balti-öv,észak,Tanker,538002622,13.3,228.0,32.0
2026-09-29,Nagy-Balti-öv,észak,Tanker,538006497,4.8,101.0,18.0
2026-09-29,Nagy-Balti-öv,dél,Teherhajó,538006787,10.1,199.0,24.0
2026-09-29,Nagy-Balti-öv,észak,Tanker,538010456,14.3,250.0,44.0
2026-09-29,Nagy-Balti-öv,dél,Teherhajó,630001194,10.4,198.0,28.0
2026-09-29,Nagy-Balti-öv,dél,Teherhajó,636018563,11.6,261.0,32.0
2026-09-29,Nagy-Balti-öv,észak,Teherhajó,636021003,14.1,229.0,32.0
2026-09-29,Nagy-Balti-öv,észak,Tanker,636025561,8.0,183.0,32.0
2026-09-29,Nagy-Balti-öv,észak,Teherhajó,636093310,10.4,179.0,32.0
2026-09-29,Øresund,dél,Teherhajó,210704000,4.3,90.0,13.0
2026-09-29,Øresund,észak,Teherhajó,211141000,8.6,134.0,23.0
2026-09-29,Øresund,dél,Teherhajó,211271770,4.3,74.0,11.0
2026-09-29,Øresund,dél,Tanker,212123000,5.0,100.0,15.0
2026-09-29,Øresund,dél,Teherhajó,219207000,3.1,66.0,10.0
2026-09-29,Øresund,észak,Teherhajó,230712000,7.4,120.0,16.0
2026-09-29,Øresund,észak,Teherhajó,232033026,6.5,106.0,14.0
2026-09-29,Øresund,észak,Teherhajó,245246000,4.1,88.0,13.0
2026-09-29,Øresund,észak,Teherhajó,246602000,7.1,128.0,16.0
2026-09-29,Øresund,észak,Teherhajó,255806300,6.8,135.0,22.0
2026-09-29,Øresund,észak,Teherhajó,255916312,7.9,148.0,27.0
2026-09-29,Øresund,észak,Teherhajó,255916493,5.5,89.0,13.0
2026-09-29,Øresund,észak,Teherhajó,258622000,5.4,101.0,17.0
2026-09-29,Øresund,dél,Tanker,265610040,5.8,80.0,14.0
2026-09-29,Øresund,dél,Tanker,266464000,6.0,120.0,19.0
2026-09-29,Øresund,észak,Tanker,266466000,5.4,129.0,20.0
2026-09-29,Øresund,dél,Teherhajó,268251601,2.4,79.0,10.0
2026-09-29,Øresund,dél,Tanker,273120730,7.1,248.0,44.0
2026-09-29,Øresund,észak,Teherhajó,305764000,5.3,88.0,12.0
2026-09-29,Øresund,észak,Teherhajó,311001811,4.6,83.0,11.0
2026-09-29,Øresund,dél,Teherhajó,314740000,4.7,121.0,16.0
2026-09-29,Øresund,észak,Teherhajó,338614000,5.9,142.0,23.0
2026-09-29,Øresund,dél,Tanker,352004997,7.0,250.0,44.0
2026-09-29,Øresund,dél,Teherhajó,352898696,7.1,199.0,32.0
2026-09-29,Øresund,észak,Teherhajó,355351000,6.0,139.0,23.0
2026-09-29,Øresund,dél,Teherhajó,357381000,7.0,225.0,32.0
2026-09-29,Øresund,dél,Teherhajó,538012362,6.4,179.0,30.0
2026-09-29,Øresund,dél,Teherhajó,538013125,7.1,180.0,30.0
2026-09-29,Øresund,dél,Teherhajó,563314500,7.0,197.0,32.0
2026-09-29,Øresund,dél,Tanker,636019884,7.1,173.0,28.0
2026-09-29,Øresund,dél,Teherhajó,636019972,7.3,229.0,32.0
2026-09-29,Øresund,észak,Teherhajó,636022047,9.5,161.0,25.0
2026-09-29,Øresund,dél,Teherhajó,636023944,8.2,172.0,28.0
2026-09-30,Nagy-Balti-öv,dél,Teherhajó,211141000,8.6,134.0,23.0
2026-09-30,Nagy-Balti-öv,észak,Teherhajó,212338000,5.0,90.0,16.0
2026-09-30,Nagy-Balti-öv,dél,Tanker,219029722,8.9,147.0,22.0
2026-09-30,Nagy-Balti-öv,dél,Tanker,228432600,11.6,299.0,46.0
2026-09-30,Nagy-Balti-öv,észak,Teherhajó,236729000,4.3,116.0,16.0
2026-09-30,Nagy-Balti-öv,dél,Teherhajó,249874000,9.6,169.0,26.0
2026-09-30,Nagy-Balti-öv,dél,Teherhajó,255769000,6.8,107.0,15.0
2026-09-30,Nagy-Balti-öv,észak,Teherhajó,255769000,6.8,107.0,15.0
2026-09-30,Nagy-Balti-öv,észak,Teherhajó,255806081,10.9,179.0,27.0
2026-09-30,Nagy-Balti-öv,észak,Teherhajó,255806185,6.6,150.0,26.0
2026-09-30,Nagy-Balti-öv,dél,Teherhajó,255916312,7.7,148.0,27.0
2026-09-30,Nagy-Balti-öv,dél,Teherhajó,255916313,8.3,148.0,27.0
2026-09-30,Nagy-Balti-öv,észak,Teherhajó,256768000,11.0,180.0,30.0
2026-09-30,Nagy-Balti-öv,dél,Teherhajó,256918000,8.3,131.0,19.0
2026-09-30,Nagy-Balti-öv,dél,Tanker,257364000,5.1,90.0,14.0
2026-09-30,Nagy-Balti-öv,észak,Tanker,257364000,5.1,90.0,14.0
2026-09-30,Nagy-Balti-öv,észak,Teherhajó,258009780,3.8,88.0,12.0
2026-09-30,Nagy-Balti-öv,észak,Teherhajó,258114000,3.7,90.0,16.0
2026-09-30,Nagy-Balti-öv,észak,Tanker,258121000,9.3,147.0,24.0
2026-09-30,Nagy-Balti-öv,észak,Teherhajó,258763000,5.8,94.0,15.0
2026-09-30,Nagy-Balti-öv,dél,Tanker,266466000,7.9,129.0,20.0
2026-09-30,Nagy-Balti-öv,észak,Teherhajó,271043190,6.2,97.0,12.0
2026-09-30,Nagy-Balti-öv,dél,Tanker,273277840,8.6,244.0,42.0
2026-09-30,Nagy-Balti-öv,észak,Teherhajó,304108000,5.1,90.0,14.0
2026-09-30,Nagy-Balti-öv,észak,Teherhajó,304274000,3.8,80.0,12.0
2026-09-30,Nagy-Balti-öv,észak,Teherhajó,311001808,4.8,82.0,11.0
2026-09-30,Nagy-Balti-öv,észak,Teherhajó,311002095,10.9,190.0,32.0
2026-09-30,Nagy-Balti-öv,észak,Teherhajó,341698001,10.8,172.0,27.0
2026-09-30,Nagy-Balti-öv,észak,Teherhajó,352002982,10.7,172.0,27.0
2026-09-30,Nagy-Balti-öv,észak,Tanker,352004264,14.9,274.0,50.0
2026-09-30,Nagy-Balti-öv,észak,Teherhajó,352978174,14.2,225.0,32.0
2026-09-30,Nagy-Balti-öv,észak,Teherhajó,405000443,13.0,200.0,36.0
2026-09-30,Nagy-Balti-öv,dél,Teherhajó,538005278,11.0,188.0,27.0
2026-09-30,Nagy-Balti-öv,észak,Teherhajó,538010328,13.3,199.0,32.0
2026-09-30,Nagy-Balti-öv,dél,Teherhajó,538010871,10.7,180.0,30.0
2026-09-30,Nagy-Balti-öv,észak,Teherhajó,563106200,10.1,180.0,30.0
2026-09-30,Nagy-Balti-öv,észak,Teherhajó,563249700,10.9,200.0,32.0
2026-09-30,Nagy-Balti-öv,észak,Teherhajó,636015891,8.8,175.0,27.0
2026-09-30,Nagy-Balti-öv,dél,Tanker,636016364,9.5,146.0,26.0
2026-09-30,Nagy-Balti-öv,észak,Teherhajó,636024960,8.7,289.0,45.0
2026-09-30,Nagy-Balti-öv,észak,Teherhajó,636025150,10.2,177.0,28.0
2026-09-30,Nagy-Balti-öv,észak,Teherhajó,636025269,10.9,224.0,31.0
2026-09-30,Nagy-Balti-öv,észak,Tanker,636025810,14.6,250.0,44.0
2026-09-30,Nagy-Balti-öv,dél,Teherhajó,636092979,14.6,260.0,43.0
2026-09-30,Øresund,dél,Teherhajó,212360000,4.6,96.0,14.0
2026-09-30,Øresund,dél,Teherhajó,212537000,5.9,141.0,21.0
2026-09-30,Øresund,dél,Teherhajó,212882000,5.4,100.0,20.0
2026-09-30,Øresund,dél,Teherhajó,219304000,9.7,179.0,31.0
2026-09-30,Øresund,észak,Tanker,219775000,7.2,147.0,22.0
2026-09-30,Øresund,dél,Teherhajó,232018048,6.9,180.0,32.0
2026-09-30,Øresund,dél,Teherhajó,241075000,6.3,190.0,33.0
2026-09-30,Øresund,észak,Teherhajó,244130642,5.6,90.0,13.0
2026-09-30,Øresund,dél,Teherhajó,244689000,6.7,111.0,14.0
2026-09-30,Øresund,észak,Teherhajó,244770997,6.1,130.0,16.0
2026-09-30,Øresund,dél,Teherhajó,245246000,3.2,88.0,13.0
2026-09-30,Øresund,dél,Tanker,246354000,6.5,100.0,16.0
2026-09-30,Øresund,észak,Teherhajó,246820000,3.9,88.0,14.0
2026-09-30,Øresund,dél,Tanker,248886000,6.4,88.0,14.0
2026-09-30,Øresund,észak,Tanker,248886000,6.4,88.0,14.0
2026-09-30,Øresund,észak,Teherhajó,255916285,3.3,89.0,12.0
2026-09-30,Øresund,dél,Teherhajó,255916314,7.4,148.0,27.0
2026-09-30,Øresund,dél,Tanker,255917333,7.4,124.0,18.0
2026-09-30,Øresund,észak,Teherhajó,257076220,5.6,89.0,13.0
2026-09-30,Øresund,észak,Teherhajó,257306000,5.0,147.0,19.0
2026-09-30,Øresund,észak,Teherhajó,257415000,4.7,87.0,15.0
2026-09-30,Øresund,dél,Teherhajó,257755000,6.0,90.0,14.0
2026-09-30,Øresund,dél,Teherhajó,257782000,6.7,116.0,16.0
2026-09-30,Øresund,dél,Teherhajó,257836000,5.6,88.0,13.0
2026-09-30,Øresund,észak,Teherhajó,257857000,3.8,90.0,14.0
2026-09-30,Øresund,dél,Tanker,258751000,6.5,144.0,23.0
2026-09-30,Øresund,észak,Tanker,266212000,4.8,80.0,14.0
2026-09-30,Øresund,dél,Tanker,266475000,7.1,120.0,17.0
2026-09-30,Øresund,dél,Teherhajó,273351000,4.4,140.0,16.0
2026-09-30,Øresund,dél,Teherhajó,273362000,3.4,118.0,14.0
2026-09-30,Øresund,észak,Teherhajó,273379740,7.7,134.0,18.0
2026-09-30,Øresund,észak,Teherhajó,275510000,4.3,89.0,13.0
2026-09-30,Øresund,észak,Teherhajó,275546000,4.4,90.0,13.0
2026-09-30,Øresund,dél,Teherhajó,304047000,4.6,106.0,15.0
2026-09-30,Øresund,észak,Teherhajó,304690000,5.1,117.0,18.0
2026-09-30,Øresund,dél,Teherhajó,305224000,4.2,89.0,14.0
2026-09-30,Øresund,észak,Teherhajó,305373000,5.2,107.0,15.0
2026-09-30,Øresund,dél,Teherhajó,305445000,4.9,107.0,15.0
2026-09-30,Øresund,észak,Teherhajó,308654000,7.6,148.0,25.0
2026-09-30,Øresund,észak,Teherhajó,311000712,6.2,115.0,18.0
2026-09-30,Øresund,dél,Teherhajó,311001783,3.2,82.0,11.0
2026-09-30,Øresund,dél,Teherhajó,356680000,7.2,229.0,32.0
2026-09-30,Øresund,dél,Teherhajó,373556000,6.6,190.0,32.0
2026-09-30,Øresund,dél,Teherhajó,477464100,6.2,180.0,28.0
2026-09-30,Øresund,észak,Tanker,563101700,4.9,99.0,17.0
2026-09-30,Øresund,észak,Tanker,563326600,4.5,99.0,18.0
2026-09-30,Øresund,dél,Tanker,636022162,10.2,183.0,32.0
2026-09-30,Øresund,dél,Teherhajó,636023122,7.4,188.0,32.0
2026-09-30,Øresund,észak,Teherhajó,636023944,8.0,172.0,28.0
2026-09-30,Øresund,dél,Teherhajó,636024051,6.9,181.0,30.0
2026-09-30,Øresund,dél,Teherhajó,636093395,7.5,229.0,32.0
2026-09-30,Øresund,dél,Tanker,667002294,7.0,251.0,43.0
2026-10-01,Nagy-Balti-öv,dél,Teherhajó,209535000,6.0,90.0,13.0
2026-10-01,Nagy-Balti-öv,észak,Teherhajó,210100000,5.1,89.0,13.0
2026-10-01,Nagy-Balti-öv,dél,Teherhajó,212338000,4.7,90.0,16.0
2026-10-01,Nagy-Balti-öv,dél,Teherhajó,212810000,7.7,120.0,16.0
2026-10-01,Nagy-Balti-öv,dél,Tanker,219008000,8.8,147.0,22.0
2026-10-01,Nagy-Balti-öv,dél,Teherhajó,219136000,9.6,200.0,36.0
2026-10-01,Nagy-Balti-öv,észak,Teherhajó,229630000,6.8,142.0,20.0
2026-10-01,Nagy-Balti-öv,dél,Teherhajó,229859000,11.5,225.0,32.0
2026-10-01,Nagy-Balti-öv,észak,Tanker,230687000,8.5,250.0,44.0
2026-10-01,Nagy-Balti-öv,észak,Teherhajó,231908000,4.8,86.0,12.0
2026-10-01,Nagy-Balti-öv,dél,Teherhajó,244464000,8.8,149.0,16.0
2026-10-01,Nagy-Balti-öv,dél,Teherhajó,245539000,6.8,138.0,22.0
2026-10-01,Nagy-Balti-öv,észak,Teherhajó,246452000,10.2,168.0,25.0
2026-10-01,Nagy-Balti-öv,dél,Teherhajó,246820000,3.9,88.0,14.0
2026-10-01,Nagy-Balti-öv,észak,Teherhajó,249740000,10.5,190.0,24.0
2026-10-01,Nagy-Balti-öv,észak,Teherhajó,255915668,5.5,90.0,13.0
2026-10-01,Nagy-Balti-öv,dél,Teherhajó,255916026,6.6,120.0,16.0
2026-10-01,Nagy-Balti-öv,dél,Teherhajó,257064430,6.4,90.0,14.0
2026-10-01,Nagy-Balti-öv,észak,Teherhajó,257064430,6.4,90.0,14.0
2026-10-01,Nagy-Balti-öv,észak,Teherhajó,257114000,6.3,95.0,14.0
2026-10-01,Nagy-Balti-öv,dél,Teherhajó,257207000,3.8,90.0,14.0
2026-10-01,Nagy-Balti-öv,észak,Teherhajó,257207000,3.8,90.0,14.0
2026-10-01,Nagy-Balti-öv,észak,Teherhajó,257527000,10.0,199.0,31.0
2026-10-01,Nagy-Balti-öv,dél,Tanker,266464000,7.7,120.0,19.0
2026-10-01,Nagy-Balti-öv,észak,Teherhajó,268246900,4.8,88.0,12.0
2026-10-01,Nagy-Balti-öv,dél,Tanker,273120300,10.0,181.0,27.0
2026-10-01,Nagy-Balti-öv,észak,Tanker,273129220,14.8,244.0,42.0
2026-10-01,Nagy-Balti-öv,észak,Teherhajó,305059300,12.8,190.0,32.0
2026-10-01,Nagy-Balti-öv,dél,Teherhajó,305967000,3.5,82.0,13.0
2026-10-01,Nagy-Balti-öv,észak,Teherhajó,314800000,10.2,170.0,27.0
2026-10-01,Nagy-Balti-öv,dél,Teherhajó,351773000,8.9,210.0,37.0
2026-10-01,Nagy-Balti-öv,észak,Teherhajó,352001656,13.0,199.0,32.0
2026-10-01,Nagy-Balti-öv,észak,Teherhajó,352004990,12.6,199.0,32.0
2026-10-01,Nagy-Balti-öv,dél,Teherhajó,352005266,10.3,199.0,32.0
2026-10-01,Nagy-Balti-öv,észak,Teherhajó,352469000,12.7,199.0,32.0
2026-10-01,Nagy-Balti-öv,észak,Teherhajó,353381000,12.0,190.0,32.0
2026-10-01,Nagy-Balti-öv,észak,Teherhajó,354540000,10.4,237.0,32.0
2026-10-01,Nagy-Balti-öv,észak,Teherhajó,356639000,8.4,190.0,30.0
2026-10-01,Nagy-Balti-öv,dél,Tanker,372119000,9.3,277.0,48.0
2026-10-01,Nagy-Balti-öv,dél,Teherhajó,477826400,8.2,229.0,32.0
2026-10-01,Nagy-Balti-öv,dél,Tanker,538006211,5.3,99.0,17.0
2026-10-01,Nagy-Balti-öv,észak,Tanker,538006611,9.0,146.0,25.0
2026-10-01,Nagy-Balti-öv,észak,Teherhajó,538007353,10.9,190.0,24.0
2026-10-01,Nagy-Balti-öv,észak,Tanker,538009926,10.5,180.0,29.0
2026-10-01,Nagy-Balti-öv,észak,Tanker,538012009,13.0,182.0,32.0
2026-10-01,Nagy-Balti-öv,dél,Teherhajó,538012184,14.6,229.0,32.0
2026-10-01,Nagy-Balti-öv,dél,Teherhajó,538012549,12.0,229.0,32.0
2026-10-01,Nagy-Balti-öv,dél,Tanker,563074600,15.0,250.0,44.0
2026-10-01,Nagy-Balti-öv,dél,Teherhajó,563315700,7.3,199.0,32.0
2026-10-01,Nagy-Balti-öv,észak,Teherhajó,566955000,11.0,398.0,51.0
2026-10-01,Nagy-Balti-öv,dél,Teherhajó,636016431,11.8,281.0,32.0
2026-10-01,Nagy-Balti-öv,észak,Tanker,636018682,14.3,250.0,44.0
2026-10-01,Nagy-Balti-öv,dél,Teherhajó,636018923,5.3,135.0,23.0
2026-10-01,Nagy-Balti-öv,észak,Teherhajó,636021805,10.1,180.0,30.0
2026-10-01,Nagy-Balti-öv,dél,Teherhajó,636023138,9.8,160.0,24.0
2026-10-01,Nagy-Balti-öv,észak,Teherhajó,636023215,14.4,229.0,36.0
2026-10-01,Nagy-Balti-öv,észak,Teherhajó,636023501,10.6,180.0,30.0
2026-10-01,Nagy-Balti-öv,észak,Teherhajó,636024390,12.0,272.0,43.0
2026-10-01,Nagy-Balti-öv,észak,Teherhajó,636025801,8.7,169.0,25.0
2026-10-01,Nagy-Balti-öv,észak,Tanker,667001451,15.0,244.0,42.0
2026-10-01,Nagy-Balti-öv,észak,Tanker,667002362,9.7,274.0,48.0
2026-10-01,Øresund,dél,Teherhajó,209525000,6.1,90.0,13.0
2026-10-01,Øresund,dél,Tanker,210144000,11.6,186.0,32.0
2026-10-01,Øresund,észak,Teherhajó,210704000,6.2,90.0,13.0
2026-10-01,Øresund,dél,Teherhajó,218055710,5.7,87.0,15.0
2026-10-01,Øresund,észak,Teherhajó,218816000,8.4,135.0,23.0
2026-10-01,Øresund,észak,Teherhajó,219304000,9.6,179.0,31.0
2026-10-01,Øresund,észak,Teherhajó,229246000,5.0,95.0,13.0
2026-10-01,Øresund,dél,Teherhajó,230715000,6.4,120.0,16.0
2026-10-01,Øresund,észak,Teherhajó,231906000,6.4,89.0,13.0
2026-10-01,Øresund,észak,Teherhajó,232018267,5.1,90.0,15.0
2026-10-01,Øresund,észak,Teherhajó,244140468,6.3,110.0,14.0
2026-10-01,Øresund,dél,Teherhajó,244828000,4.2,122.0,14.0
2026-10-01,Øresund,észak,Teherhajó,245246000,4.7,88.0,13.0
2026-10-01,Øresund,dél,Teherhajó,246188000,5.9,112.0,15.0
2026-10-01,Øresund,észak,Teherhajó,246498000,4.3,91.0,14.0
2026-10-01,Øresund,észak,Teherhajó,246924000,5.2,82.0,12.0
2026-10-01,Øresund,észak,Tanker,249223000,5.6,100.0,18.0
2026-10-01,Øresund,észak,Tanker,249512000,7.0,171.0,27.0
2026-10-01,Øresund,észak,Teherhajó,250005913,7.0,120.0,15.0
2026-10-01,Øresund,dél,Teherhajó,255769000,4.1,107.0,15.0
2026-10-01,Øresund,észak,Teherhajó,255769000,4.1,107.0,15.0
2026-10-01,Øresund,dél,Teherhajó,255805980,4.0,88.0,12.0
2026-10-01,Øresund,dél,Teherhajó,255806352,6.8,141.0,22.0
2026-10-01,Øresund,észak,Teherhajó,255806363,6.6,140.0,23.0
2026-10-01,Øresund,észak,Teherhajó,255916314,7.6,148.0,27.0
2026-10-01,Øresund,dél,Teherhajó,255916493,3.3,89.0,13.0
2026-10-01,Øresund,észak,Tanker,255917333,6.0,124.0,18.0
2026-10-01,Øresund,észak,Teherhajó,256426000,6.4,149.0,23.0
2026-10-01,Øresund,észak,Teherhajó,257870000,5.9,89.0,13.0
2026-10-01,Øresund,dél,Teherhajó,258709000,5.5,88.0,13.0
2026-10-01,Øresund,észak,Teherhajó,258709000,5.5,88.0,13.0
2026-10-01,Øresund,észak,Tanker,265072000,5.8,130.0,22.0
2026-10-01,Øresund,észak,Teherhajó,265411000,6.8,161.0,24.0
2026-10-01,Øresund,észak,Tanker,266464000,7.7,120.0,19.0
2026-10-01,Øresund,észak,Tanker,266475000,5.0,120.0,17.0
2026-10-01,Øresund,észak,Teherhajó,268251601,3.1,79.0,10.0
2026-10-01,Øresund,dél,Tanker,271002685,5.5,100.0,16.0
2026-10-01,Øresund,dél,Teherhajó,273297850,5.3,127.0,20.0
2026-10-01,Øresund,észak,Teherhajó,275513000,5.2,82.0,13.0
2026-10-01,Øresund,észak,Teherhajó,275515000,5.3,82.0,12.0
2026-10-01,Øresund,dél,Teherhajó,304050000,6.5,89.0,12.0
2026-10-01,Øresund,észak,Teherhajó,304145000,6.1,90.0,14.0
2026-10-01,Øresund,észak,Teherhajó,304469000,5.8,88.0,13.0
2026-10-01,Øresund,észak,Teherhajó,304829000,6.5,190.0,29.0
2026-10-01,Øresund,dél,Teherhajó,305373000,3.4,107.0,15.0
2026-10-01,Øresund,észak,Teherhajó,305412000,6.1,129.0,20.0
2026-10-01,Øresund,dél,Teherhajó,308654000,6.8,148.0,25.0
2026-10-01,Øresund,dél,Teherhajó,309586000,7.2,148.0,25.0
2026-10-01,Øresund,észak,Teherhajó,309586000,7.2,148.0,25.0
2026-10-01,Øresund,észak,Teherhajó,311000613,5.3,127.0,17.0
2026-10-01,Øresund,dél,Tanker,311001726,7.4,189.0,32.0
2026-10-01,Øresund,dél,Teherhajó,311001794,5.8,88.0,13.0
2026-10-01,Øresund,észak,Teherhajó,311001897,5.3,139.0,21.0
2026-10-01,Øresund,észak,Teherhajó,311001903,5.2,88.0,13.0
2026-10-01,Øresund,dél,Teherhajó,311002134,7.2,225.0,32.0
2026-10-01,Øresund,dél,Tanker,314102000,6.9,237.0,42.0
2026-10-01,Øresund,dél,Teherhajó,351639000,8.9,172.0,28.0
2026-10-01,Øresund,észak,Teherhajó,351639000,8.9,172.0,28.0
2026-10-01,Øresund,észak,Teherhajó,355444000,4.7,100.0,21.0
2026-10-01,Øresund,dél,Tanker,374940000,7.2,183.0,33.0
2026-10-01,Øresund,dél,Teherhajó,414045000,6.4,189.0,32.0
2026-10-01,Øresund,dél,Teherhajó,477856900,7.1,229.0,32.0
2026-10-01,Øresund,észak,Tanker,563340300,6.7,180.0,29.0
2026-10-01,Øresund,dél,Teherhajó,636014802,6.4,190.0,32.0
2026-10-01,Øresund,dél,Teherhajó,636017109,7.5,225.0,32.0
2026-10-01,Øresund,dél,Teherhajó,636024625,6.4,180.0,30.0
2026-10-01,Øresund,dél,Teherhajó,636024760,6.9,200.0,32.0
2026-10-01,Øresund,észak,Teherhajó,636093203,7.2,190.0,29.0
2026-10-02,Nagy-Balti-öv,észak,Teherhajó,209535000,3.9,90.0,13.0
2026-10-02,Nagy-Balti-öv,észak,Teherhajó,212357000,10.1,184.0,25.0
2026-10-02,Nagy-Balti-öv,észak,Tanker,218085000,7.4,188.0,32.0
2026-10-02,Nagy-Balti-öv,dél,Tanker,219775000,9.0,147.0,22.0
2026-10-02,Nagy-Balti-öv,észak,Teherhajó,229941000,8.1,152.0,22.0
2026-10-02,Nagy-Balti-öv,észak,Teherhajó,230617000,6.1,218.0,27.0
2026-10-02,Nagy-Balti-öv,dél,Teherhajó,230617000,6.1,218.0,27.0
2026-10-02,Nagy-Balti-öv,dél,Tanker,236342000,5.9,88.0,13.0
2026-10-02,Nagy-Balti-öv,dél,Tanker,241869000,13.3,250.0,44.0
2026-10-02,Nagy-Balti-öv,észak,Tanker,241875000,9.0,250.0,44.0
2026-10-02,Nagy-Balti-öv,dél,Tanker,241988000,11.3,295.0,47.0
2026-10-02,Nagy-Balti-öv,észak,Teherhajó,246521000,8.4,205.0,26.0
2026-10-02,Nagy-Balti-öv,dél,Tanker,249097000,13.3,250.0,44.0
2026-10-02,Nagy-Balti-öv,dél,Teherhajó,255915668,3.1,90.0,13.0
2026-10-02,Nagy-Balti-öv,dél,Teherhajó,255916285,5.7,89.0,12.0
2026-10-02,Nagy-Balti-öv,észak,Teherhajó,255924000,5.6,85.0,13.0
2026-10-02,Nagy-Balti-öv,észak,Tanker,256903000,14.4,250.0,44.0
2026-10-02,Nagy-Balti-öv,dél,Teherhajó,265052000,5.6,153.0,21.0
2026-10-02,Nagy-Balti-öv,észak,Tanker,265610040,4.2,80.0,14.0
2026-10-02,Nagy-Balti-öv,észak,Tanker,273279660,14.6,,
2026-10-02,Nagy-Balti-öv,dél,Tanker,273335920,4.0,150.0,18.0
2026-10-02,Nagy-Balti-öv,dél,Teherhajó,273389870,5.8,127.0,20.0
2026-10-02,Nagy-Balti-öv,dél,Tanker,311000277,10.7,229.0,42.0
2026-10-02,Nagy-Balti-öv,észak,Tanker,311000340,9.7,276.0,46.0
2026-10-02,Nagy-Balti-öv,észak,Teherhajó,311000791,7.6,152.0,23.0
2026-10-02,Nagy-Balti-öv,dél,Teherhajó,311001762,5.2,88.0,14.0
2026-10-02,Nagy-Balti-öv,észak,Teherhajó,311002127,8.3,132.0,21.0
2026-10-02,Nagy-Balti-öv,észak,Tanker,314001078,11.3,185.0,32.0
2026-10-02,Nagy-Balti-öv,észak,Teherhajó,314214000,10.2,179.0,28.0
2026-10-02,Nagy-Balti-öv,észak,Teherhajó,319114200,10.4,180.0,30.0
2026-10-02,Nagy-Balti-öv,dél,Teherhajó,352005977,4.7,118.0,18.0
2026-10-02,Nagy-Balti-öv,észak,Teherhajó,353321000,11.6,183.0,32.0
2026-10-02,Nagy-Balti-öv,dél,Teherhajó,354195000,9.3,181.0,28.0
2026-10-02,Nagy-Balti-öv,észak,Teherhajó,373923000,10.8,180.0,28.0
2026-10-02,Nagy-Balti-öv,dél,Tanker,461000240,9.1,275.0,48.0
2026-10-02,Nagy-Balti-öv,észak,Tanker,477134300,11.3,181.0,32.0
2026-10-02,Nagy-Balti-öv,észak,Teherhajó,477238600,14.7,225.0,32.0
2026-10-02,Nagy-Balti-öv,észak,Teherhajó,538004891,12.3,190.0,32.0
2026-10-02,Nagy-Balti-öv,észak,Teherhajó,538006472,10.8,200.0,23.0
2026-10-02,Nagy-Balti-öv,észak,Teherhajó,538007258,11.7,200.0,32.0
2026-10-02,Nagy-Balti-öv,észak,Teherhajó,538010700,13.3,190.0,32.0
2026-10-02,Nagy-Balti-öv,dél,Tanker,538011942,13.4,250.0,44.0
2026-10-02,Nagy-Balti-öv,dél,Teherhajó,538090695,12.9,189.0,32.0
2026-10-02,Nagy-Balti-öv,dél,Teherhajó,548768000,7.1,179.0,30.0
2026-10-02,Nagy-Balti-öv,dél,Teherhajó,577756000,7.9,194.0,32.0
2026-10-02,Nagy-Balti-öv,dél,Teherhajó,636017102,11.8,300.0,48.0
2026-10-02,Nagy-Balti-öv,észak,Teherhajó,636021980,14.2,229.0,38.0
2026-10-02,Nagy-Balti-öv,észak,Teherhajó,636022272,8.1,136.0,22.0
2026-10-02,Nagy-Balti-öv,észak,Teherhajó,636093159,10.9,222.0,30.0
2026-10-02,Øresund,észak,Teherhajó,210547000,4.0,99.0,14.0
2026-10-02,Øresund,észak,Teherhajó,212453000,5.5,98.0,16.0
2026-10-02,Øresund,észak,Tanker,215064000,5.2,88.0,15.0
2026-10-02,Øresund,észak,Tanker,219029880,6.5,147.0,22.0
2026-10-02,Øresund,dél,Tanker,220514000,5.6,106.0,16.0
2026-10-02,Øresund,észak,Teherhajó,230042000,5.6,134.0,20.0
2026-10-02,Øresund,dél,Teherhajó,230717000,5.8,119.0,17.0
2026-10-02,Øresund,észak,Teherhajó,235500000,5.5,193.0,26.0
2026-10-02,Øresund,dél,Teherhajó,244710117,4.4,108.0,18.0
2026-10-02,Øresund,dél,Teherhajó,244770997,3.9,130.0,16.0
2026-10-02,Øresund,dél,Teherhajó,245864000,4.8,133.0,16.0
2026-10-02,Øresund,észak,Teherhajó,246188000,3.8,112.0,15.0
2026-10-02,Øresund,észak,Teherhajó,246278000,6.8,121.0,21.0
2026-10-02,Øresund,dél,Teherhajó,246554000,7.2,205.0,26.0
2026-10-02,Øresund,dél,Tanker,248886000,4.1,88.0,14.0
2026-10-02,Øresund,dél,Tanker,255802940,6.0,88.0,15.0
2026-10-02,Øresund,észak,Teherhajó,255805980,5.5,88.0,12.0
2026-10-02,Øresund,észak,Teherhajó,255806352,7.6,141.0,22.0
2026-10-02,Øresund,észak,Teherhajó,255909640,4.5,88.0,14.0
2026-10-02,Øresund,észak,Teherhajó,255916493,5.6,89.0,13.0
2026-10-02,Øresund,észak,Teherhajó,258059000,6.7,87.0,15.0
2026-10-02,Øresund,dél,Teherhajó,259182000,6.8,90.0,16.0
2026-10-02,Øresund,dél,Tanker,259928000,6.7,183.0,32.0
2026-10-02,Øresund,észak,Tanker,265071000,5.7,130.0,22.0
2026-10-02,Øresund,dél,Tanker,265797830,3.2,46.0,9.0
2026-10-02,Øresund,dél,Tanker,266203000,4.4,70.0,14.0
2026-10-02,Øresund,észak,Tanker,266266000,5.3,130.0,20.0
2026-10-02,Øresund,észak,Tanker,266457000,6.5,150.0,23.0
2026-10-02,Øresund,dél,Tanker,273322210,3.4,140.0,17.0
2026-10-02,Øresund,dél,Tanker,273339480,3.5,140.0,17.0
2026-10-02,Øresund,dél,Teherhajó,275510000,4.3,89.0,13.0
2026-10-02,Øresund,észak,Teherhajó,275511000,5.3,90.0,13.0
2026-10-02,Øresund,észak,Teherhajó,304028000,3.9,82.0,12.0
2026-10-02,Øresund,észak,Teherhajó,304491000,6.0,90.0,14.0
2026-10-02,Øresund,dél,Teherhajó,305773000,6.7,140.0,22.0
2026-10-02,Øresund,észak,Teherhajó,308803000,6.7,148.0,25.0
2026-10-02,Øresund,észak,Teherhajó,311000776,7.2,150.0,23.0
2026-10-02,Øresund,dél,Teherhajó,311002235,5.6,130.0,23.0
2026-10-02,Øresund,dél,Teherhajó,312414000,6.0,175.0,30.0
2026-10-02,Øresund,észak,Teherhajó,314020000,4.7,83.0,11.0
2026-10-02,Øresund,dél,Teherhajó,314180000,3.5,100.0,13.0
2026-10-02,Øresund,dél,Teherhajó,314628000,6.0,89.0,16.0
2026-10-02,Øresund,dél,Teherhajó,352246000,6.7,229.0,32.0
2026-10-02,Øresund,dél,Tanker,511101642,4.9,99.0,18.0
2026-10-02,Øresund,dél,Tanker,538005799,6.1,100.0,17.0
2026-10-02,Øresund,dél,Teherhajó,538006052,7.3,229.0,32.0
2026-10-02,Øresund,észak,Tanker,620999607,5.8,77.0,14.0
2026-10-02,Øresund,dél,Teherhajó,636022810,5.3,170.0,27.0
2026-10-02,Øresund,dél,Teherhajó,636093200,6.4,180.0,30.0
2026-10-02,Øresund,dél,Tanker,667001237,7.0,240.0,42.0
2026-10-03,Nagy-Balti-öv,észak,Teherhajó,209114000,3.4,89.0,12.0
2026-10-03,Nagy-Balti-öv,észak,Teherhajó,209882000,8.2,149.0,22.0
2026-10-03,Nagy-Balti-öv,észak,Tanker,211333700,3.2,68.0,12.0
2026-10-03,Nagy-Balti-öv,észak,Teherhajó,212821000,5.3,85.0,13.0
2026-10-03,Nagy-Balti-öv,észak,Tanker,220018000,5.0,78.0,13.0
2026-10-03,Nagy-Balti-öv,dél,Teherhajó,229630000,7.2,142.0,20.0
2026-10-03,Nagy-Balti-öv,észak,Tanker,236342000,4.2,88.0,13.0
2026-10-03,Nagy-Balti-öv,észak,Tanker,245689000,4.8,115.0,15.0
2026-10-03,Nagy-Balti-öv,észak,Tanker,246272000,8.0,115.0,17.0
2026-10-03,Nagy-Balti-öv,dél,Tanker,246878000,7.1,155.0,22.0
2026-10-03,Nagy-Balti-öv,észak,Tanker,248024000,9.0,250.0,44.0
2026-10-03,Nagy-Balti-öv,dél,Tanker,249015000,14.7,250.0,44.0
2026-10-03,Nagy-Balti-öv,dél,Teherhajó,249934000,4.0,88.0,13.0
2026-10-03,Nagy-Balti-öv,dél,Teherhajó,255806339,11.4,366.0,51.0
2026-10-03,Nagy-Balti-öv,dél,Teherhajó,255806352,7.6,141.0,22.0
2026-10-03,Nagy-Balti-öv,dél,Teherhajó,255806513,8.4,168.0,25.0
2026-10-03,Nagy-Balti-öv,észak,Teherhajó,256743000,14.6,229.0,38.0
2026-10-03,Nagy-Balti-öv,észak,Teherhajó,258014000,10.9,204.0,32.0
2026-10-03,Nagy-Balti-öv,dél,Teherhajó,258114000,6.5,90.0,16.0
2026-10-03,Nagy-Balti-öv,dél,Teherhajó,258809000,6.4,90.0,14.0
2026-10-03,Nagy-Balti-öv,észak,Teherhajó,258809000,6.4,90.0,14.0
2026-10-03,Nagy-Balti-öv,észak,Tanker,259127000,7.9,225.0,36.0
2026-10-03,Nagy-Balti-öv,dél,Tanker,266266000,8.0,130.0,20.0
2026-10-03,Nagy-Balti-öv,észak,Teherhajó,268264001,11.1,190.0,30.0
2026-10-03,Nagy-Balti-öv,észak,Tanker,273125430,14.6,249.0,44.0
2026-10-03,Nagy-Balti-öv,dél,Tanker,273127630,8.5,243.0,42.0
2026-10-03,Nagy-Balti-öv,dél,Tanker,275541000,5.4,92.0,16.0
2026-10-03,Nagy-Balti-öv,észak,Teherhajó,304031000,4.8,90.0,12.0
2026-10-03,Nagy-Balti-öv,észak,Teherhajó,305540000,9.2,172.0,29.0
2026-10-03,Nagy-Balti-öv,észak,Teherhajó,311018000,10.1,190.0,28.0
2026-10-03,Nagy-Balti-öv,dél,Tanker,311027700,12.3,249.0,44.0
2026-10-03,Nagy-Balti-öv,dél,Teherhajó,311062400,9.4,164.0,24.0
2026-10-03,Nagy-Balti-öv,észak,Teherhajó,312000097,12.8,190.0,32.0
2026-10-03,Nagy-Balti-öv,dél,Teherhajó,314001039,6.4,190.0,32.0
2026-10-03,Nagy-Balti-öv,észak,Teherhajó,352001472,11.7,186.0,30.0
2026-10-03,Nagy-Balti-öv,észak,Tanker,352002351,15.0,277.0,46.0
2026-10-03,Nagy-Balti-öv,észak,Teherhajó,352005075,9.8,164.0,28.0
2026-10-03,Nagy-Balti-öv,észak,Tanker,352005437,15.0,229.0,42.0
2026-10-03,Nagy-Balti-öv,dél,Teherhajó,352212000,14.3,229.0,32.0
2026-10-03,Nagy-Balti-öv,észak,Tanker,354290000,14.7,247.0,42.0
2026-10-03,Nagy-Balti-öv,dél,Teherhajó,354711000,9.8,196.0,33.0
2026-10-03,Nagy-Balti-öv,észak,Teherhajó,422000124,10.2,211.0,30.0
2026-10-03,Nagy-Balti-öv,észak,Tanker,461000238,14.3,250.0,44.0
2026-10-03,Nagy-Balti-öv,észak,Teherhajó,538005431,14.5,225.0,32.0
2026-10-03,Nagy-Balti-öv,dél,Tanker,538005645,11.2,250.0,44.0
2026-10-03,Nagy-Balti-öv,dél,Tanker,538006611,8.3,146.0,25.0
2026-10-03,Nagy-Balti-öv,észak,Teherhajó,538006959,13.8,199.0,33.0
2026-10-03,Nagy-Balti-öv,dél,Teherhajó,538007572,10.6,177.0,28.0
2026-10-03,Nagy-Balti-öv,dél,Teherhajó,538010307,9.2,193.0,28.0
2026-10-03,Nagy-Balti-öv,dél,Tanker,538010578,10.9,183.0,32.0
2026-10-03,Nagy-Balti-öv,észak,Tanker,538012016,15.0,244.0,42.0
2026-10-03,Nagy-Balti-öv,észak,Teherhajó,563331700,12.1,199.0,32.0
2026-10-03,Nagy-Balti-öv,észak,Tanker,572572220,9.6,146.0,24.0
2026-10-03,Nagy-Balti-öv,észak,Teherhajó,572728220,7.5,133.0,19.0
2026-10-03,Nagy-Balti-öv,észak,Teherhajó,636015208,10.7,180.0,29.0
2026-10-03,Nagy-Balti-öv,észak,Teherhajó,636016374,8.9,148.0,23.0
2026-10-03,Nagy-Balti-öv,észak,Teherhajó,636017958,10.9,196.0,30.0
2026-10-03,Nagy-Balti-öv,dél,Teherhajó,636018326,8.7,216.0,27.0
2026-10-03,Nagy-Balti-öv,észak,Teherhajó,636021584,12.9,199.0,32.0
2026-10-03,Nagy-Balti-öv,dél,Tanker,667002259,8.5,274.0,48.0
2026-10-03,Nagy-Balti-öv,észak,Tanker,667002334,15.0,241.0,42.0
2026-10-03,Nagy-Balti-öv,dél,Teherhajó,667002573,9.6,160.0,24.0
2026-10-03,Øresund,dél,Teherhajó,209072000,5.2,104.0,14.0
2026-10-03,Øresund,dél,Teherhajó,209731000,3.7,88.0,12.0
2026-10-03,Øresund,dél,Teherhajó,210100000,3.5,89.0,13.0
2026-10-03,Øresund,észak,Tanker,210144000,11.6,186.0,32.0
2026-10-03,Øresund,dél,Teherhajó,210641000,6.5,98.0,16.0
2026-10-03,Øresund,dél,Teherhajó,218805000,5.5,90.0,15.0
2026-10-03,Øresund,észak,Tanker,219814000,8.6,147.0,22.0
2026-10-03,Øresund,dél,Teherhajó,231815000,4.3,105.0,14.0
2026-10-03,Øresund,dél,Teherhajó,232054955,5.3,90.0,15.0
2026-10-03,Øresund,dél,Teherhajó,244321000,3.7,89.0,14.0
2026-10-03,Øresund,dél,Teherhajó,245215000,4.6,87.0,12.0
2026-10-03,Øresund,észak,Teherhajó,246629000,7.5,122.0,16.0
2026-10-03,Øresund,észak,Tanker,248891000,6.9,106.0,17.0
2026-10-03,Øresund,észak,Tanker,249362000,5.5,100.0,18.0
2026-10-03,Øresund,dél,Tanker,249362000,5.5,100.0,18.0
2026-10-03,Øresund,észak,Tanker,249362000,5.5,100.0,18.0
2026-10-03,Øresund,dél,Tanker,249960000,6.0,109.0,17.0
2026-10-03,Øresund,dél,Teherhajó,250013821,4.0,103.0,15.0
2026-10-03,Øresund,észak,Teherhajó,255805577,7.4,140.0,23.0
2026-10-03,Øresund,észak,Teherhajó,255806291,6.5,115.0,17.0
2026-10-03,Øresund,dél,Teherhajó,257076220,5.9,89.0,13.0
2026-10-03,Øresund,dél,Teherhajó,257494010,6.9,199.0,32.0
2026-10-03,Øresund,észak,Tanker,265797830,2.7,46.0,9.0
2026-10-03,Øresund,észak,Tanker,266203000,3.8,70.0,14.0
2026-10-03,Øresund,dél,Teherhajó,268246900,3.4,88.0,12.0
2026-10-03,Øresund,dél,Teherhajó,268268601,5.0,139.0,25.0
2026-10-03,Øresund,dél,Teherhajó,273339100,3.2,105.0,16.0
2026-10-03,Øresund,dél,Teherhajó,273613220,6.6,180.0,30.0
2026-10-03,Øresund,dél,Teherhajó,275513000,3.5,82.0,13.0
2026-10-03,Øresund,észak,Teherhajó,304111000,3.9,83.0,12.0
2026-10-03,Øresund,észak,Teherhajó,304217000,5.2,107.0,16.0
2026-10-03,Øresund,dél,Teherhajó,304408000,6.1,100.0,15.0
2026-10-03,Øresund,dél,Teherhajó,304482000,2.7,85.0,13.0
2026-10-03,Øresund,észak,Teherhajó,311001783,4.3,82.0,11.0
2026-10-03,Øresund,dél,Tanker,352005520,7.5,244.0,42.0
2026-10-03,Øresund,dél,Tanker,354686000,5.9,146.0,24.0
2026-10-03,Øresund,dél,Teherhajó,372002000,6.8,140.0,22.0
2026-10-03,Øresund,dél,Teherhajó,440354000,6.8,190.0,32.0
2026-10-03,Øresund,dél,Teherhajó,477244100,6.5,190.0,32.0
2026-10-03,Øresund,dél,Teherhajó,538004748,6.7,190.0,32.0
2026-10-03,Øresund,dél,Teherhajó,538011294,7.1,190.0,32.0
2026-10-03,Øresund,dél,Teherhajó,538011305,7.2,199.0,32.0
2026-10-03,Øresund,dél,Teherhajó,636093396,7.2,229.0,32.0
2026-10-03,Øresund,dél,Tanker,667001954,7.5,274.0,48.0
2026-10-04,Nagy-Balti-öv,észak,Teherhajó,211141000,8.6,134.0,23.0
2026-10-04,Nagy-Balti-öv,dél,Tanker,211333700,3.7,68.0,12.0
2026-10-04,Nagy-Balti-öv,dél,Tanker,219029880,9.1,147.0,22.0
2026-10-04,Nagy-Balti-öv,észak,Teherhajó,219115000,11.9,200.0,36.0
2026-10-04,Nagy-Balti-öv,dél,Tanker,220516000,5.2,106.0,16.0
2026-10-04,Nagy-Balti-öv,észak,Tanker,228432600,9.6,299.0,46.0
2026-10-04,Nagy-Balti-öv,észak,Teherhajó,230642000,6.0,187.0,27.0
2026-10-04,Nagy-Balti-öv,dél,Teherhajó,236729000,7.2,116.0,16.0
2026-10-04,Nagy-Balti-öv,észak,Tanker,248292000,14.2,250.0,44.0
2026-10-04,Nagy-Balti-öv,dél,Teherhajó,249030000,8.9,205.0,30.0
2026-10-04,Nagy-Balti-öv,észak,Teherhajó,255806257,10.9,179.0,28.0
2026-10-04,Nagy-Balti-öv,dél,Teherhajó,255806258,9.6,178.0,27.0
2026-10-04,Nagy-Balti-öv,észak,Teherhajó,255916313,7.7,148.0,27.0
2026-10-04,Nagy-Balti-öv,dél,Teherhajó,258656000,6.2,94.0,15.0
2026-10-04,Nagy-Balti-öv,dél,Tanker,258751000,7.5,144.0,23.0
2026-10-04,Nagy-Balti-öv,dél,Teherhajó,265022000,7.0,242.0,36.0
2026-10-04,Nagy-Balti-öv,dél,Tanker,265071000,8.0,130.0,22.0
2026-10-04,Nagy-Balti-öv,dél,Tanker,265073000,9.1,147.0,22.0
2026-10-04,Nagy-Balti-öv,észak,Teherhajó,268238201,9.8,169.0,27.0
2026-10-04,Nagy-Balti-öv,dél,Teherhajó,271051337,5.2,140.0,17.0
2026-10-04,Nagy-Balti-öv,észak,Tanker,273121430,14.3,248.0,43.0
2026-10-04,Nagy-Balti-öv,dél,Tanker,273121630,8.7,250.0,44.0
2026-10-04,Nagy-Balti-öv,észak,Tanker,273123530,15.0,245.0,42.0
2026-10-04,Nagy-Balti-öv,dél,Tanker,311000766,13.3,228.0,42.0
2026-10-04,Nagy-Balti-öv,észak,Teherhajó,341810000,5.1,80.0,12.0
2026-10-04,Nagy-Balti-öv,észak,Teherhajó,357321000,11.7,190.0,31.0
2026-10-04,Nagy-Balti-öv,észak,Teherhajó,372154000,13.0,229.0,32.0
2026-10-04,Nagy-Balti-öv,dél,Tanker,461000253,8.0,243.0,42.0
2026-10-04,Nagy-Balti-öv,észak,Teherhajó,477890700,13.6,399.0,61.0
2026-10-04,Nagy-Balti-öv,észak,Teherhajó,511100788,10.3,185.0,31.0
2026-10-04,Nagy-Balti-öv,dél,Teherhajó,538006335,11.7,229.0,32.0
2026-10-04,Nagy-Balti-öv,dél,Teherhajó,538007251,13.1,200.0,32.0
2026-10-04,Nagy-Balti-öv,észak,Teherhajó,538009362,10.0,186.0,28.0
2026-10-04,Nagy-Balti-öv,észak,Teherhajó,538009709,10.4,182.0,30.0
2026-10-04,Nagy-Balti-öv,észak,Teherhajó,538012435,13.0,200.0,32.0
2026-10-04,Nagy-Balti-öv,észak,Teherhajó,538090700,13.4,200.0,32.0
2026-10-04,Nagy-Balti-öv,dél,Tanker,563045300,14.8,250.0,44.0
2026-10-04,Nagy-Balti-öv,dél,Tanker,563186400,11.4,184.0,27.0
2026-10-04,Nagy-Balti-öv,dél,Teherhajó,563234800,12.8,200.0,32.0
2026-10-04,Nagy-Balti-öv,észak,Teherhajó,636017582,11.8,202.0,33.0
2026-10-04,Nagy-Balti-öv,észak,Teherhajó,636018491,10.8,179.0,27.0
2026-10-04,Nagy-Balti-öv,észak,Teherhajó,636018563,9.9,261.0,32.0
2026-10-04,Nagy-Balti-öv,dél,Teherhajó,636022079,5.7,140.0,20.0
2026-10-04,Nagy-Balti-öv,észak,Tanker,636025412,15.0,250.0,44.0
2026-10-04,Nagy-Balti-öv,észak,Teherhajó,636025826,9.7,180.0,30.0
2026-10-04,Nagy-Balti-öv,észak,Teherhajó,636025853,9.9,180.0,31.0
2026-10-04,Nagy-Balti-öv,észak,Tanker,667002310,11.9,189.0,32.0
2026-10-04,Nagy-Balti-öv,dél,Tanker,667002360,9.0,244.0,42.0
2026-10-04,Øresund,dél,Tanker,209217000,7.6,104.0,17.0
2026-10-04,Øresund,dél,Teherhajó,209535000,6.0,90.0,13.0
2026-10-04,Øresund,észak,Teherhajó,209977000,4.8,90.0,16.0
2026-10-04,Øresund,dél,Teherhajó,210545000,4.4,90.0,16.0
2026-10-04,Øresund,dél,Teherhajó,210704000,4.3,90.0,13.0
2026-10-04,Øresund,dél,Teherhajó,211141000,8.6,134.0,23.0
2026-10-04,Øresund,észak,Teherhajó,211302790,4.5,87.0,15.0
2026-10-04,Øresund,dél,Teherhajó,215662000,7.0,190.0,32.0
2026-10-04,Øresund,dél,Teherhajó,230696000,6.8,122.0,21.0
2026-10-04,Øresund,észak,Teherhajó,230697000,7.0,238.0,35.0
2026-10-04,Øresund,dél,Teherhajó,230700000,6.5,238.0,35.0
2026-10-04,Øresund,észak,Teherhajó,244002000,5.5,95.0,13.0
2026-10-04,Øresund,dél,Teherhajó,244140468,4.9,110.0,14.0
2026-10-04,Øresund,dél,Teherhajó,245097000,7.6,205.0,26.0
2026-10-04,Øresund,észak,Teherhajó,245806000,6.4,155.0,18.0
2026-10-04,Øresund,dél,Tanker,246541000,6.7,116.0,15.0
2026-10-04,Øresund,dél,Teherhajó,250013654,5.3,87.0,15.0
2026-10-04,Øresund,dél,Teherhajó,255727000,6.7,180.0,32.0
2026-10-04,Øresund,dél,Teherhajó,255805360,6.9,179.0,30.0
2026-10-04,Øresund,dél,Teherhajó,255805672,7.0,230.0,32.0
2026-10-04,Øresund,észak,Teherhajó,255806478,6.5,98.0,15.0
2026-10-04,Øresund,dél,Teherhajó,255909640,3.9,88.0,14.0
2026-10-04,Øresund,dél,Tanker,255916542,9.1,150.0,23.0
2026-10-04,Øresund,észak,Teherhajó,257782000,3.8,116.0,16.0
2026-10-04,Øresund,dél,Teherhajó,257988000,7.2,119.0,17.0
2026-10-04,Øresund,dél,Teherhajó,258006930,5.1,101.0,17.0
2026-10-04,Øresund,dél,Teherhajó,258209000,6.4,156.0,22.0
2026-10-04,Øresund,észak,Tanker,258751000,7.5,144.0,23.0
2026-10-04,Øresund,észak,Tanker,265002000,4.1,78.0,11.0
2026-10-04,Øresund,észak,Tanker,266473000,4.8,87.0,13.0
2026-10-04,Øresund,dél,Teherhajó,268251601,2.5,79.0,10.0
2026-10-04,Øresund,észak,Teherhajó,304099000,6.8,105.0,16.0
2026-10-04,Øresund,dél,Teherhajó,304217000,3.4,107.0,16.0
2026-10-04,Øresund,észak,Teherhajó,304220000,5.2,107.0,16.0
2026-10-04,Øresund,észak,Teherhajó,305073300,6.0,97.0,16.0
2026-10-04,Øresund,észak,Teherhajó,305224000,5.9,89.0,14.0
2026-10-04,Øresund,dél,Teherhajó,305662000,3.8,90.0,14.0
2026-10-04,Øresund,észak,Teherhajó,305662000,3.8,90.0,14.0
2026-10-04,Øresund,dél,Teherhajó,305821000,4.0,95.0,14.0
2026-10-04,Øresund,észak,Teherhajó,314605000,3.9,100.0,12.0
2026-10-04,Øresund,észak,Tanker,314807000,7.0,120.0,20.0
2026-10-04,Øresund,dél,Teherhajó,371555000,6.2,186.0,31.0
2026-10-04,Øresund,dél,Teherhajó,538005605,7.4,225.0,32.0
2026-10-04,Øresund,észak,Teherhajó,538011197,7.2,229.0,32.0
2026-10-04,Øresund,dél,Tanker,538011353,7.4,228.0,32.0
2026-10-04,Øresund,dél,Tanker,538012898,7.1,182.0,28.0
2026-10-04,Øresund,dél,Tanker,563101700,4.6,99.0,17.0
2026-10-04,Øresund,dél,Tanker,620999607,3.8,77.0,14.0
2026-10-04,Øresund,dél,Teherhajó,636022047,9.2,161.0,25.0
2026-10-04,Øresund,dél,Teherhajó,636022189,4.0,92.0,13.0
2026-10-05,Nagy-Balti-öv,dél,Teherhajó,209114000,2.6,89.0,12.0
2026-10-05,Nagy-Balti-öv,észak,Teherhajó,209184000,10.1,186.0,27.0
2026-10-05,Nagy-Balti-öv,észak,Teherhajó,211870240,8.3,159.0,22.0
2026-10-05,Nagy-Balti-öv,észak,Teherhajó,212537000,8.9,141.0,21.0
2026-10-05,Nagy-Balti-öv,észak,Teherhajó,219002392,2.7,81.0,11.0
2026-10-05,Nagy-Balti-öv,észak,Teherhajó,229281000,10.6,190.0,28.0
2026-10-05,Nagy-Balti-öv,észak,Teherhajó,229622000,14.1,365.0,49.0
2026-10-05,Nagy-Balti-öv,észak,Teherhajó,230091950,4.5,83.0,13.0
2026-10-05,Nagy-Balti-öv,észak,Teherhajó,236729000,4.3,116.0,16.0
2026-10-05,Nagy-Balti-öv,észak,Tanker,241988000,9.6,295.0,47.0
2026-10-05,Nagy-Balti-öv,észak,Teherhajó,246440000,4.6,88.0,13.0
2026-10-05,Nagy-Balti-öv,dél,Tanker,248483000,4.8,109.0,17.0
2026-10-05,Nagy-Balti-öv,dél,Tanker,249948000,14.7,250.0,44.0
2026-10-05,Nagy-Balti-öv,észak,Teherhajó,255915902,13.2,190.0,32.0
2026-10-05,Nagy-Balti-öv,észak,Teherhajó,255915924,12.3,197.0,32.0
2026-10-05,Nagy-Balti-öv,dél,Teherhajó,255916028,7.6,120.0,16.0
2026-10-05,Nagy-Balti-öv,észak,Teherhajó,256883000,10.0,205.0,30.0
2026-10-05,Nagy-Balti-öv,dél,Teherhajó,257064430,6.4,90.0,14.0
2026-10-05,Nagy-Balti-öv,észak,Teherhajó,257064430,6.4,90.0,14.0
2026-10-05,Nagy-Balti-öv,dél,Teherhajó,257207000,6.6,90.0,14.0
2026-10-05,Nagy-Balti-öv,észak,Teherhajó,257207000,6.6,90.0,14.0
2026-10-05,Nagy-Balti-öv,dél,Teherhajó,259143000,6.3,119.0,16.0
2026-10-05,Nagy-Balti-öv,észak,Teherhajó,265039000,7.4,242.0,36.0
2026-10-05,Nagy-Balti-öv,észak,Tanker,266464000,7.4,120.0,19.0
2026-10-05,Nagy-Balti-öv,dél,Tanker,266473000,6.5,87.0,13.0
2026-10-05,Nagy-Balti-öv,dél,Tanker,273128630,9.0,275.0,48.0
2026-10-05,Nagy-Balti-öv,észak,Tanker,273335010,9.0,257.0,34.0
2026-10-05,Nagy-Balti-öv,dél,Teherhajó,304031000,2.8,90.0,12.0
2026-10-05,Nagy-Balti-öv,dél,Teherhajó,305415000,5.4,106.0,15.0
2026-10-05,Nagy-Balti-öv,észak,Teherhajó,311002071,14.6,225.0,32.0
2026-10-05,Nagy-Balti-öv,dél,Tanker,311046300,12.9,253.0,42.0
2026-10-05,Nagy-Balti-öv,észak,Teherhajó,314299000,9.9,175.0,29.0
2026-10-05,Nagy-Balti-öv,észak,Teherhajó,341299002,4.9,92.0,14.0
2026-10-05,Nagy-Balti-öv,dél,Teherhajó,341648002,8.7,157.0,26.0
2026-10-05,Nagy-Balti-öv,észak,Teherhajó,352006227,10.8,199.0,32.0
2026-10-05,Nagy-Balti-öv,dél,Tanker,353576000,10.5,183.0,32.0
2026-10-05,Nagy-Balti-öv,észak,Teherhajó,374637000,12.4,200.0,32.0
2026-10-05,Nagy-Balti-öv,észak,Tanker,405000237,11.0,185.0,28.0
2026-10-05,Nagy-Balti-öv,észak,Tanker,461000232,14.9,273.0,48.0
2026-10-05,Nagy-Balti-öv,dél,Teherhajó,477019400,9.7,190.0,29.0
2026-10-05,Nagy-Balti-öv,dél,Teherhajó,477035800,14.0,400.0,59.0
2026-10-05,Nagy-Balti-öv,dél,Teherhajó,477909800,11.0,264.0,32.0
2026-10-05,Nagy-Balti-öv,észak,Teherhajó,511102041,8.8,128.0,21.0
2026-10-05,Nagy-Balti-öv,észak,Teherhajó,538008213,10.9,180.0,30.0
2026-10-05,Nagy-Balti-öv,észak,Teherhajó,538010053,10.7,180.0,30.0
2026-10-05,Nagy-Balti-öv,észak,Tanker,563069300,8.5,250.0,44.0
2026-10-05,Nagy-Balti-öv,észak,Tanker,563074600,9.0,250.0,44.0
2026-10-05,Nagy-Balti-öv,észak,Tanker,620800240,14.8,274.0,48.0
2026-10-05,Nagy-Balti-öv,dél,Teherhajó,636014740,10.9,222.0,30.0
2026-10-05,Nagy-Balti-öv,észak,Teherhajó,636016692,10.1,169.0,28.0
2026-10-05,Nagy-Balti-öv,dél,Teherhajó,636018322,11.3,217.0,27.0
2026-10-05,Nagy-Balti-öv,észak,Teherhajó,636021786,7.3,200.0,32.0
2026-10-05,Nagy-Balti-öv,észak,Teherhajó,636023917,14.6,229.0,32.0
2026-10-05,Nagy-Balti-öv,észak,Teherhajó,636025693,14.3,235.0,38.0
2026-10-05,Øresund,dél,Teherhajó,209239000,3.8,87.0,13.0
2026-10-05,Øresund,észak,Teherhajó,209525000,4.1,90.0,13.0
2026-10-05,Øresund,dél,Teherhajó,209671000,3.4,89.0,13.0
2026-10-05,Øresund,észak,Teherhajó,209732000,6.0,88.0,12.0
2026-10-05,Øresund,dél,Teherhajó,209977000,3.8,90.0,16.0
2026-10-05,Øresund,észak,Teherhajó,210100000,5.4,89.0,13.0
2026-10-05,Øresund,észak,Teherhajó,210771000,7.0,229.0,32.0
2026-10-05,Øresund,dél,Teherhajó,210889000,4.2,88.0,13.0
2026-10-05,Øresund,észak,Teherhajó,211845000,7.5,155.0,22.0
2026-10-05,Øresund,dél,Tanker,215064000,6.1,88.0,15.0
2026-10-05,Øresund,dél,Teherhajó,215672000,6.8,190.0,32.0
2026-10-05,Øresund,észak,Tanker,219775000,6.5,147.0,22.0
2026-10-05,Øresund,dél,Tanker,220018000,4.0,78.0,13.0
2026-10-05,Øresund,dél,Teherhajó,231766000,5.8,95.0,16.0
2026-10-05,Øresund,észak,Teherhajó,232032735,5.9,106.0,15.0
2026-10-05,Øresund,dél,Teherhajó,236306000,3.9,90.0,14.0
2026-10-05,Øresund,dél,Tanker,236668000,6.0,90.0,14.0
2026-10-05,Øresund,dél,Teherhajó,244463000,5.1,90.0,15.0
2026-10-05,Øresund,dél,Teherhajó,245057000,4.9,89.0,14.0
2026-10-05,Øresund,dél,Tanker,245313000,5.0,115.0,16.0
2026-10-05,Øresund,dél,Tanker,249223000,7.1,100.0,18.0
2026-10-05,Øresund,észak,Tanker,255802940,5.1,88.0,15.0
2026-10-05,Øresund,észak,Teherhajó,255805881,5.8,98.0,16.0
2026-10-05,Øresund,dél,Teherhajó,255915966,6.1,181.0,30.0
2026-10-05,Øresund,dél,Teherhajó,255916312,7.7,148.0,27.0
2026-10-05,Øresund,észak,Tanker,255916542,9.3,150.0,23.0
2026-10-05,Øresund,észak,Tanker,257643000,7.2,104.0,16.0
2026-10-05,Øresund,észak,Teherhajó,261000205,5.9,90.0,14.0
2026-10-05,Øresund,dél,Tanker,265610040,5.3,80.0,14.0
2026-10-05,Øresund,dél,Teherhajó,273335510,4.6,139.0,16.0
2026-10-05,Øresund,dél,Tanker,273355270,4.2,141.0,17.0
2026-10-05,Øresund,dél,Teherhajó,273450990,6.3,120.0,15.0
2026-10-05,Øresund,dél,Teherhajó,275545000,5.0,100.0,16.0
2026-10-05,Øresund,dél,Teherhajó,304087000,5.2,88.0,12.0
2026-10-05,Øresund,dél,Teherhajó,304220000,3.4,107.0,16.0
2026-10-05,Øresund,dél,Teherhajó,305175000,6.5,119.0,14.0
2026-10-05,Øresund,dél,Teherhajó,305581000,5.4,81.0,12.0
2026-10-05,Øresund,dél,Teherhajó,305665000,6.2,100.0,14.0
2026-10-05,Øresund,dél,Teherhajó,305804000,6.1,90.0,14.0
2026-10-05,Øresund,dél,Teherhajó,311995000,7.5,148.0,25.0
2026-10-05,Øresund,észak,Teherhajó,314789000,7.2,152.0,23.0
2026-10-05,Øresund,észak,Teherhajó,341432002,5.8,89.0,14.0
2026-10-05,Øresund,dél,Teherhajó,352001801,6.8,225.0,32.0
2026-10-05,Øresund,dél,Teherhajó,354595000,7.2,229.0,32.0
2026-10-05,Øresund,dél,Teherhajó,538002565,6.9,229.0,32.0
2026-10-05,Øresund,dél,Teherhajó,538005169,6.7,180.0,30.0
2026-10-05,Øresund,dél,Teherhajó,538009103,7.0,190.0,32.0
2026-10-05,Øresund,dél,Teherhajó,563309900,6.3,180.0,30.0
2026-10-05,Øresund,dél,Teherhajó,636020544,6.5,199.0,32.0
2026-10-05,Øresund,dél,Teherhajó,636021603,5.5,138.0,25.0
2026-10-05,Øresund,észak,Teherhajó,636022047,8.4,161.0,25.0
2026-10-05,Øresund,dél,Teherhajó,636022433,7.0,200.0,32.0
2026-10-05,Øresund,dél,Teherhajó,636023944,7.5,172.0,28.0
2026-10-05,Øresund,észak,Teherhajó,667002634,4.4,87.0,13.0
2026-10-06,Nagy-Balti-öv,észak,Teherhajó,209114000,4.6,89.0,12.0
2026-10-06,Nagy-Balti-öv,észak,Teherhajó,210704000,6.2,90.0,13.0
2026-10-06,Nagy-Balti-öv,észak,Tanker,219332000,7.8,207.0,32.0
2026-10-06,Nagy-Balti-öv,dél,Teherhajó,230642000,5.7,187.0,27.0
2026-10-06,Nagy-Balti-öv,dél,Tanker,230689000,9.6,155.0,24.0
2026-10-06,Nagy-Balti-öv,dél,Teherhajó,246440000,4.0,88.0,13.0
2026-10-06,Nagy-Balti-öv,észak,Teherhajó,246572000,10.0,143.0,22.0
2026-10-06,Nagy-Balti-öv,dél,Teherhajó,255769000,6.8,107.0,15.0
2026-10-06,Nagy-Balti-öv,észak,Teherhajó,255916028,4.7,120.0,16.0
2026-10-06,Nagy-Balti-öv,dél,Teherhajó,255916493,5.3,89.0,13.0
2026-10-06,Nagy-Balti-öv,észak,Tanker,255916541,9.3,150.0,23.0
2026-10-06,Nagy-Balti-öv,dél,Tanker,255916542,9.3,150.0,23.0
2026-10-06,Nagy-Balti-öv,észak,Teherhajó,256882000,10.3,205.0,30.0
2026-10-06,Nagy-Balti-öv,észak,Teherhajó,257035870,6.1,90.0,14.0
2026-10-06,Nagy-Balti-öv,dél,Teherhajó,257350220,5.7,100.0,16.0
2026-10-06,Nagy-Balti-öv,észak,Teherhajó,258114000,6.5,90.0,16.0
2026-10-06,Nagy-Balti-öv,dél,Tanker,266220000,8.0,130.0,20.0
2026-10-06,Nagy-Balti-öv,észak,Tanker,271002685,4.9,100.0,16.0
2026-10-06,Nagy-Balti-öv,dél,Teherhajó,271051490,9.9,139.0,24.0
2026-10-06,Nagy-Balti-öv,dél,Tanker,273272260,8.5,250.0,44.0
2026-10-06,Nagy-Balti-öv,dél,Teherhajó,311000557,8.2,200.0,24.0
2026-10-06,Nagy-Balti-öv,dél,Teherhajó,311000977,7.8,145.0,22.0
2026-10-06,Nagy-Balti-öv,észak,Tanker,311001724,11.8,183.0,32.0
2026-10-06,Nagy-Balti-öv,dél,Teherhajó,314377000,4.6,90.0,15.0
2026-10-06,Nagy-Balti-öv,észak,Tanker,314898000,15.0,244.0,42.0
2026-10-06,Nagy-Balti-öv,észak,Teherhajó,352002665,12.8,190.0,32.0
2026-10-06,Nagy-Balti-öv,észak,Teherhajó,352003701,14.6,229.0,37.0
2026-10-06,Nagy-Balti-öv,észak,Teherhajó,352005977,8.0,118.0,18.0
2026-10-06,Nagy-Balti-öv,észak,Teherhajó,352359000,12.7,200.0,32.0
2026-10-06,Nagy-Balti-öv,észak,Teherhajó,356083000,6.0,111.0,16.0
2026-10-06,Nagy-Balti-öv,észak,Teherhajó,356479000,11.9,190.0,32.0
2026-10-06,Nagy-Balti-öv,észak,Teherhajó,413494710,7.5,190.0,28.0
2026-10-06,Nagy-Balti-öv,észak,Tanker,538005645,9.2,250.0,44.0
2026-10-06,Nagy-Balti-öv,észak,Teherhajó,538007629,12.4,190.0,32.0
2026-10-06,Nagy-Balti-öv,észak,Tanker,538008626,11.4,183.0,32.0
2026-10-06,Nagy-Balti-öv,észak,Teherhajó,538011137,11.1,180.0,30.0
2026-10-06,Nagy-Balti-öv,észak,Tanker,538011311,15.0,274.0,50.0
2026-10-06,Nagy-Balti-öv,észak,Tanker,538011942,8.5,250.0,44.0
2026-10-06,Nagy-Balti-öv,észak,Tanker,538012984,14.8,244.0,42.0
2026-10-06,Nagy-Balti-öv,észak,Tanker,563271600,10.2,183.0,32.0
2026-10-06,Nagy-Balti-öv,dél,Teherhajó,567556000,11.7,189.0,32.0
2026-10-06,Nagy-Balti-öv,észak,Teherhajó,636014802,6.4,190.0,32.0
2026-10-06,Nagy-Balti-öv,dél,Tanker,636015946,7.3,154.0,26.0
2026-10-06,Nagy-Balti-öv,dél,Tanker,636017774,8.7,274.0,48.0
2026-10-06,Nagy-Balti-öv,észak,Teherhajó,636018288,14.5,229.0,32.0
2026-10-06,Nagy-Balti-öv,dél,Tanker,636021172,12.0,230.0,37.0
2026-10-06,Nagy-Balti-öv,észak,Tanker,636021310,9.0,250.0,44.0
2026-10-06,Nagy-Balti-öv,észak,Teherhajó,636021971,10.4,177.0,28.0
2026-10-06,Nagy-Balti-öv,dél,Tanker,636023108,10.0,174.0,28.0
2026-10-06,Nagy-Balti-öv,dél,Teherhajó,636026119,9.8,183.0,31.0
2026-10-06,Nagy-Balti-öv,észak,Teherhajó,636093289,10.9,180.0,32.0
2026-10-06,Nagy-Balti-öv,észak,Tanker,667002372,15.0,238.0,42.0
2026-10-06,Øresund,észak,Teherhajó,209535000,4.0,90.0,13.0
2026-10-06,Øresund,észak,Teherhajó,209977000,4.6,90.0,16.0
2026-10-06,Øresund,dél,Teherhajó,210547000,6.0,99.0,14.0
2026-10-06,Øresund,észak,Teherhajó,211141000,8.7,134.0,23.0
2026-10-06,Øresund,észak,Teherhajó,212882000,4.9,100.0,20.0
2026-10-06,Øresund,dél,Teherhajó,212979000,4.0,90.0,15.0
2026-10-06,Øresund,észak,Teherhajó,218805000,3.3,90.0,15.0
2026-10-06,Øresund,észak,Teherhajó,219207000,3.1,66.0,10.0
2026-10-06,Øresund,dél,Teherhajó,229246000,6.0,95.0,13.0
2026-10-06,Øresund,dél,Teherhajó,229760000,7.0,180.0,30.0
2026-10-06,Øresund,dél,Teherhajó,230985000,6.0,141.0,22.0
2026-10-06,Øresund,észak,Teherhajó,231843000,5.3,89.0,14.0
2026-10-06,Øresund,dél,Teherhajó,232033027,5.8,106.0,15.0
2026-10-06,Øresund,dél,Teherhajó,244597000,7.2,135.0,21.0
2026-10-06,Øresund,dél,Teherhajó,245050000,3.9,88.0,12.0
2026-10-06,Øresund,észak,Teherhajó,245170000,7.4,134.0,17.0
2026-10-06,Øresund,észak,Tanker,246541000,5.1,116.0,15.0
2026-10-06,Øresund,dél,Teherhajó,250005693,4.6,120.0,15.0
2026-10-06,Øresund,észak,Tanker,255804460,6.1,100.0,18.0
2026-10-06,Øresund,dél,Teherhajó,255806478,4.8,98.0,15.0
2026-10-06,Øresund,észak,Teherhajó,255916312,7.2,148.0,27.0
2026-10-06,Øresund,észak,Teherhajó,257076850,5.3,82.0,12.0
2026-10-06,Øresund,dél,Teherhajó,257673000,5.8,103.0,16.0
2026-10-06,Øresund,észak,Teherhajó,257988000,4.7,119.0,17.0
2026-10-06,Øresund,észak,Teherhajó,258209000,5.2,156.0,22.0
2026-10-06,Øresund,dél,Teherhajó,258407000,4.6,63.0,11.0
2026-10-06,Øresund,dél,Teherhajó,259538000,5.7,129.0,18.0
2026-10-06,Øresund,észak,Tanker,265073000,7.0,147.0,22.0
2026-10-06,Øresund,dél,Tanker,266212000,4.2,80.0,14.0
2026-10-06,Øresund,dél,Teherhajó,275511000,3.8,90.0,13.0
2026-10-06,Øresund,dél,Teherhajó,275546000,4.2,90.0,13.0
2026-10-06,Øresund,dél,Teherhajó,304108000,3.8,90.0,14.0
2026-10-06,Øresund,dél,Teherhajó,304717000,4.8,88.0,12.0
2026-10-06,Øresund,dél,Teherhajó,305168000,5.8,130.0,16.0
2026-10-06,Øresund,észak,Teherhajó,305773000,7.0,140.0,22.0
2026-10-06,Øresund,dél,Teherhajó,305994000,7.2,139.0,22.0
2026-10-06,Øresund,észak,Teherhajó,305994000,7.2,139.0,22.0
2026-10-06,Øresund,észak,Teherhajó,308924000,4.1,82.0,11.0
2026-10-06,Øresund,dél,Teherhajó,311002258,7.1,229.0,32.0
2026-10-06,Øresund,dél,Teherhajó,311002259,7.5,229.0,32.0
2026-10-06,Øresund,dél,Teherhajó,311818000,2.6,82.0,11.0
2026-10-06,Øresund,észak,Teherhajó,314259000,4.5,83.0,11.0
2026-10-06,Øresund,dél,Teherhajó,341810000,3.2,80.0,12.0
2026-10-06,Øresund,észak,Teherhajó,351053000,5.9,88.0,13.0
2026-10-06,Øresund,dél,Tanker,352004884,7.1,180.0,28.0
2026-10-06,Øresund,dél,Tanker,352006339,5.7,100.0,18.0
2026-10-06,Øresund,dél,Teherhajó,538002510,7.1,225.0,33.0
2026-10-06,Øresund,észak,Tanker,538011272,5.0,100.0,17.0
2026-10-06,Øresund,észak,Tanker,563101700,4.9,99.0,17.0
2026-10-06,Øresund,dél,Teherhajó,577253000,6.2,90.0,14.0
2026-10-06,Øresund,dél,Tanker,631010130,6.8,249.0,44.0
2026-10-06,Øresund,dél,Tanker,636014088,7.1,183.0,32.0
2026-10-06,Øresund,észak,Teherhajó,636023944,7.5,172.0,28.0
2026-10-06,Øresund,dél,Tanker,636024467,9.0,150.0,23.0
2026-10-07,Nagy-Balti-öv,dél,Teherhajó,209732000,4.2,88.0,12.0
2026-10-07,Nagy-Balti-öv,észak,Teherhajó,209974000,5.7,90.0,15.0
2026-10-07,Nagy-Balti-öv,észak,Teherhajó,209982000,1.9,80.0,12.0
2026-10-07,Nagy-Balti-öv,dél,Teherhajó,211141000,8.7,134.0,23.0
2026-10-07,Nagy-Balti-öv,észak,Teherhajó,215673000,10.1,190.0,32.0
2026-10-07,Nagy-Balti-öv,észak,Teherhajó,218058660,4.6,90.0,12.0
2026-10-07,Nagy-Balti-öv,dél,Teherhajó,219001284,2.1,31.0,7.0
2026-10-07,Nagy-Balti-öv,dél,Tanker,219409000,11.8,183.0,32.0
2026-10-07,Nagy-Balti-öv,dél,Tanker,219775000,9.0,147.0,22.0
2026-10-07,Nagy-Balti-öv,dél,Tanker,219814000,8.4,147.0,22.0
2026-10-07,Nagy-Balti-öv,dél,Tanker,230690000,9.5,156.0,24.0
2026-10-07,Nagy-Balti-öv,észak,Tanker,246878000,6.0,155.0,22.0
2026-10-07,Nagy-Balti-öv,észak,Tanker,248716000,14.3,250.0,44.0
2026-10-07,Nagy-Balti-öv,észak,Tanker,249015000,8.5,250.0,44.0
2026-10-07,Nagy-Balti-öv,dél,Teherhajó,255916313,8.0,148.0,27.0
2026-10-07,Nagy-Balti-öv,észak,Teherhajó,255916314,7.4,148.0,27.0
2026-10-07,Nagy-Balti-öv,dél,Teherhajó,257141000,3.6,88.0,13.0
2026-10-07,Nagy-Balti-öv,észak,Teherhajó,257141000,3.6,88.0,13.0
2026-10-07,Nagy-Balti-öv,dél,Teherhajó,258009780,5.5,88.0,12.0
2026-10-07,Nagy-Balti-öv,észak,Teherhajó,258656000,5.3,94.0,15.0
2026-10-07,Nagy-Balti-öv,dél,Teherhajó,258763000,6.1,94.0,15.0
2026-10-07,Nagy-Balti-öv,dél,Teherhajó,258809000,6.3,90.0,14.0
2026-10-07,Nagy-Balti-öv,dél,Tanker,266273000,9.4,156.0,24.0
2026-10-07,Nagy-Balti-öv,észak,Tanker,266436000,5.5,100.0,18.0
2026-10-07,Nagy-Balti-öv,dél,Tanker,311000820,14.5,237.0,44.0
2026-10-07,Nagy-Balti-öv,észak,Tanker,311046300,8.7,253.0,42.0
2026-10-07,Nagy-Balti-öv,észak,Teherhajó,314377000,6.0,90.0,15.0
2026-10-07,Nagy-Balti-öv,észak,Tanker,314849000,12.3,228.0,32.0
2026-10-07,Nagy-Balti-öv,észak,Teherhajó,341753002,8.3,149.0,23.0
2026-10-07,Nagy-Balti-öv,észak,Teherhajó,352003658,14.3,229.0,38.0
2026-10-07,Nagy-Balti-öv,észak,Teherhajó,354537000,10.8,237.0,32.0
2026-10-07,Nagy-Balti-öv,dél,Teherhajó,354540000,10.5,237.0,32.0
2026-10-07,Nagy-Balti-öv,dél,Teherhajó,367185000,9.5,199.0,32.0
2026-10-07,Nagy-Balti-öv,észak,Teherhajó,538006603,11.5,190.0,32.0
2026-10-07,Nagy-Balti-öv,észak,Teherhajó,538013125,11.0,180.0,30.0
2026-10-07,Nagy-Balti-öv,dél,Teherhajó,563184400,8.3,215.0,37.0
2026-10-07,Nagy-Balti-öv,észak,Teherhajó,563314500,8.0,197.0,32.0
2026-10-07,Nagy-Balti-öv,dél,Teherhajó,563323500,9.8,158.0,25.0
2026-10-07,Nagy-Balti-öv,dél,Teherhajó,564306000,13.0,249.0,37.0
2026-10-07,Nagy-Balti-öv,dél,Tanker,574005080,9.5,147.0,24.0
2026-10-07,Nagy-Balti-öv,észak,Teherhajó,630001194,10.3,198.0,28.0
2026-10-07,Nagy-Balti-öv,észak,Tanker,636015946,6.3,154.0,26.0
2026-10-07,Nagy-Balti-öv,észak,Teherhajó,636016826,10.1,170.0,28.0
2026-10-07,Nagy-Balti-öv,észak,Teherhajó,636017102,12.8,300.0,48.0
2026-10-07,Nagy-Balti-öv,észak,Teherhajó,636021041,8.7,136.0,25.0
2026-10-07,Nagy-Balti-öv,dél,Teherhajó,636024910,9.4,180.0,30.0
2026-10-07,Nagy-Balti-öv,észak,Tanker,636025354,10.5,180.0,32.0
2026-10-07,Nagy-Balti-öv,észak,Teherhajó,636093369,10.8,180.0,32.0
2026-10-07,Nagy-Balti-öv,észak,Tanker,667001949,14.8,249.0,44.0
2026-10-07,Nagy-Balti-öv,észak,Tanker,667002511,14.7,274.0,48.0
2026-10-07,Øresund,észak,Teherhajó,209903000,6.4,113.0,15.0
2026-10-07,Øresund,dél,Teherhajó,209938000,3.0,82.0,11.0
2026-10-07,Øresund,dél,Teherhajó,209977000,3.7,90.0,16.0
2026-10-07,Øresund,észak,Teherhajó,210552000,5.2,88.0,13.0
2026-10-07,Øresund,dél,Teherhajó,212821000,3.5,85.0,13.0
2026-10-07,Øresund,észak,Teherhajó,218858000,5.0,89.0,12.0
2026-10-07,Øresund,észak,Tanker,220514000,5.6,106.0,16.0
2026-10-07,Øresund,észak,Teherhajó,228027900,7.3,160.0,28.0
2026-10-07,Øresund,dél,Tanker,229084000,7.0,182.0,32.0
2026-10-07,Øresund,észak,Teherhajó,230085710,2.6,65.0,10.0
2026-10-07,Øresund,észak,Teherhajó,230085750,2.7,65.0,10.0
2026-10-07,Øresund,dél,Teherhajó,230352000,6.0,120.0,18.0
2026-10-07,Øresund,dél,Teherhajó,231836000,9.6,179.0,31.0
2026-10-07,Øresund,észak,Teherhajó,231873000,7.2,100.0,14.0
2026-10-07,Øresund,észak,Teherhajó,244170690,4.2,87.0,15.0
2026-10-07,Øresund,észak,Teherhajó,244662000,4.3,90.0,14.0
2026-10-07,Øresund,dél,Tanker,244870429,6.2,115.0,20.0
2026-10-07,Øresund,dél,Teherhajó,245399000,3.7,98.0,13.0
2026-10-07,Øresund,dél,Teherhajó,246063000,6.1,90.0,15.0
2026-10-07,Øresund,észak,Teherhajó,255804490,5.6,89.0,12.0
2026-10-07,Øresund,dél,Teherhajó,255806291,4.2,115.0,17.0
2026-10-07,Øresund,dél,Teherhajó,255806433,3.9,130.0,25.0
2026-10-07,Øresund,dél,Tanker,255900000,11.0,160.0,25.0
2026-10-07,Øresund,dél,Teherhajó,255916312,8.2,148.0,27.0
2026-10-07,Øresund,észak,Teherhajó,255916312,8.2,148.0,27.0
2026-10-07,Øresund,dél,Tanker,255916541,9.3,150.0,23.0
2026-10-07,Øresund,észak,Teherhajó,255916575,6.6,90.0,16.0
2026-10-07,Øresund,dél,Teherhajó,257076850,3.7,82.0,12.0
2026-10-07,Øresund,észak,Tanker,257374000,6.5,140.0,22.0
2026-10-07,Øresund,észak,Teherhajó,257755000,6.1,90.0,14.0
2026-10-07,Øresund,dél,Teherhajó,265411000,6.3,161.0,24.0
2026-10-07,Øresund,észak,Tanker,266466000,8.2,129.0,20.0
2026-10-07,Øresund,észak,Teherhajó,268251601,3.4,79.0,10.0
2026-10-07,Øresund,dél,Teherhajó,277586000,7.5,148.0,25.0
2026-10-07,Øresund,észak,Teherhajó,304134000,6.4,115.0,14.0
2026-10-07,Øresund,dél,Teherhajó,304199000,6.2,115.0,15.0
2026-10-07,Øresund,észak,Teherhajó,304323000,3.2,88.0,13.0
2026-10-07,Øresund,észak,Teherhajó,305167000,3.7,107.0,14.0
2026-10-07,Øresund,észak,Teherhajó,305342000,5.2,116.0,16.0
2026-10-07,Øresund,észak,Teherhajó,305466000,4.9,90.0,15.0
2026-10-07,Øresund,dél,Teherhajó,305919000,3.8,89.0,12.0
2026-10-07,Øresund,észak,Teherhajó,314630000,4.0,90.0,15.0
2026-10-07,Øresund,dél,Teherhajó,351381000,3.5,88.0,13.0
2026-10-07,Øresund,észak,Teherhajó,372002000,6.3,140.0,22.0
2026-10-07,Øresund,dél,Teherhajó,538012774,6.9,190.0,28.0
2026-10-07,Øresund,dél,Teherhajó,636021117,7.0,234.0,43.0
2026-10-07,Øresund,dél,Tanker,636026409,7.1,256.0,43.0
